ISO-10303-21;
HEADER;
/* Generated by software containing ST-Developer
 * from STEP Tools, Inc. (www.steptools.com) 
 */

FILE_DESCRIPTION(
/* description */ ('KiCad electronic assembly'),
/* implementation_level */ '2;1');

FILE_NAME(
/* name */ 'Container.step',
/* time_stamp */ '2026-10-04T11:01:38-07:00',
/* author */ (''),
/* organization */ (''),
/* preprocessor_version */ 'ST-DEVELOPER v20.2',
/* originating_system */ 'Autodesk Translation Framework v15.15.0.0',
/* authorisation */ '');

FILE_SCHEMA (('AUTOMOTIVE_DESIGN { 1 0 10303 214 3 1 1 }'));
ENDSEC;

DATA;
#10=MECHANICAL_DESIGN_GEOMETRIC_PRESENTATION_REPRESENTATION('',(#13),#7915);
#11=SHAPE_REPRESENTATION_RELATIONSHIP('SRR','None',#7921,#12);
#12=ADVANCED_BREP_SHAPE_REPRESENTATION('',(#14),#7914);
#13=STYLED_ITEM('',(#7931),#14);
#14=MANIFOLD_SOLID_BREP('Body4',#4269);
#15=TOROIDAL_SURFACE('',#4317,8.,2.);
#16=TOROIDAL_SURFACE('',#4323,8.,2.);
#17=TOROIDAL_SURFACE('',#4550,7.5,2.5);
#18=TOROIDAL_SURFACE('',#4555,7.5,2.5);
#19=TOROIDAL_SURFACE('',#4578,7.5,2.5);
#20=TOROIDAL_SURFACE('',#4582,7.5,2.5);
#21=B_SPLINE_SURFACE_WITH_KNOTS('',1,3,((#5737,#5738,#5739,#5740,#5741),
(#5742,#5743,#5744,#5745,#5746)),.UNSPECIFIED.,.F.,.F.,.F.,(2,2),(4,1,4),
(-0.5001267357994,0.),(-4.21185074082819,-3.75311686033477,-3.14147168634355),
 .UNSPECIFIED.);
#22=B_SPLINE_SURFACE_WITH_KNOTS('',1,3,((#5757,#5758,#5759,#5760,#5761),
(#5762,#5763,#5764,#5765,#5766)),.UNSPECIFIED.,.F.,.F.,.F.,(2,2),(4,1,4),
(-0.505187967797623,0.),(-3.1478115620936,-2.68445003984208,-2.06663467684006),
 .UNSPECIFIED.);
#23=B_SPLINE_SURFACE_WITH_KNOTS('',1,3,((#5775,#5776,#5777,#5778,#5779,
#5780),(#5781,#5782,#5783,#5784,#5785,#5786)),.UNSPECIFIED.,.F.,.F.,.F.,
(2,2),(4,1,1,4),(-0.500500148207471,0.),(-1.57079574382586,-0.89759756790049,
-0.448798783950245,4.44089209850063E-16),.UNSPECIFIED.);
#24=B_SPLINE_SURFACE_WITH_KNOTS('',1,3,((#5790,#5791,#5792,#5793,#5794,
#5795),(#5796,#5797,#5798,#5799,#5800,#5801)),.UNSPECIFIED.,.F.,.F.,.F.,
(2,2),(4,1,1,4),(-0.499999726079855,0.),(-3.14159265358979,-2.69305596706884,
-2.24451928054788,-1.57171425076644),.UNSPECIFIED.);
#25=B_SPLINE_SURFACE_WITH_KNOTS('',1,3,((#6003,#6004,#6005,#6006,#6007),
(#6008,#6009,#6010,#6011,#6012)),.UNSPECIFIED.,.F.,.F.,.F.,(2,2),(4,1,4),
(-0.5001267357994,0.),(-4.21185074082819,-3.75311686033477,-3.14147168634355),
 .UNSPECIFIED.);
#26=B_SPLINE_SURFACE_WITH_KNOTS('',1,3,((#6023,#6024,#6025,#6026,#6027),
(#6028,#6029,#6030,#6031,#6032)),.UNSPECIFIED.,.F.,.F.,.F.,(2,2),(4,1,4),
(-0.505187967797623,0.),(-3.1478115620936,-2.68445003984208,-2.06663467684006),
 .UNSPECIFIED.);
#27=B_SPLINE_SURFACE_WITH_KNOTS('',1,3,((#6041,#6042,#6043,#6044,#6045,
#6046),(#6047,#6048,#6049,#6050,#6051,#6052)),.UNSPECIFIED.,.F.,.F.,.F.,
(2,2),(4,1,1,4),(-0.500500148207471,0.),(-1.57079574382586,-0.89759756790049,
-0.448798783950245,4.44089209850063E-16),.UNSPECIFIED.);
#28=B_SPLINE_SURFACE_WITH_KNOTS('',1,3,((#6056,#6057,#6058,#6059,#6060,
#6061),(#6062,#6063,#6064,#6065,#6066,#6067)),.UNSPECIFIED.,.F.,.F.,.F.,
(2,2),(4,1,1,4),(-0.499999726079855,0.),(-3.14159265358979,-2.69305596706884,
-2.24451928054788,-1.57171425076644),.UNSPECIFIED.);
#29=B_SPLINE_SURFACE_WITH_KNOTS('',1,3,((#6219,#6220,#6221,#6222,#6223),
(#6224,#6225,#6226,#6227,#6228)),.UNSPECIFIED.,.F.,.F.,.F.,(2,2),(4,1,4),
(-0.5001267357994,0.),(-4.21185074082819,-3.75311686033477,-3.14147168634355),
 .UNSPECIFIED.);
#30=B_SPLINE_SURFACE_WITH_KNOTS('',1,3,((#6239,#6240,#6241,#6242,#6243),
(#6244,#6245,#6246,#6247,#6248)),.UNSPECIFIED.,.F.,.F.,.F.,(2,2),(4,1,4),
(-0.505187967797623,0.),(-3.1478115620936,-2.68445003984208,-2.06663467684006),
 .UNSPECIFIED.);
#31=B_SPLINE_SURFACE_WITH_KNOTS('',1,3,((#6257,#6258,#6259,#6260,#6261,
#6262),(#6263,#6264,#6265,#6266,#6267,#6268)),.UNSPECIFIED.,.F.,.F.,.F.,
(2,2),(4,1,1,4),(-0.500500148207471,0.),(-1.57079574382586,-0.89759756790049,
-0.448798783950245,4.44089209850063E-16),.UNSPECIFIED.);
#32=B_SPLINE_SURFACE_WITH_KNOTS('',1,3,((#6272,#6273,#6274,#6275,#6276,
#6277),(#6278,#6279,#6280,#6281,#6282,#6283)),.UNSPECIFIED.,.F.,.F.,.F.,
(2,2),(4,1,1,4),(-0.499999726079855,0.),(-3.14159265358979,-2.69305596706884,
-2.24451928054788,-1.57171425076644),.UNSPECIFIED.);
#33=B_SPLINE_SURFACE_WITH_KNOTS('',1,3,((#6410,#6411,#6412,#6413,#6414),
(#6415,#6416,#6417,#6418,#6419)),.UNSPECIFIED.,.F.,.F.,.F.,(2,2),(4,1,4),
(-0.5001267357994,0.),(-4.21185074082819,-3.75311686033477,-3.14147168634355),
 .UNSPECIFIED.);
#34=B_SPLINE_SURFACE_WITH_KNOTS('',1,3,((#6430,#6431,#6432,#6433,#6434),
(#6435,#6436,#6437,#6438,#6439)),.UNSPECIFIED.,.F.,.F.,.F.,(2,2),(4,1,4),
(-0.505187967797623,0.),(-3.1478115620936,-2.68445003984208,-2.06663467684006),
 .UNSPECIFIED.);
#35=B_SPLINE_SURFACE_WITH_KNOTS('',1,3,((#6448,#6449,#6450,#6451,#6452,
#6453),(#6454,#6455,#6456,#6457,#6458,#6459)),.UNSPECIFIED.,.F.,.F.,.F.,
(2,2),(4,1,1,4),(-0.500500148207471,0.),(-1.57079574382586,-0.89759756790049,
-0.448798783950245,4.44089209850063E-16),.UNSPECIFIED.);
#36=B_SPLINE_SURFACE_WITH_KNOTS('',1,3,((#6463,#6464,#6465,#6466,#6467,
#6468),(#6469,#6470,#6471,#6472,#6473,#6474)),.UNSPECIFIED.,.F.,.F.,.F.,
(2,2),(4,1,1,4),(-0.499999726079855,0.),(-3.14159265358979,-2.69305596706884,
-2.24451928054788,-1.57171425076644),.UNSPECIFIED.);
#37=B_SPLINE_SURFACE_WITH_KNOTS('',1,3,((#6601,#6602,#6603,#6604,#6605),
(#6606,#6607,#6608,#6609,#6610)),.UNSPECIFIED.,.F.,.F.,.F.,(2,2),(4,1,4),
(-0.5001267357994,0.),(-4.21185074082819,-3.75311686033477,-3.14147168634355),
 .UNSPECIFIED.);
#38=B_SPLINE_SURFACE_WITH_KNOTS('',1,3,((#6621,#6622,#6623,#6624,#6625),
(#6626,#6627,#6628,#6629,#6630)),.UNSPECIFIED.,.F.,.F.,.F.,(2,2),(4,1,4),
(-0.505187967797623,0.),(-3.1478115620936,-2.68445003984208,-2.06663467684006),
 .UNSPECIFIED.);
#39=B_SPLINE_SURFACE_WITH_KNOTS('',1,3,((#6639,#6640,#6641,#6642,#6643,
#6644),(#6645,#6646,#6647,#6648,#6649,#6650)),.UNSPECIFIED.,.F.,.F.,.F.,
(2,2),(4,1,1,4),(-0.500500148207471,0.),(-1.57079574382586,-0.89759756790049,
-0.448798783950245,4.44089209850063E-16),.UNSPECIFIED.);
#40=B_SPLINE_SURFACE_WITH_KNOTS('',1,3,((#6654,#6655,#6656,#6657,#6658,
#6659),(#6660,#6661,#6662,#6663,#6664,#6665)),.UNSPECIFIED.,.F.,.F.,.F.,
(2,2),(4,1,1,4),(-0.499999726079855,0.),(-3.14159265358979,-2.69305596706884,
-2.24451928054788,-1.57171425076644),.UNSPECIFIED.);
#41=B_SPLINE_SURFACE_WITH_KNOTS('',1,3,((#6792,#6793,#6794,#6795,#6796),
(#6797,#6798,#6799,#6800,#6801)),.UNSPECIFIED.,.F.,.F.,.F.,(2,2),(4,1,4),
(-0.5001267357994,0.),(-4.21185074082819,-3.75311686033477,-3.14147168634355),
 .UNSPECIFIED.);
#42=B_SPLINE_SURFACE_WITH_KNOTS('',1,3,((#6812,#6813,#6814,#6815,#6816),
(#6817,#6818,#6819,#6820,#6821)),.UNSPECIFIED.,.F.,.F.,.F.,(2,2),(4,1,4),
(-0.505187967797623,0.),(-3.1478115620936,-2.68445003984208,-2.06663467684006),
 .UNSPECIFIED.);
#43=B_SPLINE_SURFACE_WITH_KNOTS('',1,3,((#6830,#6831,#6832,#6833,#6834,
#6835),(#6836,#6837,#6838,#6839,#6840,#6841)),.UNSPECIFIED.,.F.,.F.,.F.,
(2,2),(4,1,1,4),(-0.500500148207471,0.),(-1.57079574382586,-0.89759756790049,
-0.448798783950245,4.44089209850063E-16),.UNSPECIFIED.);
#44=B_SPLINE_SURFACE_WITH_KNOTS('',1,3,((#6845,#6846,#6847,#6848,#6849,
#6850),(#6851,#6852,#6853,#6854,#6855,#6856)),.UNSPECIFIED.,.F.,.F.,.F.,
(2,2),(4,1,1,4),(-0.499999726079855,0.),(-3.14159265358979,-2.69305596706884,
-2.24451928054788,-1.57171425076644),.UNSPECIFIED.);
#45=B_SPLINE_SURFACE_WITH_KNOTS('',1,3,((#6983,#6984,#6985,#6986,#6987),
(#6988,#6989,#6990,#6991,#6992)),.UNSPECIFIED.,.F.,.F.,.F.,(2,2),(4,1,4),
(-0.5001267357994,0.),(-4.21185074082819,-3.75311686033477,-3.14147168634355),
 .UNSPECIFIED.);
#46=B_SPLINE_SURFACE_WITH_KNOTS('',1,3,((#7003,#7004,#7005,#7006,#7007),
(#7008,#7009,#7010,#7011,#7012)),.UNSPECIFIED.,.F.,.F.,.F.,(2,2),(4,1,4),
(-0.505187967797623,0.),(-3.1478115620936,-2.68445003984208,-2.06663467684006),
 .UNSPECIFIED.);
#47=B_SPLINE_SURFACE_WITH_KNOTS('',1,3,((#7021,#7022,#7023,#7024,#7025,
#7026),(#7027,#7028,#7029,#7030,#7031,#7032)),.UNSPECIFIED.,.F.,.F.,.F.,
(2,2),(4,1,1,4),(-0.500500148207471,0.),(-1.57079574382586,-0.89759756790049,
-0.448798783950245,4.44089209850063E-16),.UNSPECIFIED.);
#48=B_SPLINE_SURFACE_WITH_KNOTS('',1,3,((#7036,#7037,#7038,#7039,#7040,
#7041),(#7042,#7043,#7044,#7045,#7046,#7047)),.UNSPECIFIED.,.F.,.F.,.F.,
(2,2),(4,1,1,4),(-0.499999726079855,0.),(-3.14159265358979,-2.69305596706884,
-2.24451928054788,-1.57171425076644),.UNSPECIFIED.);
#49=B_SPLINE_SURFACE_WITH_KNOTS('',1,3,((#7174,#7175,#7176,#7177,#7178),
(#7179,#7180,#7181,#7182,#7183)),.UNSPECIFIED.,.F.,.F.,.F.,(2,2),(4,1,4),
(-0.5001267357994,0.),(-4.21185074082819,-3.75311686033477,-3.14147168634355),
 .UNSPECIFIED.);
#50=B_SPLINE_SURFACE_WITH_KNOTS('',1,3,((#7194,#7195,#7196,#7197,#7198),
(#7199,#7200,#7201,#7202,#7203)),.UNSPECIFIED.,.F.,.F.,.F.,(2,2),(4,1,4),
(-0.505187967797623,0.),(-3.1478115620936,-2.68445003984208,-2.06663467684006),
 .UNSPECIFIED.);
#51=B_SPLINE_SURFACE_WITH_KNOTS('',1,3,((#7212,#7213,#7214,#7215,#7216,
#7217),(#7218,#7219,#7220,#7221,#7222,#7223)),.UNSPECIFIED.,.F.,.F.,.F.,
(2,2),(4,1,1,4),(-0.500500148207471,0.),(-1.57079574382586,-0.89759756790049,
-0.448798783950245,4.44089209850063E-16),.UNSPECIFIED.);
#52=B_SPLINE_SURFACE_WITH_KNOTS('',1,3,((#7227,#7228,#7229,#7230,#7231,
#7232),(#7233,#7234,#7235,#7236,#7237,#7238)),.UNSPECIFIED.,.F.,.F.,.F.,
(2,2),(4,1,1,4),(-0.499999726079855,0.),(-3.14159265358979,-2.69305596706884,
-2.24451928054788,-1.57171425076644),.UNSPECIFIED.);
#53=B_SPLINE_SURFACE_WITH_KNOTS('',1,3,((#7365,#7366,#7367,#7368,#7369),
(#7370,#7371,#7372,#7373,#7374)),.UNSPECIFIED.,.F.,.F.,.F.,(2,2),(4,1,4),
(-0.5001267357994,0.),(-4.21185074082819,-3.75311686033477,-3.14147168634355),
 .UNSPECIFIED.);
#54=B_SPLINE_SURFACE_WITH_KNOTS('',1,3,((#7385,#7386,#7387,#7388,#7389),
(#7390,#7391,#7392,#7393,#7394)),.UNSPECIFIED.,.F.,.F.,.F.,(2,2),(4,1,4),
(-0.505187967797623,0.),(-3.1478115620936,-2.68445003984208,-2.06663467684006),
 .UNSPECIFIED.);
#55=B_SPLINE_SURFACE_WITH_KNOTS('',1,3,((#7403,#7404,#7405,#7406,#7407,
#7408),(#7409,#7410,#7411,#7412,#7413,#7414)),.UNSPECIFIED.,.F.,.F.,.F.,
(2,2),(4,1,1,4),(-0.500500148207471,0.),(-1.57079574382586,-0.89759756790049,
-0.448798783950245,4.44089209850063E-16),.UNSPECIFIED.);
#56=B_SPLINE_SURFACE_WITH_KNOTS('',1,3,((#7418,#7419,#7420,#7421,#7422,
#7423),(#7424,#7425,#7426,#7427,#7428,#7429)),.UNSPECIFIED.,.F.,.F.,.F.,
(2,2),(4,1,1,4),(-0.499999726079855,0.),(-3.14159265358979,-2.69305596706884,
-2.24451928054788,-1.57171425076644),.UNSPECIFIED.);
#57=B_SPLINE_SURFACE_WITH_KNOTS('',1,3,((#7556,#7557,#7558,#7559,#7560),
(#7561,#7562,#7563,#7564,#7565)),.UNSPECIFIED.,.F.,.F.,.F.,(2,2),(4,1,4),
(-0.5001267357994,0.),(-4.21185074082819,-3.75311686033477,-3.14147168634355),
 .UNSPECIFIED.);
#58=B_SPLINE_SURFACE_WITH_KNOTS('',1,3,((#7576,#7577,#7578,#7579,#7580),
(#7581,#7582,#7583,#7584,#7585)),.UNSPECIFIED.,.F.,.F.,.F.,(2,2),(4,1,4),
(-0.505187967797623,0.),(-3.1478115620936,-2.68445003984208,-2.06663467684006),
 .UNSPECIFIED.);
#59=B_SPLINE_SURFACE_WITH_KNOTS('',1,3,((#7594,#7595,#7596,#7597,#7598,
#7599),(#7600,#7601,#7602,#7603,#7604,#7605)),.UNSPECIFIED.,.F.,.F.,.F.,
(2,2),(4,1,1,4),(-0.500500148207471,0.),(-1.57079574382586,-0.89759756790049,
-0.448798783950245,4.44089209850063E-16),.UNSPECIFIED.);
#60=B_SPLINE_SURFACE_WITH_KNOTS('',1,3,((#7609,#7610,#7611,#7612,#7613,
#7614),(#7615,#7616,#7617,#7618,#7619,#7620)),.UNSPECIFIED.,.F.,.F.,.F.,
(2,2),(4,1,1,4),(-0.499999726079855,0.),(-3.14159265358979,-2.69305596706884,
-2.24451928054788,-1.57171425076644),.UNSPECIFIED.);
#61=B_SPLINE_SURFACE_WITH_KNOTS('',1,3,((#7732,#7733,#7734,#7735,#7736),
(#7737,#7738,#7739,#7740,#7741)),.UNSPECIFIED.,.F.,.F.,.F.,(2,2),(4,1,4),
(-0.5001267357994,0.),(-4.21185074082819,-3.75311686033477,-3.14147168634355),
 .UNSPECIFIED.);
#62=B_SPLINE_SURFACE_WITH_KNOTS('',1,3,((#7752,#7753,#7754,#7755,#7756),
(#7757,#7758,#7759,#7760,#7761)),.UNSPECIFIED.,.F.,.F.,.F.,(2,2),(4,1,4),
(-0.505187967797623,0.),(-3.1478115620936,-2.68445003984208,-2.06663467684006),
 .UNSPECIFIED.);
#63=B_SPLINE_SURFACE_WITH_KNOTS('',1,3,((#7770,#7771,#7772,#7773,#7774,
#7775),(#7776,#7777,#7778,#7779,#7780,#7781)),.UNSPECIFIED.,.F.,.F.,.F.,
(2,2),(4,1,1,4),(-0.500500148207471,0.),(-1.57079574382586,-0.89759756790049,
-0.448798783950245,4.44089209850063E-16),.UNSPECIFIED.);
#64=B_SPLINE_SURFACE_WITH_KNOTS('',1,3,((#7785,#7786,#7787,#7788,#7789,
#7790),(#7791,#7792,#7793,#7794,#7795,#7796)),.UNSPECIFIED.,.F.,.F.,.F.,
(2,2),(4,1,1,4),(-0.499999726079855,0.),(-3.14159265358979,-2.69305596706884,
-2.24451928054788,-1.57171425076644),.UNSPECIFIED.);
#65=FACE_BOUND('',#593,.T.);
#66=FACE_BOUND('',#595,.T.);
#67=FACE_BOUND('',#610,.T.);
#68=FACE_BOUND('',#611,.T.);
#69=FACE_BOUND('',#612,.T.);
#70=FACE_BOUND('',#626,.T.);
#71=FACE_BOUND('',#628,.T.);
#72=FACE_BOUND('',#650,.T.);
#73=FACE_BOUND('',#652,.T.);
#74=FACE_BOUND('',#670,.T.);
#75=FACE_BOUND('',#672,.T.);
#76=FACE_BOUND('',#690,.T.);
#77=FACE_BOUND('',#692,.T.);
#78=FACE_BOUND('',#710,.T.);
#79=FACE_BOUND('',#712,.T.);
#80=FACE_BOUND('',#730,.T.);
#81=FACE_BOUND('',#732,.T.);
#82=FACE_BOUND('',#750,.T.);
#83=FACE_BOUND('',#752,.T.);
#84=FACE_BOUND('',#770,.T.);
#85=FACE_BOUND('',#772,.T.);
#86=FACE_BOUND('',#790,.T.);
#87=FACE_BOUND('',#792,.T.);
#88=FACE_BOUND('',#810,.T.);
#89=FACE_BOUND('',#812,.T.);
#90=FACE_BOUND('',#836,.T.);
#91=FACE_BOUND('',#845,.T.);
#92=B_SPLINE_CURVE_WITH_KNOTS('',3,(#5608,#5609,#5610,#5611,#5612,#5613),
 .UNSPECIFIED.,.F.,.F.,(4,1,1,4),(-3.14159265358979,-2.69305596706884,-2.24451928054788,
-1.57171425076644),.UNSPECIFIED.);
#93=B_SPLINE_CURVE_WITH_KNOTS('',3,(#5617,#5618,#5619,#5620,#5621,#5622),
 .UNSPECIFIED.,.F.,.F.,(4,1,1,4),(-1.57077517702798,-0.89759756790049,-0.448798783950245,
4.44089209850063E-16),.UNSPECIFIED.);
#94=B_SPLINE_CURVE_WITH_KNOTS('',3,(#5626,#5627,#5628,#5629,#5630),
 .UNSPECIFIED.,.F.,.F.,(4,1,4),(-3.1478115620936,-2.68445003984208,-2.06663467684006),
 .UNSPECIFIED.);
#95=B_SPLINE_CURVE_WITH_KNOTS('',3,(#5634,#5635,#5636,#5637,#5638),
 .UNSPECIFIED.,.F.,.F.,(4,1,4),(-4.21185074082819,-3.75311686033477,-3.14147168634355),
 .UNSPECIFIED.);
#96=B_SPLINE_CURVE_WITH_KNOTS('',3,(#5659,#5660,#5661,#5662,#5663,#5664),
 .UNSPECIFIED.,.F.,.F.,(4,1,1,4),(-3.14159265358979,-2.69305596706884,-2.24451928054788,
-1.57171425076644),.UNSPECIFIED.);
#97=B_SPLINE_CURVE_WITH_KNOTS('',3,(#5668,#5669,#5670,#5671,#5672),
 .UNSPECIFIED.,.F.,.F.,(4,1,4),(-4.21185074082819,-3.75311686033477,-3.14147168634355),
 .UNSPECIFIED.);
#98=B_SPLINE_CURVE_WITH_KNOTS('',3,(#5676,#5677,#5678,#5679,#5680),
 .UNSPECIFIED.,.F.,.F.,(4,1,4),(-3.1478115620936,-2.68445003984208,-2.06663467684006),
 .UNSPECIFIED.);
#99=B_SPLINE_CURVE_WITH_KNOTS('',3,(#5684,#5685,#5686,#5687,#5688,#5689),
 .UNSPECIFIED.,.F.,.F.,(4,1,1,4),(-1.57077517702798,-0.89759756790049,-0.448798783950245,
4.44089209850063E-16),.UNSPECIFIED.);
#100=B_SPLINE_CURVE_WITH_KNOTS('',3,(#5731,#5732,#5733,#5734,#5735,#5736),
 .UNSPECIFIED.,.F.,.F.,(4,2,4),(0.,0.263427725,0.52685545),
 .UNSPECIFIED.);
#101=B_SPLINE_CURVE_WITH_KNOTS('',3,(#5749,#5750,#5751,#5752,#5753,#5754,
#5755,#5756),.UNSPECIFIED.,.F.,.F.,(4,2,2,4),(-0.52685545,-0.269385003838684,
-0.00595727883868413,0.),.UNSPECIFIED.);
#102=B_SPLINE_CURVE_WITH_KNOTS('',3,(#5767,#5768,#5769,#5770,#5771,#5772),
 .UNSPECIFIED.,.F.,.F.,(4,2,4),(0.,0.263427725,0.52685545),
 .UNSPECIFIED.);
#103=B_SPLINE_CURVE_WITH_KNOTS('',3,(#5847,#5848,#5849,#5850,#5851,#5852,
#5853,#5854,#5855,#5856,#5857,#5858,#5859,#5860),.UNSPECIFIED.,.F.,.F.,
(4,2,2,2,2,2,4),(-0.828475178230383,-0.758147336306666,-0.674600866534848,
-0.550110328997715,-0.358467587933563,0.,0.00124893916227149),
 .UNSPECIFIED.);
#104=B_SPLINE_CURVE_WITH_KNOTS('',3,(#5863,#5864,#5865,#5866,#5867,#5868,
#5869,#5870,#5871,#5872,#5873,#5874,#5875,#5876),.UNSPECIFIED.,.F.,.F.,
(4,2,2,2,2,2,4),(-0.47005545847634,-0.469347909232987,-0.266268785694745,
-0.157699305108171,-0.0871729030992123,-0.0398421418210725,0.),
 .UNSPECIFIED.);
#105=B_SPLINE_CURVE_WITH_KNOTS('',3,(#5896,#5897,#5898,#5899,#5900,#5901),
 .UNSPECIFIED.,.F.,.F.,(4,1,1,4),(-3.14159265358979,-2.69305596706884,-2.24451928054788,
-1.57171425076644),.UNSPECIFIED.);
#106=B_SPLINE_CURVE_WITH_KNOTS('',3,(#5905,#5906,#5907,#5908,#5909,#5910),
 .UNSPECIFIED.,.F.,.F.,(4,1,1,4),(-1.57077517702798,-0.89759756790049,-0.448798783950245,
4.44089209850063E-16),.UNSPECIFIED.);
#107=B_SPLINE_CURVE_WITH_KNOTS('',3,(#5914,#5915,#5916,#5917,#5918),
 .UNSPECIFIED.,.F.,.F.,(4,1,4),(-3.1478115620936,-2.68445003984208,-2.06663467684006),
 .UNSPECIFIED.);
#108=B_SPLINE_CURVE_WITH_KNOTS('',3,(#5922,#5923,#5924,#5925,#5926),
 .UNSPECIFIED.,.F.,.F.,(4,1,4),(-4.21185074082819,-3.75311686033477,-3.14147168634355),
 .UNSPECIFIED.);
#109=B_SPLINE_CURVE_WITH_KNOTS('',3,(#5947,#5948,#5949,#5950,#5951,#5952),
 .UNSPECIFIED.,.F.,.F.,(4,1,1,4),(-3.14159265358979,-2.69305596706884,-2.24451928054788,
-1.57171425076644),.UNSPECIFIED.);
#110=B_SPLINE_CURVE_WITH_KNOTS('',3,(#5956,#5957,#5958,#5959,#5960),
 .UNSPECIFIED.,.F.,.F.,(4,1,4),(-4.21185074082819,-3.75311686033477,-3.14147168634355),
 .UNSPECIFIED.);
#111=B_SPLINE_CURVE_WITH_KNOTS('',3,(#5964,#5965,#5966,#5967,#5968),
 .UNSPECIFIED.,.F.,.F.,(4,1,4),(-3.1478115620936,-2.68445003984208,-2.06663467684006),
 .UNSPECIFIED.);
#112=B_SPLINE_CURVE_WITH_KNOTS('',3,(#5972,#5973,#5974,#5975,#5976,#5977),
 .UNSPECIFIED.,.F.,.F.,(4,1,1,4),(-1.57077517702798,-0.89759756790049,-0.448798783950245,
4.44089209850063E-16),.UNSPECIFIED.);
#113=B_SPLINE_CURVE_WITH_KNOTS('',3,(#5997,#5998,#5999,#6000,#6001,#6002),
 .UNSPECIFIED.,.F.,.F.,(4,2,4),(0.,0.263427725,0.52685545),
 .UNSPECIFIED.);
#114=B_SPLINE_CURVE_WITH_KNOTS('',3,(#6015,#6016,#6017,#6018,#6019,#6020,
#6021,#6022),.UNSPECIFIED.,.F.,.F.,(4,2,2,4),(-0.52685545,-0.269385003838684,
-0.00595727883868413,0.),.UNSPECIFIED.);
#115=B_SPLINE_CURVE_WITH_KNOTS('',3,(#6033,#6034,#6035,#6036,#6037,#6038),
 .UNSPECIFIED.,.F.,.F.,(4,2,4),(0.,0.263427725,0.52685545),
 .UNSPECIFIED.);
#116=B_SPLINE_CURVE_WITH_KNOTS('',3,(#6121,#6122,#6123,#6124,#6125,#6126),
 .UNSPECIFIED.,.F.,.F.,(4,1,1,4),(-3.14159265358979,-2.69305596706884,-2.24451928054788,
-1.57171425076644),.UNSPECIFIED.);
#117=B_SPLINE_CURVE_WITH_KNOTS('',3,(#6130,#6131,#6132,#6133,#6134,#6135),
 .UNSPECIFIED.,.F.,.F.,(4,1,1,4),(-1.57077517702798,-0.89759756790049,-0.448798783950245,
4.44089209850063E-16),.UNSPECIFIED.);
#118=B_SPLINE_CURVE_WITH_KNOTS('',3,(#6139,#6140,#6141,#6142,#6143),
 .UNSPECIFIED.,.F.,.F.,(4,1,4),(-3.1478115620936,-2.68445003984208,-2.06663467684006),
 .UNSPECIFIED.);
#119=B_SPLINE_CURVE_WITH_KNOTS('',3,(#6147,#6148,#6149,#6150,#6151),
 .UNSPECIFIED.,.F.,.F.,(4,1,4),(-4.21185074082819,-3.75311686033477,-3.14147168634355),
 .UNSPECIFIED.);
#120=B_SPLINE_CURVE_WITH_KNOTS('',3,(#6172,#6173,#6174,#6175,#6176,#6177),
 .UNSPECIFIED.,.F.,.F.,(4,1,1,4),(-3.14159265358979,-2.69305596706884,-2.24451928054788,
-1.57171425076644),.UNSPECIFIED.);
#121=B_SPLINE_CURVE_WITH_KNOTS('',3,(#6181,#6182,#6183,#6184,#6185),
 .UNSPECIFIED.,.F.,.F.,(4,1,4),(-4.21185074082819,-3.75311686033477,-3.14147168634355),
 .UNSPECIFIED.);
#122=B_SPLINE_CURVE_WITH_KNOTS('',3,(#6189,#6190,#6191,#6192,#6193),
 .UNSPECIFIED.,.F.,.F.,(4,1,4),(-3.1478115620936,-2.68445003984208,-2.06663467684006),
 .UNSPECIFIED.);
#123=B_SPLINE_CURVE_WITH_KNOTS('',3,(#6197,#6198,#6199,#6200,#6201,#6202),
 .UNSPECIFIED.,.F.,.F.,(4,1,1,4),(-1.57077517702798,-0.89759756790049,-0.448798783950245,
4.44089209850063E-16),.UNSPECIFIED.);
#124=B_SPLINE_CURVE_WITH_KNOTS('',3,(#6213,#6214,#6215,#6216,#6217,#6218),
 .UNSPECIFIED.,.F.,.F.,(4,2,4),(0.,0.263427725,0.52685545),
 .UNSPECIFIED.);
#125=B_SPLINE_CURVE_WITH_KNOTS('',3,(#6231,#6232,#6233,#6234,#6235,#6236,
#6237,#6238),.UNSPECIFIED.,.F.,.F.,(4,2,2,4),(-0.52685545,-0.269385003838684,
-0.00595727883868413,0.),.UNSPECIFIED.);
#126=B_SPLINE_CURVE_WITH_KNOTS('',3,(#6249,#6250,#6251,#6252,#6253,#6254),
 .UNSPECIFIED.,.F.,.F.,(4,2,4),(0.,0.263427725,0.52685545),
 .UNSPECIFIED.);
#127=B_SPLINE_CURVE_WITH_KNOTS('',3,(#6312,#6313,#6314,#6315,#6316,#6317),
 .UNSPECIFIED.,.F.,.F.,(4,1,1,4),(-3.14159265358979,-2.69305596706884,-2.24451928054788,
-1.57171425076644),.UNSPECIFIED.);
#128=B_SPLINE_CURVE_WITH_KNOTS('',3,(#6321,#6322,#6323,#6324,#6325,#6326),
 .UNSPECIFIED.,.F.,.F.,(4,1,1,4),(-1.57077517702798,-0.89759756790049,-0.448798783950245,
4.44089209850063E-16),.UNSPECIFIED.);
#129=B_SPLINE_CURVE_WITH_KNOTS('',3,(#6330,#6331,#6332,#6333,#6334),
 .UNSPECIFIED.,.F.,.F.,(4,1,4),(-3.1478115620936,-2.68445003984208,-2.06663467684006),
 .UNSPECIFIED.);
#130=B_SPLINE_CURVE_WITH_KNOTS('',3,(#6338,#6339,#6340,#6341,#6342),
 .UNSPECIFIED.,.F.,.F.,(4,1,4),(-4.21185074082819,-3.75311686033477,-3.14147168634355),
 .UNSPECIFIED.);
#131=B_SPLINE_CURVE_WITH_KNOTS('',3,(#6363,#6364,#6365,#6366,#6367,#6368),
 .UNSPECIFIED.,.F.,.F.,(4,1,1,4),(-3.14159265358979,-2.69305596706884,-2.24451928054788,
-1.57171425076644),.UNSPECIFIED.);
#132=B_SPLINE_CURVE_WITH_KNOTS('',3,(#6372,#6373,#6374,#6375,#6376),
 .UNSPECIFIED.,.F.,.F.,(4,1,4),(-4.21185074082819,-3.75311686033477,-3.14147168634355),
 .UNSPECIFIED.);
#133=B_SPLINE_CURVE_WITH_KNOTS('',3,(#6380,#6381,#6382,#6383,#6384),
 .UNSPECIFIED.,.F.,.F.,(4,1,4),(-3.1478115620936,-2.68445003984208,-2.06663467684006),
 .UNSPECIFIED.);
#134=B_SPLINE_CURVE_WITH_KNOTS('',3,(#6388,#6389,#6390,#6391,#6392,#6393),
 .UNSPECIFIED.,.F.,.F.,(4,1,1,4),(-1.57077517702798,-0.89759756790049,-0.448798783950245,
4.44089209850063E-16),.UNSPECIFIED.);
#135=B_SPLINE_CURVE_WITH_KNOTS('',3,(#6404,#6405,#6406,#6407,#6408,#6409),
 .UNSPECIFIED.,.F.,.F.,(4,2,4),(0.,0.263427725,0.52685545),
 .UNSPECIFIED.);
#136=B_SPLINE_CURVE_WITH_KNOTS('',3,(#6422,#6423,#6424,#6425,#6426,#6427,
#6428,#6429),.UNSPECIFIED.,.F.,.F.,(4,2,2,4),(-0.52685545,-0.269385003838684,
-0.00595727883868413,0.),.UNSPECIFIED.);
#137=B_SPLINE_CURVE_WITH_KNOTS('',3,(#6440,#6441,#6442,#6443,#6444,#6445),
 .UNSPECIFIED.,.F.,.F.,(4,2,4),(0.,0.263427725,0.52685545),
 .UNSPECIFIED.);
#138=B_SPLINE_CURVE_WITH_KNOTS('',3,(#6503,#6504,#6505,#6506,#6507,#6508),
 .UNSPECIFIED.,.F.,.F.,(4,1,1,4),(-3.14159265358979,-2.69305596706884,-2.24451928054788,
-1.57171425076644),.UNSPECIFIED.);
#139=B_SPLINE_CURVE_WITH_KNOTS('',3,(#6512,#6513,#6514,#6515,#6516,#6517),
 .UNSPECIFIED.,.F.,.F.,(4,1,1,4),(-1.57077517702798,-0.89759756790049,-0.448798783950245,
4.44089209850063E-16),.UNSPECIFIED.);
#140=B_SPLINE_CURVE_WITH_KNOTS('',3,(#6521,#6522,#6523,#6524,#6525),
 .UNSPECIFIED.,.F.,.F.,(4,1,4),(-3.1478115620936,-2.68445003984208,-2.06663467684006),
 .UNSPECIFIED.);
#141=B_SPLINE_CURVE_WITH_KNOTS('',3,(#6529,#6530,#6531,#6532,#6533),
 .UNSPECIFIED.,.F.,.F.,(4,1,4),(-4.21185074082819,-3.75311686033477,-3.14147168634355),
 .UNSPECIFIED.);
#142=B_SPLINE_CURVE_WITH_KNOTS('',3,(#6554,#6555,#6556,#6557,#6558,#6559),
 .UNSPECIFIED.,.F.,.F.,(4,1,1,4),(-3.14159265358979,-2.69305596706884,-2.24451928054788,
-1.57171425076644),.UNSPECIFIED.);
#143=B_SPLINE_CURVE_WITH_KNOTS('',3,(#6563,#6564,#6565,#6566,#6567),
 .UNSPECIFIED.,.F.,.F.,(4,1,4),(-4.21185074082819,-3.75311686033477,-3.14147168634355),
 .UNSPECIFIED.);
#144=B_SPLINE_CURVE_WITH_KNOTS('',3,(#6571,#6572,#6573,#6574,#6575),
 .UNSPECIFIED.,.F.,.F.,(4,1,4),(-3.1478115620936,-2.68445003984208,-2.06663467684006),
 .UNSPECIFIED.);
#145=B_SPLINE_CURVE_WITH_KNOTS('',3,(#6579,#6580,#6581,#6582,#6583,#6584),
 .UNSPECIFIED.,.F.,.F.,(4,1,1,4),(-1.57077517702798,-0.89759756790049,-0.448798783950245,
4.44089209850063E-16),.UNSPECIFIED.);
#146=B_SPLINE_CURVE_WITH_KNOTS('',3,(#6595,#6596,#6597,#6598,#6599,#6600),
 .UNSPECIFIED.,.F.,.F.,(4,2,4),(0.,0.263427725,0.52685545),
 .UNSPECIFIED.);
#147=B_SPLINE_CURVE_WITH_KNOTS('',3,(#6613,#6614,#6615,#6616,#6617,#6618,
#6619,#6620),.UNSPECIFIED.,.F.,.F.,(4,2,2,4),(-0.52685545,-0.269385003838684,
-0.00595727883868413,0.),.UNSPECIFIED.);
#148=B_SPLINE_CURVE_WITH_KNOTS('',3,(#6631,#6632,#6633,#6634,#6635,#6636),
 .UNSPECIFIED.,.F.,.F.,(4,2,4),(0.,0.263427725,0.52685545),
 .UNSPECIFIED.);
#149=B_SPLINE_CURVE_WITH_KNOTS('',3,(#6694,#6695,#6696,#6697,#6698,#6699),
 .UNSPECIFIED.,.F.,.F.,(4,1,1,4),(-3.14159265358979,-2.69305596706884,-2.24451928054788,
-1.57171425076644),.UNSPECIFIED.);
#150=B_SPLINE_CURVE_WITH_KNOTS('',3,(#6703,#6704,#6705,#6706,#6707,#6708),
 .UNSPECIFIED.,.F.,.F.,(4,1,1,4),(-1.57077517702798,-0.89759756790049,-0.448798783950245,
4.44089209850063E-16),.UNSPECIFIED.);
#151=B_SPLINE_CURVE_WITH_KNOTS('',3,(#6712,#6713,#6714,#6715,#6716),
 .UNSPECIFIED.,.F.,.F.,(4,1,4),(-3.1478115620936,-2.68445003984208,-2.06663467684006),
 .UNSPECIFIED.);
#152=B_SPLINE_CURVE_WITH_KNOTS('',3,(#6720,#6721,#6722,#6723,#6724),
 .UNSPECIFIED.,.F.,.F.,(4,1,4),(-4.21185074082819,-3.75311686033477,-3.14147168634355),
 .UNSPECIFIED.);
#153=B_SPLINE_CURVE_WITH_KNOTS('',3,(#6745,#6746,#6747,#6748,#6749,#6750),
 .UNSPECIFIED.,.F.,.F.,(4,1,1,4),(-3.14159265358979,-2.69305596706884,-2.24451928054788,
-1.57171425076644),.UNSPECIFIED.);
#154=B_SPLINE_CURVE_WITH_KNOTS('',3,(#6754,#6755,#6756,#6757,#6758),
 .UNSPECIFIED.,.F.,.F.,(4,1,4),(-4.21185074082819,-3.75311686033477,-3.14147168634355),
 .UNSPECIFIED.);
#155=B_SPLINE_CURVE_WITH_KNOTS('',3,(#6762,#6763,#6764,#6765,#6766),
 .UNSPECIFIED.,.F.,.F.,(4,1,4),(-3.1478115620936,-2.68445003984208,-2.06663467684006),
 .UNSPECIFIED.);
#156=B_SPLINE_CURVE_WITH_KNOTS('',3,(#6770,#6771,#6772,#6773,#6774,#6775),
 .UNSPECIFIED.,.F.,.F.,(4,1,1,4),(-1.57077517702798,-0.89759756790049,-0.448798783950245,
4.44089209850063E-16),.UNSPECIFIED.);
#157=B_SPLINE_CURVE_WITH_KNOTS('',3,(#6786,#6787,#6788,#6789,#6790,#6791),
 .UNSPECIFIED.,.F.,.F.,(4,2,4),(0.,0.263427725,0.52685545),
 .UNSPECIFIED.);
#158=B_SPLINE_CURVE_WITH_KNOTS('',3,(#6804,#6805,#6806,#6807,#6808,#6809,
#6810,#6811),.UNSPECIFIED.,.F.,.F.,(4,2,2,4),(-0.52685545,-0.269385003838684,
-0.00595727883868413,0.),.UNSPECIFIED.);
#159=B_SPLINE_CURVE_WITH_KNOTS('',3,(#6822,#6823,#6824,#6825,#6826,#6827),
 .UNSPECIFIED.,.F.,.F.,(4,2,4),(0.,0.263427725,0.52685545),
 .UNSPECIFIED.);
#160=B_SPLINE_CURVE_WITH_KNOTS('',3,(#6885,#6886,#6887,#6888,#6889,#6890),
 .UNSPECIFIED.,.F.,.F.,(4,1,1,4),(-3.14159265358979,-2.69305596706884,-2.24451928054788,
-1.57171425076644),.UNSPECIFIED.);
#161=B_SPLINE_CURVE_WITH_KNOTS('',3,(#6894,#6895,#6896,#6897,#6898,#6899),
 .UNSPECIFIED.,.F.,.F.,(4,1,1,4),(-1.57077517702798,-0.89759756790049,-0.448798783950245,
4.44089209850063E-16),.UNSPECIFIED.);
#162=B_SPLINE_CURVE_WITH_KNOTS('',3,(#6903,#6904,#6905,#6906,#6907),
 .UNSPECIFIED.,.F.,.F.,(4,1,4),(-3.1478115620936,-2.68445003984208,-2.06663467684006),
 .UNSPECIFIED.);
#163=B_SPLINE_CURVE_WITH_KNOTS('',3,(#6911,#6912,#6913,#6914,#6915),
 .UNSPECIFIED.,.F.,.F.,(4,1,4),(-4.21185074082819,-3.75311686033477,-3.14147168634355),
 .UNSPECIFIED.);
#164=B_SPLINE_CURVE_WITH_KNOTS('',3,(#6936,#6937,#6938,#6939,#6940,#6941),
 .UNSPECIFIED.,.F.,.F.,(4,1,1,4),(-3.14159265358979,-2.69305596706884,-2.24451928054788,
-1.57171425076644),.UNSPECIFIED.);
#165=B_SPLINE_CURVE_WITH_KNOTS('',3,(#6945,#6946,#6947,#6948,#6949),
 .UNSPECIFIED.,.F.,.F.,(4,1,4),(-4.21185074082819,-3.75311686033477,-3.14147168634355),
 .UNSPECIFIED.);
#166=B_SPLINE_CURVE_WITH_KNOTS('',3,(#6953,#6954,#6955,#6956,#6957),
 .UNSPECIFIED.,.F.,.F.,(4,1,4),(-3.1478115620936,-2.68445003984208,-2.06663467684006),
 .UNSPECIFIED.);
#167=B_SPLINE_CURVE_WITH_KNOTS('',3,(#6961,#6962,#6963,#6964,#6965,#6966),
 .UNSPECIFIED.,.F.,.F.,(4,1,1,4),(-1.57077517702798,-0.89759756790049,-0.448798783950245,
4.44089209850063E-16),.UNSPECIFIED.);
#168=B_SPLINE_CURVE_WITH_KNOTS('',3,(#6977,#6978,#6979,#6980,#6981,#6982),
 .UNSPECIFIED.,.F.,.F.,(4,2,4),(0.,0.263427725,0.52685545),
 .UNSPECIFIED.);
#169=B_SPLINE_CURVE_WITH_KNOTS('',3,(#6995,#6996,#6997,#6998,#6999,#7000,
#7001,#7002),.UNSPECIFIED.,.F.,.F.,(4,2,2,4),(-0.52685545,-0.269385003838684,
-0.00595727883868413,0.),.UNSPECIFIED.);
#170=B_SPLINE_CURVE_WITH_KNOTS('',3,(#7013,#7014,#7015,#7016,#7017,#7018),
 .UNSPECIFIED.,.F.,.F.,(4,2,4),(0.,0.263427725,0.52685545),
 .UNSPECIFIED.);
#171=B_SPLINE_CURVE_WITH_KNOTS('',3,(#7076,#7077,#7078,#7079,#7080,#7081),
 .UNSPECIFIED.,.F.,.F.,(4,1,1,4),(-3.14159265358979,-2.69305596706884,-2.24451928054788,
-1.57171425076644),.UNSPECIFIED.);
#172=B_SPLINE_CURVE_WITH_KNOTS('',3,(#7085,#7086,#7087,#7088,#7089,#7090),
 .UNSPECIFIED.,.F.,.F.,(4,1,1,4),(-1.57077517702798,-0.89759756790049,-0.448798783950245,
4.44089209850063E-16),.UNSPECIFIED.);
#173=B_SPLINE_CURVE_WITH_KNOTS('',3,(#7094,#7095,#7096,#7097,#7098),
 .UNSPECIFIED.,.F.,.F.,(4,1,4),(-3.1478115620936,-2.68445003984208,-2.06663467684006),
 .UNSPECIFIED.);
#174=B_SPLINE_CURVE_WITH_KNOTS('',3,(#7102,#7103,#7104,#7105,#7106),
 .UNSPECIFIED.,.F.,.F.,(4,1,4),(-4.21185074082819,-3.75311686033477,-3.14147168634355),
 .UNSPECIFIED.);
#175=B_SPLINE_CURVE_WITH_KNOTS('',3,(#7127,#7128,#7129,#7130,#7131,#7132),
 .UNSPECIFIED.,.F.,.F.,(4,1,1,4),(-3.14159265358979,-2.69305596706884,-2.24451928054788,
-1.57171425076644),.UNSPECIFIED.);
#176=B_SPLINE_CURVE_WITH_KNOTS('',3,(#7136,#7137,#7138,#7139,#7140),
 .UNSPECIFIED.,.F.,.F.,(4,1,4),(-4.21185074082819,-3.75311686033477,-3.14147168634355),
 .UNSPECIFIED.);
#177=B_SPLINE_CURVE_WITH_KNOTS('',3,(#7144,#7145,#7146,#7147,#7148),
 .UNSPECIFIED.,.F.,.F.,(4,1,4),(-3.1478115620936,-2.68445003984208,-2.06663467684006),
 .UNSPECIFIED.);
#178=B_SPLINE_CURVE_WITH_KNOTS('',3,(#7152,#7153,#7154,#7155,#7156,#7157),
 .UNSPECIFIED.,.F.,.F.,(4,1,1,4),(-1.57077517702798,-0.89759756790049,-0.448798783950245,
4.44089209850063E-16),.UNSPECIFIED.);
#179=B_SPLINE_CURVE_WITH_KNOTS('',3,(#7168,#7169,#7170,#7171,#7172,#7173),
 .UNSPECIFIED.,.F.,.F.,(4,2,4),(0.,0.263427725,0.52685545),
 .UNSPECIFIED.);
#180=B_SPLINE_CURVE_WITH_KNOTS('',3,(#7186,#7187,#7188,#7189,#7190,#7191,
#7192,#7193),.UNSPECIFIED.,.F.,.F.,(4,2,2,4),(-0.52685545,-0.269385003838684,
-0.00595727883868413,0.),.UNSPECIFIED.);
#181=B_SPLINE_CURVE_WITH_KNOTS('',3,(#7204,#7205,#7206,#7207,#7208,#7209),
 .UNSPECIFIED.,.F.,.F.,(4,2,4),(0.,0.263427725,0.52685545),
 .UNSPECIFIED.);
#182=B_SPLINE_CURVE_WITH_KNOTS('',3,(#7267,#7268,#7269,#7270,#7271,#7272),
 .UNSPECIFIED.,.F.,.F.,(4,1,1,4),(-3.14159265358979,-2.69305596706884,-2.24451928054788,
-1.57171425076644),.UNSPECIFIED.);
#183=B_SPLINE_CURVE_WITH_KNOTS('',3,(#7276,#7277,#7278,#7279,#7280,#7281),
 .UNSPECIFIED.,.F.,.F.,(4,1,1,4),(-1.57077517702798,-0.89759756790049,-0.448798783950245,
4.44089209850063E-16),.UNSPECIFIED.);
#184=B_SPLINE_CURVE_WITH_KNOTS('',3,(#7285,#7286,#7287,#7288,#7289),
 .UNSPECIFIED.,.F.,.F.,(4,1,4),(-3.1478115620936,-2.68445003984208,-2.06663467684006),
 .UNSPECIFIED.);
#185=B_SPLINE_CURVE_WITH_KNOTS('',3,(#7293,#7294,#7295,#7296,#7297),
 .UNSPECIFIED.,.F.,.F.,(4,1,4),(-4.21185074082819,-3.75311686033477,-3.14147168634355),
 .UNSPECIFIED.);
#186=B_SPLINE_CURVE_WITH_KNOTS('',3,(#7318,#7319,#7320,#7321,#7322,#7323),
 .UNSPECIFIED.,.F.,.F.,(4,1,1,4),(-3.14159265358979,-2.69305596706884,-2.24451928054788,
-1.57171425076644),.UNSPECIFIED.);
#187=B_SPLINE_CURVE_WITH_KNOTS('',3,(#7327,#7328,#7329,#7330,#7331),
 .UNSPECIFIED.,.F.,.F.,(4,1,4),(-4.21185074082819,-3.75311686033477,-3.14147168634355),
 .UNSPECIFIED.);
#188=B_SPLINE_CURVE_WITH_KNOTS('',3,(#7335,#7336,#7337,#7338,#7339),
 .UNSPECIFIED.,.F.,.F.,(4,1,4),(-3.1478115620936,-2.68445003984208,-2.06663467684006),
 .UNSPECIFIED.);
#189=B_SPLINE_CURVE_WITH_KNOTS('',3,(#7343,#7344,#7345,#7346,#7347,#7348),
 .UNSPECIFIED.,.F.,.F.,(4,1,1,4),(-1.57077517702798,-0.89759756790049,-0.448798783950245,
4.44089209850063E-16),.UNSPECIFIED.);
#190=B_SPLINE_CURVE_WITH_KNOTS('',3,(#7359,#7360,#7361,#7362,#7363,#7364),
 .UNSPECIFIED.,.F.,.F.,(4,2,4),(0.,0.263427725,0.52685545),
 .UNSPECIFIED.);
#191=B_SPLINE_CURVE_WITH_KNOTS('',3,(#7377,#7378,#7379,#7380,#7381,#7382,
#7383,#7384),.UNSPECIFIED.,.F.,.F.,(4,2,2,4),(-0.52685545,-0.269385003838684,
-0.00595727883868413,0.),.UNSPECIFIED.);
#192=B_SPLINE_CURVE_WITH_KNOTS('',3,(#7395,#7396,#7397,#7398,#7399,#7400),
 .UNSPECIFIED.,.F.,.F.,(4,2,4),(0.,0.263427725,0.52685545),
 .UNSPECIFIED.);
#193=B_SPLINE_CURVE_WITH_KNOTS('',3,(#7458,#7459,#7460,#7461,#7462,#7463),
 .UNSPECIFIED.,.F.,.F.,(4,1,1,4),(-3.14159265358979,-2.69305596706884,-2.24451928054788,
-1.57171425076644),.UNSPECIFIED.);
#194=B_SPLINE_CURVE_WITH_KNOTS('',3,(#7467,#7468,#7469,#7470,#7471,#7472),
 .UNSPECIFIED.,.F.,.F.,(4,1,1,4),(-1.57077517702798,-0.89759756790049,-0.448798783950245,
4.44089209850063E-16),.UNSPECIFIED.);
#195=B_SPLINE_CURVE_WITH_KNOTS('',3,(#7476,#7477,#7478,#7479,#7480),
 .UNSPECIFIED.,.F.,.F.,(4,1,4),(-3.1478115620936,-2.68445003984208,-2.06663467684006),
 .UNSPECIFIED.);
#196=B_SPLINE_CURVE_WITH_KNOTS('',3,(#7484,#7485,#7486,#7487,#7488),
 .UNSPECIFIED.,.F.,.F.,(4,1,4),(-4.21185074082819,-3.75311686033477,-3.14147168634355),
 .UNSPECIFIED.);
#197=B_SPLINE_CURVE_WITH_KNOTS('',3,(#7509,#7510,#7511,#7512,#7513,#7514),
 .UNSPECIFIED.,.F.,.F.,(4,1,1,4),(-3.14159265358979,-2.69305596706884,-2.24451928054788,
-1.57171425076644),.UNSPECIFIED.);
#198=B_SPLINE_CURVE_WITH_KNOTS('',3,(#7518,#7519,#7520,#7521,#7522),
 .UNSPECIFIED.,.F.,.F.,(4,1,4),(-4.21185074082819,-3.75311686033477,-3.14147168634355),
 .UNSPECIFIED.);
#199=B_SPLINE_CURVE_WITH_KNOTS('',3,(#7526,#7527,#7528,#7529,#7530),
 .UNSPECIFIED.,.F.,.F.,(4,1,4),(-3.1478115620936,-2.68445003984208,-2.06663467684006),
 .UNSPECIFIED.);
#200=B_SPLINE_CURVE_WITH_KNOTS('',3,(#7534,#7535,#7536,#7537,#7538,#7539),
 .UNSPECIFIED.,.F.,.F.,(4,1,1,4),(-1.57077517702798,-0.89759756790049,-0.448798783950245,
4.44089209850063E-16),.UNSPECIFIED.);
#201=B_SPLINE_CURVE_WITH_KNOTS('',3,(#7550,#7551,#7552,#7553,#7554,#7555),
 .UNSPECIFIED.,.F.,.F.,(4,2,4),(0.,0.263427725,0.52685545),
 .UNSPECIFIED.);
#202=B_SPLINE_CURVE_WITH_KNOTS('',3,(#7568,#7569,#7570,#7571,#7572,#7573,
#7574,#7575),.UNSPECIFIED.,.F.,.F.,(4,2,2,4),(-0.52685545,-0.269385003838684,
-0.00595727883868413,0.),.UNSPECIFIED.);
#203=B_SPLINE_CURVE_WITH_KNOTS('',3,(#7586,#7587,#7588,#7589,#7590,#7591),
 .UNSPECIFIED.,.F.,.F.,(4,2,4),(0.,0.263427725,0.52685545),
 .UNSPECIFIED.);
#204=B_SPLINE_CURVE_WITH_KNOTS('',3,(#7649,#7650,#7651,#7652,#7653,#7654),
 .UNSPECIFIED.,.F.,.F.,(4,1,1,4),(-3.14159265358979,-2.69305596706884,-2.24451928054788,
-1.57171425076644),.UNSPECIFIED.);
#205=B_SPLINE_CURVE_WITH_KNOTS('',3,(#7658,#7659,#7660,#7661,#7662,#7663),
 .UNSPECIFIED.,.F.,.F.,(4,1,1,4),(-1.57077517702798,-0.89759756790049,-0.448798783950245,
4.44089209850063E-16),.UNSPECIFIED.);
#206=B_SPLINE_CURVE_WITH_KNOTS('',3,(#7667,#7668,#7669,#7670,#7671),
 .UNSPECIFIED.,.F.,.F.,(4,1,4),(-3.1478115620936,-2.68445003984208,-2.06663467684006),
 .UNSPECIFIED.);
#207=B_SPLINE_CURVE_WITH_KNOTS('',3,(#7675,#7676,#7677,#7678,#7679),
 .UNSPECIFIED.,.F.,.F.,(4,1,4),(-4.21185074082819,-3.75311686033477,-3.14147168634355),
 .UNSPECIFIED.);
#208=B_SPLINE_CURVE_WITH_KNOTS('',3,(#7685,#7686,#7687,#7688,#7689,#7690),
 .UNSPECIFIED.,.F.,.F.,(4,1,1,4),(-3.14159265358979,-2.69305596706884,-2.24451928054788,
-1.57171425076644),.UNSPECIFIED.);
#209=B_SPLINE_CURVE_WITH_KNOTS('',3,(#7694,#7695,#7696,#7697,#7698),
 .UNSPECIFIED.,.F.,.F.,(4,1,4),(-4.21185074082819,-3.75311686033477,-3.14147168634355),
 .UNSPECIFIED.);
#210=B_SPLINE_CURVE_WITH_KNOTS('',3,(#7702,#7703,#7704,#7705,#7706),
 .UNSPECIFIED.,.F.,.F.,(4,1,4),(-3.1478115620936,-2.68445003984208,-2.06663467684006),
 .UNSPECIFIED.);
#211=B_SPLINE_CURVE_WITH_KNOTS('',3,(#7710,#7711,#7712,#7713,#7714,#7715),
 .UNSPECIFIED.,.F.,.F.,(4,1,1,4),(-1.57077517702798,-0.89759756790049,-0.448798783950245,
4.44089209850063E-16),.UNSPECIFIED.);
#212=B_SPLINE_CURVE_WITH_KNOTS('',3,(#7726,#7727,#7728,#7729,#7730,#7731),
 .UNSPECIFIED.,.F.,.F.,(4,2,4),(0.,0.263427725,0.52685545),
 .UNSPECIFIED.);
#213=B_SPLINE_CURVE_WITH_KNOTS('',3,(#7744,#7745,#7746,#7747,#7748,#7749,
#7750,#7751),.UNSPECIFIED.,.F.,.F.,(4,2,2,4),(-0.52685545,-0.269385003838684,
-0.00595727883868413,0.),.UNSPECIFIED.);
#214=B_SPLINE_CURVE_WITH_KNOTS('',3,(#7762,#7763,#7764,#7765,#7766,#7767),
 .UNSPECIFIED.,.F.,.F.,(4,2,4),(0.,0.263427725,0.52685545),
 .UNSPECIFIED.);
#215=B_SPLINE_CURVE_WITH_KNOTS('',3,(#7817,#7818,#7819,#7820,#7821,#7822,
#7823,#7824,#7825,#7826),.UNSPECIFIED.,.F.,.F.,(4,2,2,2,4),(1.00149584159843,
1.08866336195433,1.18253438633547,1.28860414394622,1.41707843840765),
 .UNSPECIFIED.);
#216=B_SPLINE_CURVE_WITH_KNOTS('',3,(#7836,#7837,#7838,#7839,#7840,#7841,
#7842,#7843,#7844,#7845),.UNSPECIFIED.,.F.,.F.,(4,2,2,2,4),(0.585913244789214,
0.714387539250637,0.820457296861389,0.914328321242529,1.00149584159843),
 .UNSPECIFIED.);
#217=PLANE('',#4274);
#218=PLANE('',#4278);
#219=PLANE('',#4282);
#220=PLANE('',#4283);
#221=PLANE('',#4288);
#222=PLANE('',#4293);
#223=PLANE('',#4296);
#224=PLANE('',#4297);
#225=PLANE('',#4300);
#226=PLANE('',#4301);
#227=PLANE('',#4302);
#228=PLANE('',#4303);
#229=PLANE('',#4304);
#230=PLANE('',#4307);
#231=PLANE('',#4312);
#232=PLANE('',#4313);
#233=PLANE('',#4326);
#234=PLANE('',#4327);
#235=PLANE('',#4332);
#236=PLANE('',#4337);
#237=PLANE('',#4338);
#238=PLANE('',#4339);
#239=PLANE('',#4340);
#240=PLANE('',#4345);
#241=PLANE('',#4346);
#242=PLANE('',#4347);
#243=PLANE('',#4354);
#244=PLANE('',#4355);
#245=PLANE('',#4356);
#246=PLANE('',#4359);
#247=PLANE('',#4364);
#248=PLANE('',#4367);
#249=PLANE('',#4368);
#250=PLANE('',#4369);
#251=PLANE('',#4370);
#252=PLANE('',#4374);
#253=PLANE('',#4375);
#254=PLANE('',#4379);
#255=PLANE('',#4380);
#256=PLANE('',#4381);
#257=PLANE('',#4386);
#258=PLANE('',#4389);
#259=PLANE('',#4390);
#260=PLANE('',#4391);
#261=PLANE('',#4392);
#262=PLANE('',#4396);
#263=PLANE('',#4397);
#264=PLANE('',#4401);
#265=PLANE('',#4402);
#266=PLANE('',#4403);
#267=PLANE('',#4408);
#268=PLANE('',#4411);
#269=PLANE('',#4412);
#270=PLANE('',#4413);
#271=PLANE('',#4414);
#272=PLANE('',#4418);
#273=PLANE('',#4419);
#274=PLANE('',#4423);
#275=PLANE('',#4424);
#276=PLANE('',#4425);
#277=PLANE('',#4430);
#278=PLANE('',#4433);
#279=PLANE('',#4434);
#280=PLANE('',#4435);
#281=PLANE('',#4436);
#282=PLANE('',#4440);
#283=PLANE('',#4441);
#284=PLANE('',#4445);
#285=PLANE('',#4446);
#286=PLANE('',#4447);
#287=PLANE('',#4452);
#288=PLANE('',#4455);
#289=PLANE('',#4456);
#290=PLANE('',#4457);
#291=PLANE('',#4458);
#292=PLANE('',#4462);
#293=PLANE('',#4463);
#294=PLANE('',#4467);
#295=PLANE('',#4468);
#296=PLANE('',#4469);
#297=PLANE('',#4474);
#298=PLANE('',#4477);
#299=PLANE('',#4478);
#300=PLANE('',#4479);
#301=PLANE('',#4480);
#302=PLANE('',#4484);
#303=PLANE('',#4485);
#304=PLANE('',#4489);
#305=PLANE('',#4490);
#306=PLANE('',#4491);
#307=PLANE('',#4496);
#308=PLANE('',#4499);
#309=PLANE('',#4500);
#310=PLANE('',#4501);
#311=PLANE('',#4502);
#312=PLANE('',#4506);
#313=PLANE('',#4507);
#314=PLANE('',#4511);
#315=PLANE('',#4512);
#316=PLANE('',#4513);
#317=PLANE('',#4518);
#318=PLANE('',#4521);
#319=PLANE('',#4522);
#320=PLANE('',#4523);
#321=PLANE('',#4524);
#322=PLANE('',#4528);
#323=PLANE('',#4529);
#324=PLANE('',#4533);
#325=PLANE('',#4534);
#326=PLANE('',#4535);
#327=PLANE('',#4536);
#328=PLANE('',#4539);
#329=PLANE('',#4540);
#330=PLANE('',#4541);
#331=PLANE('',#4542);
#332=PLANE('',#4544);
#333=PLANE('',#4546);
#334=PLANE('',#4547);
#335=PLANE('',#4548);
#336=PLANE('',#4558);
#337=PLANE('',#4559);
#338=PLANE('',#4561);
#339=PLANE('',#4563);
#340=PLANE('',#4564);
#341=PLANE('',#4565);
#342=PLANE('',#4566);
#343=PLANE('',#4567);
#344=PLANE('',#4568);
#345=PLANE('',#4569);
#346=PLANE('',#4572);
#347=PLANE('',#4577);
#348=FACE_OUTER_BOUND('',#586,.T.);
#349=FACE_OUTER_BOUND('',#587,.T.);
#350=FACE_OUTER_BOUND('',#588,.T.);
#351=FACE_OUTER_BOUND('',#589,.T.);
#352=FACE_OUTER_BOUND('',#590,.T.);
#353=FACE_OUTER_BOUND('',#591,.T.);
#354=FACE_OUTER_BOUND('',#592,.T.);
#355=FACE_OUTER_BOUND('',#594,.T.);
#356=FACE_OUTER_BOUND('',#596,.T.);
#357=FACE_OUTER_BOUND('',#597,.T.);
#358=FACE_OUTER_BOUND('',#598,.T.);
#359=FACE_OUTER_BOUND('',#599,.T.);
#360=FACE_OUTER_BOUND('',#600,.T.);
#361=FACE_OUTER_BOUND('',#601,.T.);
#362=FACE_OUTER_BOUND('',#602,.T.);
#363=FACE_OUTER_BOUND('',#603,.T.);
#364=FACE_OUTER_BOUND('',#604,.T.);
#365=FACE_OUTER_BOUND('',#605,.T.);
#366=FACE_OUTER_BOUND('',#606,.T.);
#367=FACE_OUTER_BOUND('',#607,.T.);
#368=FACE_OUTER_BOUND('',#608,.T.);
#369=FACE_OUTER_BOUND('',#609,.T.);
#370=FACE_OUTER_BOUND('',#613,.T.);
#371=FACE_OUTER_BOUND('',#614,.T.);
#372=FACE_OUTER_BOUND('',#615,.T.);
#373=FACE_OUTER_BOUND('',#616,.T.);
#374=FACE_OUTER_BOUND('',#617,.T.);
#375=FACE_OUTER_BOUND('',#618,.T.);
#376=FACE_OUTER_BOUND('',#619,.T.);
#377=FACE_OUTER_BOUND('',#620,.T.);
#378=FACE_OUTER_BOUND('',#621,.T.);
#379=FACE_OUTER_BOUND('',#622,.T.);
#380=FACE_OUTER_BOUND('',#623,.T.);
#381=FACE_OUTER_BOUND('',#624,.T.);
#382=FACE_OUTER_BOUND('',#625,.T.);
#383=FACE_OUTER_BOUND('',#627,.T.);
#384=FACE_OUTER_BOUND('',#629,.T.);
#385=FACE_OUTER_BOUND('',#630,.T.);
#386=FACE_OUTER_BOUND('',#631,.T.);
#387=FACE_OUTER_BOUND('',#632,.T.);
#388=FACE_OUTER_BOUND('',#633,.T.);
#389=FACE_OUTER_BOUND('',#634,.T.);
#390=FACE_OUTER_BOUND('',#635,.T.);
#391=FACE_OUTER_BOUND('',#636,.T.);
#392=FACE_OUTER_BOUND('',#637,.T.);
#393=FACE_OUTER_BOUND('',#638,.T.);
#394=FACE_OUTER_BOUND('',#639,.T.);
#395=FACE_OUTER_BOUND('',#640,.T.);
#396=FACE_OUTER_BOUND('',#641,.T.);
#397=FACE_OUTER_BOUND('',#642,.T.);
#398=FACE_OUTER_BOUND('',#643,.T.);
#399=FACE_OUTER_BOUND('',#644,.T.);
#400=FACE_OUTER_BOUND('',#645,.T.);
#401=FACE_OUTER_BOUND('',#646,.T.);
#402=FACE_OUTER_BOUND('',#647,.T.);
#403=FACE_OUTER_BOUND('',#648,.T.);
#404=FACE_OUTER_BOUND('',#649,.T.);
#405=FACE_OUTER_BOUND('',#651,.T.);
#406=FACE_OUTER_BOUND('',#653,.T.);
#407=FACE_OUTER_BOUND('',#654,.T.);
#408=FACE_OUTER_BOUND('',#655,.T.);
#409=FACE_OUTER_BOUND('',#656,.T.);
#410=FACE_OUTER_BOUND('',#657,.T.);
#411=FACE_OUTER_BOUND('',#658,.T.);
#412=FACE_OUTER_BOUND('',#659,.T.);
#413=FACE_OUTER_BOUND('',#660,.T.);
#414=FACE_OUTER_BOUND('',#661,.T.);
#415=FACE_OUTER_BOUND('',#662,.T.);
#416=FACE_OUTER_BOUND('',#663,.T.);
#417=FACE_OUTER_BOUND('',#664,.T.);
#418=FACE_OUTER_BOUND('',#665,.T.);
#419=FACE_OUTER_BOUND('',#666,.T.);
#420=FACE_OUTER_BOUND('',#667,.T.);
#421=FACE_OUTER_BOUND('',#668,.T.);
#422=FACE_OUTER_BOUND('',#669,.T.);
#423=FACE_OUTER_BOUND('',#671,.T.);
#424=FACE_OUTER_BOUND('',#673,.T.);
#425=FACE_OUTER_BOUND('',#674,.T.);
#426=FACE_OUTER_BOUND('',#675,.T.);
#427=FACE_OUTER_BOUND('',#676,.T.);
#428=FACE_OUTER_BOUND('',#677,.T.);
#429=FACE_OUTER_BOUND('',#678,.T.);
#430=FACE_OUTER_BOUND('',#679,.T.);
#431=FACE_OUTER_BOUND('',#680,.T.);
#432=FACE_OUTER_BOUND('',#681,.T.);
#433=FACE_OUTER_BOUND('',#682,.T.);
#434=FACE_OUTER_BOUND('',#683,.T.);
#435=FACE_OUTER_BOUND('',#684,.T.);
#436=FACE_OUTER_BOUND('',#685,.T.);
#437=FACE_OUTER_BOUND('',#686,.T.);
#438=FACE_OUTER_BOUND('',#687,.T.);
#439=FACE_OUTER_BOUND('',#688,.T.);
#440=FACE_OUTER_BOUND('',#689,.T.);
#441=FACE_OUTER_BOUND('',#691,.T.);
#442=FACE_OUTER_BOUND('',#693,.T.);
#443=FACE_OUTER_BOUND('',#694,.T.);
#444=FACE_OUTER_BOUND('',#695,.T.);
#445=FACE_OUTER_BOUND('',#696,.T.);
#446=FACE_OUTER_BOUND('',#697,.T.);
#447=FACE_OUTER_BOUND('',#698,.T.);
#448=FACE_OUTER_BOUND('',#699,.T.);
#449=FACE_OUTER_BOUND('',#700,.T.);
#450=FACE_OUTER_BOUND('',#701,.T.);
#451=FACE_OUTER_BOUND('',#702,.T.);
#452=FACE_OUTER_BOUND('',#703,.T.);
#453=FACE_OUTER_BOUND('',#704,.T.);
#454=FACE_OUTER_BOUND('',#705,.T.);
#455=FACE_OUTER_BOUND('',#706,.T.);
#456=FACE_OUTER_BOUND('',#707,.T.);
#457=FACE_OUTER_BOUND('',#708,.T.);
#458=FACE_OUTER_BOUND('',#709,.T.);
#459=FACE_OUTER_BOUND('',#711,.T.);
#460=FACE_OUTER_BOUND('',#713,.T.);
#461=FACE_OUTER_BOUND('',#714,.T.);
#462=FACE_OUTER_BOUND('',#715,.T.);
#463=FACE_OUTER_BOUND('',#716,.T.);
#464=FACE_OUTER_BOUND('',#717,.T.);
#465=FACE_OUTER_BOUND('',#718,.T.);
#466=FACE_OUTER_BOUND('',#719,.T.);
#467=FACE_OUTER_BOUND('',#720,.T.);
#468=FACE_OUTER_BOUND('',#721,.T.);
#469=FACE_OUTER_BOUND('',#722,.T.);
#470=FACE_OUTER_BOUND('',#723,.T.);
#471=FACE_OUTER_BOUND('',#724,.T.);
#472=FACE_OUTER_BOUND('',#725,.T.);
#473=FACE_OUTER_BOUND('',#726,.T.);
#474=FACE_OUTER_BOUND('',#727,.T.);
#475=FACE_OUTER_BOUND('',#728,.T.);
#476=FACE_OUTER_BOUND('',#729,.T.);
#477=FACE_OUTER_BOUND('',#731,.T.);
#478=FACE_OUTER_BOUND('',#733,.T.);
#479=FACE_OUTER_BOUND('',#734,.T.);
#480=FACE_OUTER_BOUND('',#735,.T.);
#481=FACE_OUTER_BOUND('',#736,.T.);
#482=FACE_OUTER_BOUND('',#737,.T.);
#483=FACE_OUTER_BOUND('',#738,.T.);
#484=FACE_OUTER_BOUND('',#739,.T.);
#485=FACE_OUTER_BOUND('',#740,.T.);
#486=FACE_OUTER_BOUND('',#741,.T.);
#487=FACE_OUTER_BOUND('',#742,.T.);
#488=FACE_OUTER_BOUND('',#743,.T.);
#489=FACE_OUTER_BOUND('',#744,.T.);
#490=FACE_OUTER_BOUND('',#745,.T.);
#491=FACE_OUTER_BOUND('',#746,.T.);
#492=FACE_OUTER_BOUND('',#747,.T.);
#493=FACE_OUTER_BOUND('',#748,.T.);
#494=FACE_OUTER_BOUND('',#749,.T.);
#495=FACE_OUTER_BOUND('',#751,.T.);
#496=FACE_OUTER_BOUND('',#753,.T.);
#497=FACE_OUTER_BOUND('',#754,.T.);
#498=FACE_OUTER_BOUND('',#755,.T.);
#499=FACE_OUTER_BOUND('',#756,.T.);
#500=FACE_OUTER_BOUND('',#757,.T.);
#501=FACE_OUTER_BOUND('',#758,.T.);
#502=FACE_OUTER_BOUND('',#759,.T.);
#503=FACE_OUTER_BOUND('',#760,.T.);
#504=FACE_OUTER_BOUND('',#761,.T.);
#505=FACE_OUTER_BOUND('',#762,.T.);
#506=FACE_OUTER_BOUND('',#763,.T.);
#507=FACE_OUTER_BOUND('',#764,.T.);
#508=FACE_OUTER_BOUND('',#765,.T.);
#509=FACE_OUTER_BOUND('',#766,.T.);
#510=FACE_OUTER_BOUND('',#767,.T.);
#511=FACE_OUTER_BOUND('',#768,.T.);
#512=FACE_OUTER_BOUND('',#769,.T.);
#513=FACE_OUTER_BOUND('',#771,.T.);
#514=FACE_OUTER_BOUND('',#773,.T.);
#515=FACE_OUTER_BOUND('',#774,.T.);
#516=FACE_OUTER_BOUND('',#775,.T.);
#517=FACE_OUTER_BOUND('',#776,.T.);
#518=FACE_OUTER_BOUND('',#777,.T.);
#519=FACE_OUTER_BOUND('',#778,.T.);
#520=FACE_OUTER_BOUND('',#779,.T.);
#521=FACE_OUTER_BOUND('',#780,.T.);
#522=FACE_OUTER_BOUND('',#781,.T.);
#523=FACE_OUTER_BOUND('',#782,.T.);
#524=FACE_OUTER_BOUND('',#783,.T.);
#525=FACE_OUTER_BOUND('',#784,.T.);
#526=FACE_OUTER_BOUND('',#785,.T.);
#527=FACE_OUTER_BOUND('',#786,.T.);
#528=FACE_OUTER_BOUND('',#787,.T.);
#529=FACE_OUTER_BOUND('',#788,.T.);
#530=FACE_OUTER_BOUND('',#789,.T.);
#531=FACE_OUTER_BOUND('',#791,.T.);
#532=FACE_OUTER_BOUND('',#793,.T.);
#533=FACE_OUTER_BOUND('',#794,.T.);
#534=FACE_OUTER_BOUND('',#795,.T.);
#535=FACE_OUTER_BOUND('',#796,.T.);
#536=FACE_OUTER_BOUND('',#797,.T.);
#537=FACE_OUTER_BOUND('',#798,.T.);
#538=FACE_OUTER_BOUND('',#799,.T.);
#539=FACE_OUTER_BOUND('',#800,.T.);
#540=FACE_OUTER_BOUND('',#801,.T.);
#541=FACE_OUTER_BOUND('',#802,.T.);
#542=FACE_OUTER_BOUND('',#803,.T.);
#543=FACE_OUTER_BOUND('',#804,.T.);
#544=FACE_OUTER_BOUND('',#805,.T.);
#545=FACE_OUTER_BOUND('',#806,.T.);
#546=FACE_OUTER_BOUND('',#807,.T.);
#547=FACE_OUTER_BOUND('',#808,.T.);
#548=FACE_OUTER_BOUND('',#809,.T.);
#549=FACE_OUTER_BOUND('',#811,.T.);
#550=FACE_OUTER_BOUND('',#813,.T.);
#551=FACE_OUTER_BOUND('',#814,.T.);
#552=FACE_OUTER_BOUND('',#815,.T.);
#553=FACE_OUTER_BOUND('',#816,.T.);
#554=FACE_OUTER_BOUND('',#817,.T.);
#555=FACE_OUTER_BOUND('',#818,.T.);
#556=FACE_OUTER_BOUND('',#819,.T.);
#557=FACE_OUTER_BOUND('',#820,.T.);
#558=FACE_OUTER_BOUND('',#821,.T.);
#559=FACE_OUTER_BOUND('',#822,.T.);
#560=FACE_OUTER_BOUND('',#823,.T.);
#561=FACE_OUTER_BOUND('',#824,.T.);
#562=FACE_OUTER_BOUND('',#825,.T.);
#563=FACE_OUTER_BOUND('',#826,.T.);
#564=FACE_OUTER_BOUND('',#827,.T.);
#565=FACE_OUTER_BOUND('',#828,.T.);
#566=FACE_OUTER_BOUND('',#829,.T.);
#567=FACE_OUTER_BOUND('',#830,.T.);
#568=FACE_OUTER_BOUND('',#831,.T.);
#569=FACE_OUTER_BOUND('',#832,.T.);
#570=FACE_OUTER_BOUND('',#833,.T.);
#571=FACE_OUTER_BOUND('',#834,.T.);
#572=FACE_OUTER_BOUND('',#835,.T.);
#573=FACE_OUTER_BOUND('',#837,.T.);
#574=FACE_OUTER_BOUND('',#838,.T.);
#575=FACE_OUTER_BOUND('',#839,.T.);
#576=FACE_OUTER_BOUND('',#840,.T.);
#577=FACE_OUTER_BOUND('',#841,.T.);
#578=FACE_OUTER_BOUND('',#842,.T.);
#579=FACE_OUTER_BOUND('',#843,.T.);
#580=FACE_OUTER_BOUND('',#844,.T.);
#581=FACE_OUTER_BOUND('',#846,.T.);
#582=FACE_OUTER_BOUND('',#847,.T.);
#583=FACE_OUTER_BOUND('',#848,.T.);
#584=FACE_OUTER_BOUND('',#849,.T.);
#585=FACE_OUTER_BOUND('',#850,.T.);
#586=EDGE_LOOP('',(#2740,#2741,#2742,#2743));
#587=EDGE_LOOP('',(#2744));
#588=EDGE_LOOP('',(#2745,#2746,#2747,#2748));
#589=EDGE_LOOP('',(#2749));
#590=EDGE_LOOP('',(#2750,#2751,#2752,#2753));
#591=EDGE_LOOP('',(#2754));
#592=EDGE_LOOP('',(#2755,#2756,#2757,#2758,#2759,#2760,#2761,#2762));
#593=EDGE_LOOP('',(#2763,#2764,#2765,#2766,#2767,#2768,#2769,#2770));
#594=EDGE_LOOP('',(#2771,#2772,#2773,#2774,#2775,#2776,#2777,#2778));
#595=EDGE_LOOP('',(#2779,#2780,#2781,#2782,#2783,#2784,#2785,#2786));
#596=EDGE_LOOP('',(#2787,#2788,#2789,#2790));
#597=EDGE_LOOP('',(#2791,#2792,#2793,#2794));
#598=EDGE_LOOP('',(#2795,#2796,#2797,#2798));
#599=EDGE_LOOP('',(#2799,#2800,#2801,#2802));
#600=EDGE_LOOP('',(#2803,#2804,#2805,#2806));
#601=EDGE_LOOP('',(#2807,#2808,#2809,#2810));
#602=EDGE_LOOP('',(#2811,#2812,#2813,#2814));
#603=EDGE_LOOP('',(#2815,#2816,#2817,#2818));
#604=EDGE_LOOP('',(#2819,#2820,#2821,#2822));
#605=EDGE_LOOP('',(#2823,#2824,#2825,#2826));
#606=EDGE_LOOP('',(#2827,#2828,#2829,#2830));
#607=EDGE_LOOP('',(#2831,#2832,#2833,#2834));
#608=EDGE_LOOP('',(#2835,#2836,#2837,#2838));
#609=EDGE_LOOP('',(#2839,#2840,#2841,#2842,#2843,#2844,#2845,#2846,#2847,
#2848));
#610=EDGE_LOOP('',(#2849));
#611=EDGE_LOOP('',(#2850));
#612=EDGE_LOOP('',(#2851));
#613=EDGE_LOOP('',(#2852,#2853,#2854,#2855));
#614=EDGE_LOOP('',(#2856,#2857,#2858,#2859));
#615=EDGE_LOOP('',(#2860,#2861,#2862,#2863));
#616=EDGE_LOOP('',(#2864,#2865,#2866,#2867));
#617=EDGE_LOOP('',(#2868,#2869,#2870,#2871));
#618=EDGE_LOOP('',(#2872,#2873,#2874,#2875));
#619=EDGE_LOOP('',(#2876,#2877,#2878,#2879));
#620=EDGE_LOOP('',(#2880,#2881,#2882,#2883));
#621=EDGE_LOOP('',(#2884,#2885,#2886,#2887));
#622=EDGE_LOOP('',(#2888,#2889,#2890,#2891));
#623=EDGE_LOOP('',(#2892,#2893,#2894,#2895));
#624=EDGE_LOOP('',(#2896,#2897,#2898,#2899));
#625=EDGE_LOOP('',(#2900,#2901,#2902,#2903,#2904,#2905,#2906,#2907));
#626=EDGE_LOOP('',(#2908,#2909,#2910,#2911,#2912,#2913,#2914,#2915));
#627=EDGE_LOOP('',(#2916,#2917,#2918,#2919,#2920,#2921,#2922,#2923));
#628=EDGE_LOOP('',(#2924,#2925,#2926,#2927,#2928,#2929,#2930,#2931));
#629=EDGE_LOOP('',(#2932,#2933,#2934,#2935));
#630=EDGE_LOOP('',(#2936,#2937,#2938,#2939));
#631=EDGE_LOOP('',(#2940,#2941,#2942,#2943));
#632=EDGE_LOOP('',(#2944,#2945,#2946,#2947));
#633=EDGE_LOOP('',(#2948,#2949,#2950,#2951));
#634=EDGE_LOOP('',(#2952,#2953,#2954,#2955));
#635=EDGE_LOOP('',(#2956,#2957,#2958,#2959));
#636=EDGE_LOOP('',(#2960,#2961,#2962,#2963));
#637=EDGE_LOOP('',(#2964,#2965,#2966,#2967));
#638=EDGE_LOOP('',(#2968,#2969,#2970,#2971));
#639=EDGE_LOOP('',(#2972,#2973,#2974,#2975));
#640=EDGE_LOOP('',(#2976,#2977,#2978,#2979));
#641=EDGE_LOOP('',(#2980,#2981,#2982,#2983));
#642=EDGE_LOOP('',(#2984,#2985,#2986,#2987));
#643=EDGE_LOOP('',(#2988,#2989,#2990,#2991));
#644=EDGE_LOOP('',(#2992,#2993,#2994,#2995));
#645=EDGE_LOOP('',(#2996,#2997,#2998,#2999));
#646=EDGE_LOOP('',(#3000,#3001,#3002,#3003));
#647=EDGE_LOOP('',(#3004,#3005,#3006,#3007));
#648=EDGE_LOOP('',(#3008,#3009,#3010,#3011));
#649=EDGE_LOOP('',(#3012,#3013,#3014,#3015,#3016,#3017,#3018,#3019));
#650=EDGE_LOOP('',(#3020,#3021,#3022,#3023,#3024,#3025,#3026,#3027));
#651=EDGE_LOOP('',(#3028,#3029,#3030,#3031,#3032,#3033,#3034,#3035));
#652=EDGE_LOOP('',(#3036,#3037,#3038,#3039,#3040,#3041,#3042,#3043));
#653=EDGE_LOOP('',(#3044,#3045,#3046,#3047));
#654=EDGE_LOOP('',(#3048,#3049,#3050,#3051));
#655=EDGE_LOOP('',(#3052,#3053,#3054,#3055));
#656=EDGE_LOOP('',(#3056,#3057,#3058,#3059));
#657=EDGE_LOOP('',(#3060,#3061,#3062,#3063));
#658=EDGE_LOOP('',(#3064,#3065,#3066,#3067));
#659=EDGE_LOOP('',(#3068,#3069,#3070,#3071));
#660=EDGE_LOOP('',(#3072,#3073,#3074,#3075));
#661=EDGE_LOOP('',(#3076,#3077,#3078,#3079));
#662=EDGE_LOOP('',(#3080,#3081,#3082,#3083));
#663=EDGE_LOOP('',(#3084,#3085,#3086,#3087));
#664=EDGE_LOOP('',(#3088,#3089,#3090,#3091));
#665=EDGE_LOOP('',(#3092,#3093,#3094,#3095));
#666=EDGE_LOOP('',(#3096,#3097,#3098,#3099));
#667=EDGE_LOOP('',(#3100,#3101,#3102,#3103));
#668=EDGE_LOOP('',(#3104,#3105,#3106,#3107));
#669=EDGE_LOOP('',(#3108,#3109,#3110,#3111,#3112,#3113,#3114,#3115));
#670=EDGE_LOOP('',(#3116,#3117,#3118,#3119,#3120,#3121,#3122,#3123));
#671=EDGE_LOOP('',(#3124,#3125,#3126,#3127,#3128,#3129,#3130,#3131));
#672=EDGE_LOOP('',(#3132,#3133,#3134,#3135,#3136,#3137,#3138,#3139));
#673=EDGE_LOOP('',(#3140,#3141,#3142,#3143));
#674=EDGE_LOOP('',(#3144,#3145,#3146,#3147));
#675=EDGE_LOOP('',(#3148,#3149,#3150,#3151));
#676=EDGE_LOOP('',(#3152,#3153,#3154,#3155));
#677=EDGE_LOOP('',(#3156,#3157,#3158,#3159));
#678=EDGE_LOOP('',(#3160,#3161,#3162,#3163));
#679=EDGE_LOOP('',(#3164,#3165,#3166,#3167));
#680=EDGE_LOOP('',(#3168,#3169,#3170,#3171));
#681=EDGE_LOOP('',(#3172,#3173,#3174,#3175));
#682=EDGE_LOOP('',(#3176,#3177,#3178,#3179));
#683=EDGE_LOOP('',(#3180,#3181,#3182,#3183));
#684=EDGE_LOOP('',(#3184,#3185,#3186,#3187));
#685=EDGE_LOOP('',(#3188,#3189,#3190,#3191));
#686=EDGE_LOOP('',(#3192,#3193,#3194,#3195));
#687=EDGE_LOOP('',(#3196,#3197,#3198,#3199));
#688=EDGE_LOOP('',(#3200,#3201,#3202,#3203));
#689=EDGE_LOOP('',(#3204,#3205,#3206,#3207,#3208,#3209,#3210,#3211));
#690=EDGE_LOOP('',(#3212,#3213,#3214,#3215,#3216,#3217,#3218,#3219));
#691=EDGE_LOOP('',(#3220,#3221,#3222,#3223,#3224,#3225,#3226,#3227));
#692=EDGE_LOOP('',(#3228,#3229,#3230,#3231,#3232,#3233,#3234,#3235));
#693=EDGE_LOOP('',(#3236,#3237,#3238,#3239));
#694=EDGE_LOOP('',(#3240,#3241,#3242,#3243));
#695=EDGE_LOOP('',(#3244,#3245,#3246,#3247));
#696=EDGE_LOOP('',(#3248,#3249,#3250,#3251));
#697=EDGE_LOOP('',(#3252,#3253,#3254,#3255));
#698=EDGE_LOOP('',(#3256,#3257,#3258,#3259));
#699=EDGE_LOOP('',(#3260,#3261,#3262,#3263));
#700=EDGE_LOOP('',(#3264,#3265,#3266,#3267));
#701=EDGE_LOOP('',(#3268,#3269,#3270,#3271));
#702=EDGE_LOOP('',(#3272,#3273,#3274,#3275));
#703=EDGE_LOOP('',(#3276,#3277,#3278,#3279));
#704=EDGE_LOOP('',(#3280,#3281,#3282,#3283));
#705=EDGE_LOOP('',(#3284,#3285,#3286,#3287));
#706=EDGE_LOOP('',(#3288,#3289,#3290,#3291));
#707=EDGE_LOOP('',(#3292,#3293,#3294,#3295));
#708=EDGE_LOOP('',(#3296,#3297,#3298,#3299));
#709=EDGE_LOOP('',(#3300,#3301,#3302,#3303,#3304,#3305,#3306,#3307));
#710=EDGE_LOOP('',(#3308,#3309,#3310,#3311,#3312,#3313,#3314,#3315));
#711=EDGE_LOOP('',(#3316,#3317,#3318,#3319,#3320,#3321,#3322,#3323));
#712=EDGE_LOOP('',(#3324,#3325,#3326,#3327,#3328,#3329,#3330,#3331));
#713=EDGE_LOOP('',(#3332,#3333,#3334,#3335));
#714=EDGE_LOOP('',(#3336,#3337,#3338,#3339));
#715=EDGE_LOOP('',(#3340,#3341,#3342,#3343));
#716=EDGE_LOOP('',(#3344,#3345,#3346,#3347));
#717=EDGE_LOOP('',(#3348,#3349,#3350,#3351));
#718=EDGE_LOOP('',(#3352,#3353,#3354,#3355));
#719=EDGE_LOOP('',(#3356,#3357,#3358,#3359));
#720=EDGE_LOOP('',(#3360,#3361,#3362,#3363));
#721=EDGE_LOOP('',(#3364,#3365,#3366,#3367));
#722=EDGE_LOOP('',(#3368,#3369,#3370,#3371));
#723=EDGE_LOOP('',(#3372,#3373,#3374,#3375));
#724=EDGE_LOOP('',(#3376,#3377,#3378,#3379));
#725=EDGE_LOOP('',(#3380,#3381,#3382,#3383));
#726=EDGE_LOOP('',(#3384,#3385,#3386,#3387));
#727=EDGE_LOOP('',(#3388,#3389,#3390,#3391));
#728=EDGE_LOOP('',(#3392,#3393,#3394,#3395));
#729=EDGE_LOOP('',(#3396,#3397,#3398,#3399,#3400,#3401,#3402,#3403));
#730=EDGE_LOOP('',(#3404,#3405,#3406,#3407,#3408,#3409,#3410,#3411));
#731=EDGE_LOOP('',(#3412,#3413,#3414,#3415,#3416,#3417,#3418,#3419));
#732=EDGE_LOOP('',(#3420,#3421,#3422,#3423,#3424,#3425,#3426,#3427));
#733=EDGE_LOOP('',(#3428,#3429,#3430,#3431));
#734=EDGE_LOOP('',(#3432,#3433,#3434,#3435));
#735=EDGE_LOOP('',(#3436,#3437,#3438,#3439));
#736=EDGE_LOOP('',(#3440,#3441,#3442,#3443));
#737=EDGE_LOOP('',(#3444,#3445,#3446,#3447));
#738=EDGE_LOOP('',(#3448,#3449,#3450,#3451));
#739=EDGE_LOOP('',(#3452,#3453,#3454,#3455));
#740=EDGE_LOOP('',(#3456,#3457,#3458,#3459));
#741=EDGE_LOOP('',(#3460,#3461,#3462,#3463));
#742=EDGE_LOOP('',(#3464,#3465,#3466,#3467));
#743=EDGE_LOOP('',(#3468,#3469,#3470,#3471));
#744=EDGE_LOOP('',(#3472,#3473,#3474,#3475));
#745=EDGE_LOOP('',(#3476,#3477,#3478,#3479));
#746=EDGE_LOOP('',(#3480,#3481,#3482,#3483));
#747=EDGE_LOOP('',(#3484,#3485,#3486,#3487));
#748=EDGE_LOOP('',(#3488,#3489,#3490,#3491));
#749=EDGE_LOOP('',(#3492,#3493,#3494,#3495,#3496,#3497,#3498,#3499));
#750=EDGE_LOOP('',(#3500,#3501,#3502,#3503,#3504,#3505,#3506,#3507));
#751=EDGE_LOOP('',(#3508,#3509,#3510,#3511,#3512,#3513,#3514,#3515));
#752=EDGE_LOOP('',(#3516,#3517,#3518,#3519,#3520,#3521,#3522,#3523));
#753=EDGE_LOOP('',(#3524,#3525,#3526,#3527));
#754=EDGE_LOOP('',(#3528,#3529,#3530,#3531));
#755=EDGE_LOOP('',(#3532,#3533,#3534,#3535));
#756=EDGE_LOOP('',(#3536,#3537,#3538,#3539));
#757=EDGE_LOOP('',(#3540,#3541,#3542,#3543));
#758=EDGE_LOOP('',(#3544,#3545,#3546,#3547));
#759=EDGE_LOOP('',(#3548,#3549,#3550,#3551));
#760=EDGE_LOOP('',(#3552,#3553,#3554,#3555));
#761=EDGE_LOOP('',(#3556,#3557,#3558,#3559));
#762=EDGE_LOOP('',(#3560,#3561,#3562,#3563));
#763=EDGE_LOOP('',(#3564,#3565,#3566,#3567));
#764=EDGE_LOOP('',(#3568,#3569,#3570,#3571));
#765=EDGE_LOOP('',(#3572,#3573,#3574,#3575));
#766=EDGE_LOOP('',(#3576,#3577,#3578,#3579));
#767=EDGE_LOOP('',(#3580,#3581,#3582,#3583));
#768=EDGE_LOOP('',(#3584,#3585,#3586,#3587));
#769=EDGE_LOOP('',(#3588,#3589,#3590,#3591,#3592,#3593,#3594,#3595));
#770=EDGE_LOOP('',(#3596,#3597,#3598,#3599,#3600,#3601,#3602,#3603));
#771=EDGE_LOOP('',(#3604,#3605,#3606,#3607,#3608,#3609,#3610,#3611));
#772=EDGE_LOOP('',(#3612,#3613,#3614,#3615,#3616,#3617,#3618,#3619));
#773=EDGE_LOOP('',(#3620,#3621,#3622,#3623));
#774=EDGE_LOOP('',(#3624,#3625,#3626,#3627));
#775=EDGE_LOOP('',(#3628,#3629,#3630,#3631));
#776=EDGE_LOOP('',(#3632,#3633,#3634,#3635));
#777=EDGE_LOOP('',(#3636,#3637,#3638,#3639));
#778=EDGE_LOOP('',(#3640,#3641,#3642,#3643));
#779=EDGE_LOOP('',(#3644,#3645,#3646,#3647));
#780=EDGE_LOOP('',(#3648,#3649,#3650,#3651));
#781=EDGE_LOOP('',(#3652,#3653,#3654,#3655));
#782=EDGE_LOOP('',(#3656,#3657,#3658,#3659));
#783=EDGE_LOOP('',(#3660,#3661,#3662,#3663));
#784=EDGE_LOOP('',(#3664,#3665,#3666,#3667));
#785=EDGE_LOOP('',(#3668,#3669,#3670,#3671));
#786=EDGE_LOOP('',(#3672,#3673,#3674,#3675));
#787=EDGE_LOOP('',(#3676,#3677,#3678,#3679));
#788=EDGE_LOOP('',(#3680,#3681,#3682,#3683));
#789=EDGE_LOOP('',(#3684,#3685,#3686,#3687,#3688,#3689,#3690,#3691));
#790=EDGE_LOOP('',(#3692,#3693,#3694,#3695,#3696,#3697,#3698,#3699));
#791=EDGE_LOOP('',(#3700,#3701,#3702,#3703,#3704,#3705,#3706,#3707));
#792=EDGE_LOOP('',(#3708,#3709,#3710,#3711,#3712,#3713,#3714,#3715));
#793=EDGE_LOOP('',(#3716,#3717,#3718,#3719));
#794=EDGE_LOOP('',(#3720,#3721,#3722,#3723));
#795=EDGE_LOOP('',(#3724,#3725,#3726,#3727));
#796=EDGE_LOOP('',(#3728,#3729,#3730,#3731));
#797=EDGE_LOOP('',(#3732,#3733,#3734,#3735));
#798=EDGE_LOOP('',(#3736,#3737,#3738,#3739));
#799=EDGE_LOOP('',(#3740,#3741,#3742,#3743));
#800=EDGE_LOOP('',(#3744,#3745,#3746,#3747));
#801=EDGE_LOOP('',(#3748,#3749,#3750,#3751));
#802=EDGE_LOOP('',(#3752,#3753,#3754,#3755));
#803=EDGE_LOOP('',(#3756,#3757,#3758,#3759));
#804=EDGE_LOOP('',(#3760,#3761,#3762,#3763));
#805=EDGE_LOOP('',(#3764,#3765,#3766,#3767));
#806=EDGE_LOOP('',(#3768,#3769,#3770,#3771));
#807=EDGE_LOOP('',(#3772,#3773,#3774,#3775));
#808=EDGE_LOOP('',(#3776,#3777,#3778,#3779));
#809=EDGE_LOOP('',(#3780,#3781,#3782,#3783,#3784,#3785,#3786,#3787));
#810=EDGE_LOOP('',(#3788,#3789,#3790,#3791,#3792,#3793,#3794,#3795));
#811=EDGE_LOOP('',(#3796,#3797,#3798,#3799,#3800,#3801,#3802,#3803));
#812=EDGE_LOOP('',(#3804,#3805,#3806,#3807,#3808,#3809,#3810,#3811));
#813=EDGE_LOOP('',(#3812,#3813,#3814,#3815));
#814=EDGE_LOOP('',(#3816,#3817,#3818,#3819));
#815=EDGE_LOOP('',(#3820,#3821,#3822,#3823));
#816=EDGE_LOOP('',(#3824,#3825,#3826,#3827));
#817=EDGE_LOOP('',(#3828,#3829,#3830,#3831));
#818=EDGE_LOOP('',(#3832,#3833,#3834,#3835));
#819=EDGE_LOOP('',(#3836,#3837,#3838,#3839));
#820=EDGE_LOOP('',(#3840,#3841,#3842,#3843));
#821=EDGE_LOOP('',(#3844,#3845,#3846,#3847));
#822=EDGE_LOOP('',(#3848,#3849,#3850,#3851));
#823=EDGE_LOOP('',(#3852,#3853,#3854,#3855));
#824=EDGE_LOOP('',(#3856,#3857,#3858,#3859));
#825=EDGE_LOOP('',(#3860,#3861,#3862,#3863));
#826=EDGE_LOOP('',(#3864,#3865,#3866,#3867,#3868,#3869,#3870,#3871,#3872,
#3873));
#827=EDGE_LOOP('',(#3874,#3875,#3876,#3877));
#828=EDGE_LOOP('',(#3878,#3879,#3880,#3881));
#829=EDGE_LOOP('',(#3882,#3883,#3884,#3885));
#830=EDGE_LOOP('',(#3886,#3887,#3888,#3889));
#831=EDGE_LOOP('',(#3890,#3891,#3892,#3893));
#832=EDGE_LOOP('',(#3894,#3895,#3896,#3897));
#833=EDGE_LOOP('',(#3898,#3899,#3900));
#834=EDGE_LOOP('',(#3901,#3902,#3903));
#835=EDGE_LOOP('',(#3904,#3905,#3906,#3907));
#836=EDGE_LOOP('',(#3908,#3909,#3910,#3911));
#837=EDGE_LOOP('',(#3912,#3913,#3914,#3915));
#838=EDGE_LOOP('',(#3916,#3917,#3918,#3919));
#839=EDGE_LOOP('',(#3920,#3921,#3922,#3923));
#840=EDGE_LOOP('',(#3924,#3925,#3926,#3927));
#841=EDGE_LOOP('',(#3928,#3929,#3930,#3931));
#842=EDGE_LOOP('',(#3932,#3933,#3934,#3935));
#843=EDGE_LOOP('',(#3936,#3937,#3938,#3939));
#844=EDGE_LOOP('',(#3940,#3941,#3942,#3943,#3944,#3945,#3946,#3947,#3948,
#3949));
#845=EDGE_LOOP('',(#3950,#3951,#3952,#3953));
#846=EDGE_LOOP('',(#3954,#3955,#3956,#3957));
#847=EDGE_LOOP('',(#3958,#3959,#3960,#3961));
#848=EDGE_LOOP('',(#3962,#3963,#3964,#3965));
#849=EDGE_LOOP('',(#3966,#3967,#3968,#3969));
#850=EDGE_LOOP('',(#3970,#3971,#3972,#3973));
#851=LINE('',#5588,#1225);
#852=LINE('',#5595,#1226);
#853=LINE('',#5602,#1227);
#854=LINE('',#5615,#1228);
#855=LINE('',#5624,#1229);
#856=LINE('',#5632,#1230);
#857=LINE('',#5639,#1231);
#858=LINE('',#5644,#1232);
#859=LINE('',#5648,#1233);
#860=LINE('',#5652,#1234);
#861=LINE('',#5655,#1235);
#862=LINE('',#5666,#1236);
#863=LINE('',#5674,#1237);
#864=LINE('',#5682,#1238);
#865=LINE('',#5690,#1239);
#866=LINE('',#5695,#1240);
#867=LINE('',#5699,#1241);
#868=LINE('',#5703,#1242);
#869=LINE('',#5706,#1243);
#870=LINE('',#5709,#1244);
#871=LINE('',#5711,#1245);
#872=LINE('',#5712,#1246);
#873=LINE('',#5715,#1247);
#874=LINE('',#5719,#1248);
#875=LINE('',#5720,#1249);
#876=LINE('',#5723,#1250);
#877=LINE('',#5725,#1251);
#878=LINE('',#5726,#1252);
#879=LINE('',#5730,#1253);
#880=LINE('',#5747,#1254);
#881=LINE('',#5774,#1255);
#882=LINE('',#5787,#1256);
#883=LINE('',#5789,#1257);
#884=LINE('',#5804,#1258);
#885=LINE('',#5806,#1259);
#886=LINE('',#5808,#1260);
#887=LINE('',#5810,#1261);
#888=LINE('',#5811,#1262);
#889=LINE('',#5814,#1263);
#890=LINE('',#5817,#1264);
#891=LINE('',#5820,#1265);
#892=LINE('',#5821,#1266);
#893=LINE('',#5824,#1267);
#894=LINE('',#5827,#1268);
#895=LINE('',#5830,#1269);
#896=LINE('',#5834,#1270);
#897=LINE('',#5835,#1271);
#898=LINE('',#5838,#1272);
#899=LINE('',#5839,#1273);
#900=LINE('',#5845,#1274);
#901=LINE('',#5862,#1275);
#902=LINE('',#5887,#1276);
#903=LINE('',#5888,#1277);
#904=LINE('',#5903,#1278);
#905=LINE('',#5912,#1279);
#906=LINE('',#5920,#1280);
#907=LINE('',#5927,#1281);
#908=LINE('',#5932,#1282);
#909=LINE('',#5936,#1283);
#910=LINE('',#5940,#1284);
#911=LINE('',#5943,#1285);
#912=LINE('',#5954,#1286);
#913=LINE('',#5962,#1287);
#914=LINE('',#5970,#1288);
#915=LINE('',#5978,#1289);
#916=LINE('',#5983,#1290);
#917=LINE('',#5987,#1291);
#918=LINE('',#5991,#1292);
#919=LINE('',#5994,#1293);
#920=LINE('',#5996,#1294);
#921=LINE('',#6013,#1295);
#922=LINE('',#6040,#1296);
#923=LINE('',#6053,#1297);
#924=LINE('',#6055,#1298);
#925=LINE('',#6070,#1299);
#926=LINE('',#6073,#1300);
#927=LINE('',#6076,#1301);
#928=LINE('',#6079,#1302);
#929=LINE('',#6082,#1303);
#930=LINE('',#6083,#1304);
#931=LINE('',#6086,#1305);
#932=LINE('',#6087,#1306);
#933=LINE('',#6090,#1307);
#934=LINE('',#6091,#1308);
#935=LINE('',#6095,#1309);
#936=LINE('',#6098,#1310);
#937=LINE('',#6102,#1311);
#938=LINE('',#6106,#1312);
#939=LINE('',#6107,#1313);
#940=LINE('',#6110,#1314);
#941=LINE('',#6111,#1315);
#942=LINE('',#6114,#1316);
#943=LINE('',#6115,#1317);
#944=LINE('',#6128,#1318);
#945=LINE('',#6137,#1319);
#946=LINE('',#6145,#1320);
#947=LINE('',#6152,#1321);
#948=LINE('',#6157,#1322);
#949=LINE('',#6161,#1323);
#950=LINE('',#6165,#1324);
#951=LINE('',#6168,#1325);
#952=LINE('',#6179,#1326);
#953=LINE('',#6187,#1327);
#954=LINE('',#6195,#1328);
#955=LINE('',#6203,#1329);
#956=LINE('',#6207,#1330);
#957=LINE('',#6210,#1331);
#958=LINE('',#6212,#1332);
#959=LINE('',#6229,#1333);
#960=LINE('',#6256,#1334);
#961=LINE('',#6269,#1335);
#962=LINE('',#6271,#1336);
#963=LINE('',#6285,#1337);
#964=LINE('',#6288,#1338);
#965=LINE('',#6291,#1339);
#966=LINE('',#6293,#1340);
#967=LINE('',#6296,#1341);
#968=LINE('',#6297,#1342);
#969=LINE('',#6299,#1343);
#970=LINE('',#6302,#1344);
#971=LINE('',#6307,#1345);
#972=LINE('',#6308,#1346);
#973=LINE('',#6319,#1347);
#974=LINE('',#6328,#1348);
#975=LINE('',#6336,#1349);
#976=LINE('',#6343,#1350);
#977=LINE('',#6348,#1351);
#978=LINE('',#6352,#1352);
#979=LINE('',#6356,#1353);
#980=LINE('',#6359,#1354);
#981=LINE('',#6370,#1355);
#982=LINE('',#6378,#1356);
#983=LINE('',#6386,#1357);
#984=LINE('',#6394,#1358);
#985=LINE('',#6398,#1359);
#986=LINE('',#6401,#1360);
#987=LINE('',#6403,#1361);
#988=LINE('',#6420,#1362);
#989=LINE('',#6447,#1363);
#990=LINE('',#6460,#1364);
#991=LINE('',#6462,#1365);
#992=LINE('',#6476,#1366);
#993=LINE('',#6479,#1367);
#994=LINE('',#6482,#1368);
#995=LINE('',#6484,#1369);
#996=LINE('',#6487,#1370);
#997=LINE('',#6488,#1371);
#998=LINE('',#6490,#1372);
#999=LINE('',#6493,#1373);
#1000=LINE('',#6498,#1374);
#1001=LINE('',#6499,#1375);
#1002=LINE('',#6510,#1376);
#1003=LINE('',#6519,#1377);
#1004=LINE('',#6527,#1378);
#1005=LINE('',#6534,#1379);
#1006=LINE('',#6539,#1380);
#1007=LINE('',#6543,#1381);
#1008=LINE('',#6547,#1382);
#1009=LINE('',#6550,#1383);
#1010=LINE('',#6561,#1384);
#1011=LINE('',#6569,#1385);
#1012=LINE('',#6577,#1386);
#1013=LINE('',#6585,#1387);
#1014=LINE('',#6589,#1388);
#1015=LINE('',#6592,#1389);
#1016=LINE('',#6594,#1390);
#1017=LINE('',#6611,#1391);
#1018=LINE('',#6638,#1392);
#1019=LINE('',#6651,#1393);
#1020=LINE('',#6653,#1394);
#1021=LINE('',#6667,#1395);
#1022=LINE('',#6670,#1396);
#1023=LINE('',#6673,#1397);
#1024=LINE('',#6675,#1398);
#1025=LINE('',#6678,#1399);
#1026=LINE('',#6679,#1400);
#1027=LINE('',#6681,#1401);
#1028=LINE('',#6684,#1402);
#1029=LINE('',#6689,#1403);
#1030=LINE('',#6690,#1404);
#1031=LINE('',#6701,#1405);
#1032=LINE('',#6710,#1406);
#1033=LINE('',#6718,#1407);
#1034=LINE('',#6725,#1408);
#1035=LINE('',#6730,#1409);
#1036=LINE('',#6734,#1410);
#1037=LINE('',#6738,#1411);
#1038=LINE('',#6741,#1412);
#1039=LINE('',#6752,#1413);
#1040=LINE('',#6760,#1414);
#1041=LINE('',#6768,#1415);
#1042=LINE('',#6776,#1416);
#1043=LINE('',#6780,#1417);
#1044=LINE('',#6783,#1418);
#1045=LINE('',#6785,#1419);
#1046=LINE('',#6802,#1420);
#1047=LINE('',#6829,#1421);
#1048=LINE('',#6842,#1422);
#1049=LINE('',#6844,#1423);
#1050=LINE('',#6858,#1424);
#1051=LINE('',#6861,#1425);
#1052=LINE('',#6864,#1426);
#1053=LINE('',#6866,#1427);
#1054=LINE('',#6869,#1428);
#1055=LINE('',#6870,#1429);
#1056=LINE('',#6872,#1430);
#1057=LINE('',#6875,#1431);
#1058=LINE('',#6880,#1432);
#1059=LINE('',#6881,#1433);
#1060=LINE('',#6892,#1434);
#1061=LINE('',#6901,#1435);
#1062=LINE('',#6909,#1436);
#1063=LINE('',#6916,#1437);
#1064=LINE('',#6921,#1438);
#1065=LINE('',#6925,#1439);
#1066=LINE('',#6929,#1440);
#1067=LINE('',#6932,#1441);
#1068=LINE('',#6943,#1442);
#1069=LINE('',#6951,#1443);
#1070=LINE('',#6959,#1444);
#1071=LINE('',#6967,#1445);
#1072=LINE('',#6971,#1446);
#1073=LINE('',#6974,#1447);
#1074=LINE('',#6976,#1448);
#1075=LINE('',#6993,#1449);
#1076=LINE('',#7020,#1450);
#1077=LINE('',#7033,#1451);
#1078=LINE('',#7035,#1452);
#1079=LINE('',#7049,#1453);
#1080=LINE('',#7052,#1454);
#1081=LINE('',#7055,#1455);
#1082=LINE('',#7057,#1456);
#1083=LINE('',#7060,#1457);
#1084=LINE('',#7061,#1458);
#1085=LINE('',#7063,#1459);
#1086=LINE('',#7066,#1460);
#1087=LINE('',#7071,#1461);
#1088=LINE('',#7072,#1462);
#1089=LINE('',#7083,#1463);
#1090=LINE('',#7092,#1464);
#1091=LINE('',#7100,#1465);
#1092=LINE('',#7107,#1466);
#1093=LINE('',#7112,#1467);
#1094=LINE('',#7116,#1468);
#1095=LINE('',#7120,#1469);
#1096=LINE('',#7123,#1470);
#1097=LINE('',#7134,#1471);
#1098=LINE('',#7142,#1472);
#1099=LINE('',#7150,#1473);
#1100=LINE('',#7158,#1474);
#1101=LINE('',#7162,#1475);
#1102=LINE('',#7165,#1476);
#1103=LINE('',#7167,#1477);
#1104=LINE('',#7184,#1478);
#1105=LINE('',#7211,#1479);
#1106=LINE('',#7224,#1480);
#1107=LINE('',#7226,#1481);
#1108=LINE('',#7240,#1482);
#1109=LINE('',#7243,#1483);
#1110=LINE('',#7246,#1484);
#1111=LINE('',#7248,#1485);
#1112=LINE('',#7251,#1486);
#1113=LINE('',#7252,#1487);
#1114=LINE('',#7254,#1488);
#1115=LINE('',#7257,#1489);
#1116=LINE('',#7262,#1490);
#1117=LINE('',#7263,#1491);
#1118=LINE('',#7274,#1492);
#1119=LINE('',#7283,#1493);
#1120=LINE('',#7291,#1494);
#1121=LINE('',#7298,#1495);
#1122=LINE('',#7303,#1496);
#1123=LINE('',#7307,#1497);
#1124=LINE('',#7311,#1498);
#1125=LINE('',#7314,#1499);
#1126=LINE('',#7325,#1500);
#1127=LINE('',#7333,#1501);
#1128=LINE('',#7341,#1502);
#1129=LINE('',#7349,#1503);
#1130=LINE('',#7353,#1504);
#1131=LINE('',#7356,#1505);
#1132=LINE('',#7358,#1506);
#1133=LINE('',#7375,#1507);
#1134=LINE('',#7402,#1508);
#1135=LINE('',#7415,#1509);
#1136=LINE('',#7417,#1510);
#1137=LINE('',#7431,#1511);
#1138=LINE('',#7434,#1512);
#1139=LINE('',#7437,#1513);
#1140=LINE('',#7439,#1514);
#1141=LINE('',#7442,#1515);
#1142=LINE('',#7443,#1516);
#1143=LINE('',#7445,#1517);
#1144=LINE('',#7448,#1518);
#1145=LINE('',#7453,#1519);
#1146=LINE('',#7454,#1520);
#1147=LINE('',#7465,#1521);
#1148=LINE('',#7474,#1522);
#1149=LINE('',#7482,#1523);
#1150=LINE('',#7489,#1524);
#1151=LINE('',#7494,#1525);
#1152=LINE('',#7498,#1526);
#1153=LINE('',#7502,#1527);
#1154=LINE('',#7505,#1528);
#1155=LINE('',#7516,#1529);
#1156=LINE('',#7524,#1530);
#1157=LINE('',#7532,#1531);
#1158=LINE('',#7540,#1532);
#1159=LINE('',#7544,#1533);
#1160=LINE('',#7547,#1534);
#1161=LINE('',#7549,#1535);
#1162=LINE('',#7566,#1536);
#1163=LINE('',#7593,#1537);
#1164=LINE('',#7606,#1538);
#1165=LINE('',#7608,#1539);
#1166=LINE('',#7622,#1540);
#1167=LINE('',#7625,#1541);
#1168=LINE('',#7628,#1542);
#1169=LINE('',#7630,#1543);
#1170=LINE('',#7633,#1544);
#1171=LINE('',#7634,#1545);
#1172=LINE('',#7636,#1546);
#1173=LINE('',#7639,#1547);
#1174=LINE('',#7644,#1548);
#1175=LINE('',#7645,#1549);
#1176=LINE('',#7656,#1550);
#1177=LINE('',#7665,#1551);
#1178=LINE('',#7673,#1552);
#1179=LINE('',#7680,#1553);
#1180=LINE('',#7681,#1554);
#1181=LINE('',#7692,#1555);
#1182=LINE('',#7700,#1556);
#1183=LINE('',#7708,#1557);
#1184=LINE('',#7716,#1558);
#1185=LINE('',#7720,#1559);
#1186=LINE('',#7723,#1560);
#1187=LINE('',#7725,#1561);
#1188=LINE('',#7742,#1562);
#1189=LINE('',#7769,#1563);
#1190=LINE('',#7782,#1564);
#1191=LINE('',#7784,#1565);
#1192=LINE('',#7798,#1566);
#1193=LINE('',#7800,#1567);
#1194=LINE('',#7802,#1568);
#1195=LINE('',#7807,#1569);
#1196=LINE('',#7809,#1570);
#1197=LINE('',#7810,#1571);
#1198=LINE('',#7811,#1572);
#1199=LINE('',#7812,#1573);
#1200=LINE('',#7814,#1574);
#1201=LINE('',#7833,#1575);
#1202=LINE('',#7848,#1576);
#1203=LINE('',#7853,#1577);
#1204=LINE('',#7856,#1578);
#1205=LINE('',#7860,#1579);
#1206=LINE('',#7862,#1580);
#1207=LINE('',#7863,#1581);
#1208=LINE('',#7866,#1582);
#1209=LINE('',#7868,#1583);
#1210=LINE('',#7870,#1584);
#1211=LINE('',#7871,#1585);
#1212=LINE('',#7873,#1586);
#1213=LINE('',#7875,#1587);
#1214=LINE('',#7879,#1588);
#1215=LINE('',#7880,#1589);
#1216=LINE('',#7881,#1590);
#1217=LINE('',#7884,#1591);
#1218=LINE('',#7885,#1592);
#1219=LINE('',#7888,#1593);
#1220=LINE('',#7889,#1594);
#1221=LINE('',#7891,#1595);
#1222=LINE('',#7894,#1596);
#1223=LINE('',#7898,#1597);
#1224=LINE('',#7902,#1598);
#1225=VECTOR('',#4589,1.6);
#1226=VECTOR('',#4598,1.6);
#1227=VECTOR('',#4607,1.59999999999999);
#1228=VECTOR('',#4614,10.);
#1229=VECTOR('',#4615,10.);
#1230=VECTOR('',#4616,10.);
#1231=VECTOR('',#4617,10.);
#1232=VECTOR('',#4620,10.);
#1233=VECTOR('',#4623,10.);
#1234=VECTOR('',#4626,10.);
#1235=VECTOR('',#4629,10.);
#1236=VECTOR('',#4632,10.);
#1237=VECTOR('',#4633,10.);
#1238=VECTOR('',#4634,10.);
#1239=VECTOR('',#4635,10.);
#1240=VECTOR('',#4638,10.);
#1241=VECTOR('',#4641,10.);
#1242=VECTOR('',#4644,10.);
#1243=VECTOR('',#4647,10.);
#1244=VECTOR('',#4650,10.);
#1245=VECTOR('',#4651,10.);
#1246=VECTOR('',#4652,10.);
#1247=VECTOR('',#4655,10.);
#1248=VECTOR('',#4660,10.);
#1249=VECTOR('',#4661,10.);
#1250=VECTOR('',#4664,10.);
#1251=VECTOR('',#4665,10.);
#1252=VECTOR('',#4666,10.);
#1253=VECTOR('',#4673,10.537109);
#1254=VECTOR('',#4674,10.537109);
#1255=VECTOR('',#4679,10.537109);
#1256=VECTOR('',#4680,10.537109);
#1257=VECTOR('',#4683,10.537109);
#1258=VECTOR('',#4686,10.);
#1259=VECTOR('',#4687,10.);
#1260=VECTOR('',#4688,10.);
#1261=VECTOR('',#4689,10.);
#1262=VECTOR('',#4690,10.);
#1263=VECTOR('',#4693,10.);
#1264=VECTOR('',#4696,10.);
#1265=VECTOR('',#4699,10.);
#1266=VECTOR('',#4700,10.);
#1267=VECTOR('',#4703,10.);
#1268=VECTOR('',#4706,10.);
#1269=VECTOR('',#4709,10.);
#1270=VECTOR('',#4714,10.);
#1271=VECTOR('',#4715,10.);
#1272=VECTOR('',#4718,10.);
#1273=VECTOR('',#4719,10.);
#1274=VECTOR('',#4726,10.);
#1275=VECTOR('',#4727,10.);
#1276=VECTOR('',#4740,10.);
#1277=VECTOR('',#4741,10.);
#1278=VECTOR('',#4752,10.);
#1279=VECTOR('',#4753,10.);
#1280=VECTOR('',#4754,10.);
#1281=VECTOR('',#4755,10.);
#1282=VECTOR('',#4758,10.);
#1283=VECTOR('',#4761,10.);
#1284=VECTOR('',#4764,10.);
#1285=VECTOR('',#4767,10.);
#1286=VECTOR('',#4770,10.);
#1287=VECTOR('',#4771,10.);
#1288=VECTOR('',#4772,10.);
#1289=VECTOR('',#4773,10.);
#1290=VECTOR('',#4776,10.);
#1291=VECTOR('',#4779,10.);
#1292=VECTOR('',#4782,10.);
#1293=VECTOR('',#4785,10.);
#1294=VECTOR('',#4788,10.537109);
#1295=VECTOR('',#4789,10.537109);
#1296=VECTOR('',#4794,10.537109);
#1297=VECTOR('',#4795,10.537109);
#1298=VECTOR('',#4798,10.537109);
#1299=VECTOR('',#4801,10.);
#1300=VECTOR('',#4804,10.);
#1301=VECTOR('',#4807,10.);
#1302=VECTOR('',#4810,10.);
#1303=VECTOR('',#4813,10.);
#1304=VECTOR('',#4814,10.);
#1305=VECTOR('',#4817,10.);
#1306=VECTOR('',#4818,10.);
#1307=VECTOR('',#4821,10.);
#1308=VECTOR('',#4822,10.);
#1309=VECTOR('',#4827,10.);
#1310=VECTOR('',#4830,10.);
#1311=VECTOR('',#4835,10.);
#1312=VECTOR('',#4840,10.);
#1313=VECTOR('',#4841,10.);
#1314=VECTOR('',#4844,10.);
#1315=VECTOR('',#4845,10.);
#1316=VECTOR('',#4848,10.);
#1317=VECTOR('',#4849,10.);
#1318=VECTOR('',#4856,10.);
#1319=VECTOR('',#4857,10.);
#1320=VECTOR('',#4858,10.);
#1321=VECTOR('',#4859,10.);
#1322=VECTOR('',#4862,10.);
#1323=VECTOR('',#4865,10.);
#1324=VECTOR('',#4868,10.);
#1325=VECTOR('',#4871,10.);
#1326=VECTOR('',#4874,10.);
#1327=VECTOR('',#4875,10.);
#1328=VECTOR('',#4876,10.);
#1329=VECTOR('',#4877,10.);
#1330=VECTOR('',#4880,10.);
#1331=VECTOR('',#4883,10.);
#1332=VECTOR('',#4886,10.537109);
#1333=VECTOR('',#4887,10.537109);
#1334=VECTOR('',#4892,10.537109);
#1335=VECTOR('',#4893,10.537109);
#1336=VECTOR('',#4896,10.537109);
#1337=VECTOR('',#4899,10.);
#1338=VECTOR('',#4902,10.);
#1339=VECTOR('',#4905,10.);
#1340=VECTOR('',#4908,10.);
#1341=VECTOR('',#4911,10.);
#1342=VECTOR('',#4912,10.);
#1343=VECTOR('',#4915,10.);
#1344=VECTOR('',#4918,10.);
#1345=VECTOR('',#4925,10.);
#1346=VECTOR('',#4926,10.);
#1347=VECTOR('',#4929,10.);
#1348=VECTOR('',#4930,10.);
#1349=VECTOR('',#4931,10.);
#1350=VECTOR('',#4932,10.);
#1351=VECTOR('',#4935,10.);
#1352=VECTOR('',#4938,10.);
#1353=VECTOR('',#4941,10.);
#1354=VECTOR('',#4944,10.);
#1355=VECTOR('',#4947,10.);
#1356=VECTOR('',#4948,10.);
#1357=VECTOR('',#4949,10.);
#1358=VECTOR('',#4950,10.);
#1359=VECTOR('',#4953,10.);
#1360=VECTOR('',#4956,10.);
#1361=VECTOR('',#4959,10.537109);
#1362=VECTOR('',#4960,10.537109);
#1363=VECTOR('',#4965,10.537109);
#1364=VECTOR('',#4966,10.537109);
#1365=VECTOR('',#4969,10.537109);
#1366=VECTOR('',#4972,10.);
#1367=VECTOR('',#4975,10.);
#1368=VECTOR('',#4978,10.);
#1369=VECTOR('',#4981,10.);
#1370=VECTOR('',#4984,10.);
#1371=VECTOR('',#4985,10.);
#1372=VECTOR('',#4988,10.);
#1373=VECTOR('',#4991,10.);
#1374=VECTOR('',#4998,10.);
#1375=VECTOR('',#4999,10.);
#1376=VECTOR('',#5002,10.);
#1377=VECTOR('',#5003,10.);
#1378=VECTOR('',#5004,10.);
#1379=VECTOR('',#5005,10.);
#1380=VECTOR('',#5008,10.);
#1381=VECTOR('',#5011,10.);
#1382=VECTOR('',#5014,10.);
#1383=VECTOR('',#5017,10.);
#1384=VECTOR('',#5020,10.);
#1385=VECTOR('',#5021,10.);
#1386=VECTOR('',#5022,10.);
#1387=VECTOR('',#5023,10.);
#1388=VECTOR('',#5026,10.);
#1389=VECTOR('',#5029,10.);
#1390=VECTOR('',#5032,10.537109);
#1391=VECTOR('',#5033,10.537109);
#1392=VECTOR('',#5038,10.537109);
#1393=VECTOR('',#5039,10.537109);
#1394=VECTOR('',#5042,10.537109);
#1395=VECTOR('',#5045,10.);
#1396=VECTOR('',#5048,10.);
#1397=VECTOR('',#5051,10.);
#1398=VECTOR('',#5054,10.);
#1399=VECTOR('',#5057,10.);
#1400=VECTOR('',#5058,10.);
#1401=VECTOR('',#5061,10.);
#1402=VECTOR('',#5064,10.);
#1403=VECTOR('',#5071,10.);
#1404=VECTOR('',#5072,10.);
#1405=VECTOR('',#5075,10.);
#1406=VECTOR('',#5076,10.);
#1407=VECTOR('',#5077,10.);
#1408=VECTOR('',#5078,10.);
#1409=VECTOR('',#5081,10.);
#1410=VECTOR('',#5084,10.);
#1411=VECTOR('',#5087,10.);
#1412=VECTOR('',#5090,10.);
#1413=VECTOR('',#5093,10.);
#1414=VECTOR('',#5094,10.);
#1415=VECTOR('',#5095,10.);
#1416=VECTOR('',#5096,10.);
#1417=VECTOR('',#5099,10.);
#1418=VECTOR('',#5102,10.);
#1419=VECTOR('',#5105,10.537109);
#1420=VECTOR('',#5106,10.537109);
#1421=VECTOR('',#5111,10.537109);
#1422=VECTOR('',#5112,10.537109);
#1423=VECTOR('',#5115,10.537109);
#1424=VECTOR('',#5118,10.);
#1425=VECTOR('',#5121,10.);
#1426=VECTOR('',#5124,10.);
#1427=VECTOR('',#5127,10.);
#1428=VECTOR('',#5130,10.);
#1429=VECTOR('',#5131,10.);
#1430=VECTOR('',#5134,10.);
#1431=VECTOR('',#5137,10.);
#1432=VECTOR('',#5144,10.);
#1433=VECTOR('',#5145,10.);
#1434=VECTOR('',#5148,10.);
#1435=VECTOR('',#5149,10.);
#1436=VECTOR('',#5150,10.);
#1437=VECTOR('',#5151,10.);
#1438=VECTOR('',#5154,10.);
#1439=VECTOR('',#5157,10.);
#1440=VECTOR('',#5160,10.);
#1441=VECTOR('',#5163,10.);
#1442=VECTOR('',#5166,10.);
#1443=VECTOR('',#5167,10.);
#1444=VECTOR('',#5168,10.);
#1445=VECTOR('',#5169,10.);
#1446=VECTOR('',#5172,10.);
#1447=VECTOR('',#5175,10.);
#1448=VECTOR('',#5178,10.537109);
#1449=VECTOR('',#5179,10.537109);
#1450=VECTOR('',#5184,10.537109);
#1451=VECTOR('',#5185,10.537109);
#1452=VECTOR('',#5188,10.537109);
#1453=VECTOR('',#5191,10.);
#1454=VECTOR('',#5194,10.);
#1455=VECTOR('',#5197,10.);
#1456=VECTOR('',#5200,10.);
#1457=VECTOR('',#5203,10.);
#1458=VECTOR('',#5204,10.);
#1459=VECTOR('',#5207,10.);
#1460=VECTOR('',#5210,10.);
#1461=VECTOR('',#5217,10.);
#1462=VECTOR('',#5218,10.);
#1463=VECTOR('',#5221,10.);
#1464=VECTOR('',#5222,10.);
#1465=VECTOR('',#5223,10.);
#1466=VECTOR('',#5224,10.);
#1467=VECTOR('',#5227,10.);
#1468=VECTOR('',#5230,10.);
#1469=VECTOR('',#5233,10.);
#1470=VECTOR('',#5236,10.);
#1471=VECTOR('',#5239,10.);
#1472=VECTOR('',#5240,10.);
#1473=VECTOR('',#5241,10.);
#1474=VECTOR('',#5242,10.);
#1475=VECTOR('',#5245,10.);
#1476=VECTOR('',#5248,10.);
#1477=VECTOR('',#5251,10.537109);
#1478=VECTOR('',#5252,10.537109);
#1479=VECTOR('',#5257,10.537109);
#1480=VECTOR('',#5258,10.537109);
#1481=VECTOR('',#5261,10.537109);
#1482=VECTOR('',#5264,10.);
#1483=VECTOR('',#5267,10.);
#1484=VECTOR('',#5270,10.);
#1485=VECTOR('',#5273,10.);
#1486=VECTOR('',#5276,10.);
#1487=VECTOR('',#5277,10.);
#1488=VECTOR('',#5280,10.);
#1489=VECTOR('',#5283,10.);
#1490=VECTOR('',#5290,10.);
#1491=VECTOR('',#5291,10.);
#1492=VECTOR('',#5294,10.);
#1493=VECTOR('',#5295,10.);
#1494=VECTOR('',#5296,10.);
#1495=VECTOR('',#5297,10.);
#1496=VECTOR('',#5300,10.);
#1497=VECTOR('',#5303,10.);
#1498=VECTOR('',#5306,10.);
#1499=VECTOR('',#5309,10.);
#1500=VECTOR('',#5312,10.);
#1501=VECTOR('',#5313,10.);
#1502=VECTOR('',#5314,10.);
#1503=VECTOR('',#5315,10.);
#1504=VECTOR('',#5318,10.);
#1505=VECTOR('',#5321,10.);
#1506=VECTOR('',#5324,10.537109);
#1507=VECTOR('',#5325,10.537109);
#1508=VECTOR('',#5330,10.537109);
#1509=VECTOR('',#5331,10.537109);
#1510=VECTOR('',#5334,10.537109);
#1511=VECTOR('',#5337,10.);
#1512=VECTOR('',#5340,10.);
#1513=VECTOR('',#5343,10.);
#1514=VECTOR('',#5346,10.);
#1515=VECTOR('',#5349,10.);
#1516=VECTOR('',#5350,10.);
#1517=VECTOR('',#5353,10.);
#1518=VECTOR('',#5356,10.);
#1519=VECTOR('',#5363,10.);
#1520=VECTOR('',#5364,10.);
#1521=VECTOR('',#5367,10.);
#1522=VECTOR('',#5368,10.);
#1523=VECTOR('',#5369,10.);
#1524=VECTOR('',#5370,10.);
#1525=VECTOR('',#5373,10.);
#1526=VECTOR('',#5376,10.);
#1527=VECTOR('',#5379,10.);
#1528=VECTOR('',#5382,10.);
#1529=VECTOR('',#5385,10.);
#1530=VECTOR('',#5386,10.);
#1531=VECTOR('',#5387,10.);
#1532=VECTOR('',#5388,10.);
#1533=VECTOR('',#5391,10.);
#1534=VECTOR('',#5394,10.);
#1535=VECTOR('',#5397,10.537109);
#1536=VECTOR('',#5398,10.537109);
#1537=VECTOR('',#5403,10.537109);
#1538=VECTOR('',#5404,10.537109);
#1539=VECTOR('',#5407,10.537109);
#1540=VECTOR('',#5410,10.);
#1541=VECTOR('',#5413,10.);
#1542=VECTOR('',#5416,10.);
#1543=VECTOR('',#5419,10.);
#1544=VECTOR('',#5422,10.);
#1545=VECTOR('',#5423,10.);
#1546=VECTOR('',#5426,10.);
#1547=VECTOR('',#5429,10.);
#1548=VECTOR('',#5436,10.);
#1549=VECTOR('',#5437,10.);
#1550=VECTOR('',#5440,10.);
#1551=VECTOR('',#5441,10.);
#1552=VECTOR('',#5442,10.);
#1553=VECTOR('',#5443,10.);
#1554=VECTOR('',#5444,10.);
#1555=VECTOR('',#5447,10.);
#1556=VECTOR('',#5448,10.);
#1557=VECTOR('',#5449,10.);
#1558=VECTOR('',#5450,10.);
#1559=VECTOR('',#5453,10.);
#1560=VECTOR('',#5456,10.);
#1561=VECTOR('',#5459,10.537109);
#1562=VECTOR('',#5460,10.537109);
#1563=VECTOR('',#5465,10.537109);
#1564=VECTOR('',#5466,10.537109);
#1565=VECTOR('',#5469,10.537109);
#1566=VECTOR('',#5472,10.);
#1567=VECTOR('',#5475,10.);
#1568=VECTOR('',#5478,10.);
#1569=VECTOR('',#5485,10.);
#1570=VECTOR('',#5486,10.);
#1571=VECTOR('',#5487,10.);
#1572=VECTOR('',#5488,10.);
#1573=VECTOR('',#5489,10.);
#1574=VECTOR('',#5492,10.);
#1575=VECTOR('',#5503,10.);
#1576=VECTOR('',#5510,10.);
#1577=VECTOR('',#5517,10.);
#1578=VECTOR('',#5520,10.);
#1579=VECTOR('',#5525,10.);
#1580=VECTOR('',#5526,10.);
#1581=VECTOR('',#5527,10.);
#1582=VECTOR('',#5528,10.);
#1583=VECTOR('',#5529,10.);
#1584=VECTOR('',#5530,10.);
#1585=VECTOR('',#5531,10.);
#1586=VECTOR('',#5534,10.);
#1587=VECTOR('',#5537,10.);
#1588=VECTOR('',#5540,10.);
#1589=VECTOR('',#5541,10.);
#1590=VECTOR('',#5542,10.);
#1591=VECTOR('',#5545,10.);
#1592=VECTOR('',#5546,10.);
#1593=VECTOR('',#5549,10.);
#1594=VECTOR('',#5550,10.);
#1595=VECTOR('',#5553,10.);
#1596=VECTOR('',#5556,10.);
#1597=VECTOR('',#5561,10.);
#1598=VECTOR('',#5564,10.);
#1599=CIRCLE('',#4272,1.6);
#1600=CIRCLE('',#4273,1.6);
#1601=CIRCLE('',#4276,1.6);
#1602=CIRCLE('',#4277,1.6);
#1603=CIRCLE('',#4280,1.59999999999999);
#1604=CIRCLE('',#4281,1.59999999999999);
#1605=CIRCLE('',#4284,10.);
#1606=CIRCLE('',#4285,10.);
#1607=CIRCLE('',#4286,10.);
#1608=CIRCLE('',#4287,10.);
#1609=CIRCLE('',#4289,10.);
#1610=CIRCLE('',#4290,10.);
#1611=CIRCLE('',#4291,10.);
#1612=CIRCLE('',#4292,10.);
#1613=CIRCLE('',#4295,10.);
#1614=CIRCLE('',#4299,10.);
#1615=CIRCLE('',#4306,10.);
#1616=CIRCLE('',#4309,10.);
#1617=CIRCLE('',#4311,10.);
#1618=CIRCLE('',#4315,10.);
#1619=CIRCLE('',#4318,8.);
#1620=CIRCLE('',#4319,2.);
#1621=CIRCLE('',#4320,10.);
#1622=CIRCLE('',#4322,2.);
#1623=CIRCLE('',#4324,10.);
#1624=CIRCLE('',#4325,8.);
#1625=CIRCLE('',#4328,10.);
#1626=CIRCLE('',#4329,10.);
#1627=CIRCLE('',#4330,10.);
#1628=CIRCLE('',#4331,10.);
#1629=CIRCLE('',#4333,10.);
#1630=CIRCLE('',#4334,10.);
#1631=CIRCLE('',#4335,10.);
#1632=CIRCLE('',#4336,10.);
#1633=CIRCLE('',#4342,10.);
#1634=CIRCLE('',#4344,10.);
#1635=CIRCLE('',#4349,10.);
#1636=CIRCLE('',#4351,10.);
#1637=CIRCLE('',#4353,10.);
#1638=CIRCLE('',#4358,10.);
#1639=CIRCLE('',#4360,10.);
#1640=CIRCLE('',#4361,10.);
#1641=CIRCLE('',#4362,10.);
#1642=CIRCLE('',#4363,10.);
#1643=CIRCLE('',#4365,10.);
#1644=CIRCLE('',#4366,10.);
#1645=CIRCLE('',#4373,10.);
#1646=CIRCLE('',#4378,10.);
#1647=CIRCLE('',#4382,10.);
#1648=CIRCLE('',#4383,10.);
#1649=CIRCLE('',#4384,10.);
#1650=CIRCLE('',#4385,10.);
#1651=CIRCLE('',#4387,10.);
#1652=CIRCLE('',#4388,10.);
#1653=CIRCLE('',#4395,10.);
#1654=CIRCLE('',#4400,10.);
#1655=CIRCLE('',#4404,10.);
#1656=CIRCLE('',#4405,10.);
#1657=CIRCLE('',#4406,10.);
#1658=CIRCLE('',#4407,10.);
#1659=CIRCLE('',#4409,10.);
#1660=CIRCLE('',#4410,10.);
#1661=CIRCLE('',#4417,10.);
#1662=CIRCLE('',#4422,10.);
#1663=CIRCLE('',#4426,10.);
#1664=CIRCLE('',#4427,10.);
#1665=CIRCLE('',#4428,10.);
#1666=CIRCLE('',#4429,10.);
#1667=CIRCLE('',#4431,10.);
#1668=CIRCLE('',#4432,10.);
#1669=CIRCLE('',#4439,10.);
#1670=CIRCLE('',#4444,10.);
#1671=CIRCLE('',#4448,10.);
#1672=CIRCLE('',#4449,10.);
#1673=CIRCLE('',#4450,10.);
#1674=CIRCLE('',#4451,10.);
#1675=CIRCLE('',#4453,10.);
#1676=CIRCLE('',#4454,10.);
#1677=CIRCLE('',#4461,10.);
#1678=CIRCLE('',#4466,10.);
#1679=CIRCLE('',#4470,10.);
#1680=CIRCLE('',#4471,10.);
#1681=CIRCLE('',#4472,10.);
#1682=CIRCLE('',#4473,10.);
#1683=CIRCLE('',#4475,10.);
#1684=CIRCLE('',#4476,10.);
#1685=CIRCLE('',#4483,10.);
#1686=CIRCLE('',#4488,10.);
#1687=CIRCLE('',#4492,10.);
#1688=CIRCLE('',#4493,10.);
#1689=CIRCLE('',#4494,10.);
#1690=CIRCLE('',#4495,10.);
#1691=CIRCLE('',#4497,10.);
#1692=CIRCLE('',#4498,10.);
#1693=CIRCLE('',#4505,10.);
#1694=CIRCLE('',#4510,10.);
#1695=CIRCLE('',#4514,10.);
#1696=CIRCLE('',#4515,10.);
#1697=CIRCLE('',#4516,10.);
#1698=CIRCLE('',#4517,10.);
#1699=CIRCLE('',#4519,10.);
#1700=CIRCLE('',#4520,10.);
#1701=CIRCLE('',#4527,10.);
#1702=CIRCLE('',#4532,10.);
#1703=CIRCLE('',#4537,10.);
#1704=CIRCLE('',#4538,10.);
#1705=CIRCLE('',#4551,2.5);
#1706=CIRCLE('',#4552,7.5);
#1707=CIRCLE('',#4554,2.5);
#1708=CIRCLE('',#4556,7.5);
#1709=CIRCLE('',#4560,2.5);
#1710=CIRCLE('',#4562,2.5);
#1711=CIRCLE('',#4571,2.5);
#1712=CIRCLE('',#4573,7.5);
#1713=CIRCLE('',#4574,7.5);
#1714=CIRCLE('',#4576,2.5);
#1715=CIRCLE('',#4579,2.5);
#1716=CIRCLE('',#4581,2.5);
#1717=VERTEX_POINT('',#5585);
#1718=VERTEX_POINT('',#5587);
#1719=VERTEX_POINT('',#5592);
#1720=VERTEX_POINT('',#5594);
#1721=VERTEX_POINT('',#5599);
#1722=VERTEX_POINT('',#5601);
#1723=VERTEX_POINT('',#5606);
#1724=VERTEX_POINT('',#5607);
#1725=VERTEX_POINT('',#5614);
#1726=VERTEX_POINT('',#5616);
#1727=VERTEX_POINT('',#5623);
#1728=VERTEX_POINT('',#5625);
#1729=VERTEX_POINT('',#5631);
#1730=VERTEX_POINT('',#5633);
#1731=VERTEX_POINT('',#5640);
#1732=VERTEX_POINT('',#5641);
#1733=VERTEX_POINT('',#5643);
#1734=VERTEX_POINT('',#5645);
#1735=VERTEX_POINT('',#5647);
#1736=VERTEX_POINT('',#5649);
#1737=VERTEX_POINT('',#5651);
#1738=VERTEX_POINT('',#5653);
#1739=VERTEX_POINT('',#5657);
#1740=VERTEX_POINT('',#5658);
#1741=VERTEX_POINT('',#5665);
#1742=VERTEX_POINT('',#5667);
#1743=VERTEX_POINT('',#5673);
#1744=VERTEX_POINT('',#5675);
#1745=VERTEX_POINT('',#5681);
#1746=VERTEX_POINT('',#5683);
#1747=VERTEX_POINT('',#5691);
#1748=VERTEX_POINT('',#5692);
#1749=VERTEX_POINT('',#5694);
#1750=VERTEX_POINT('',#5696);
#1751=VERTEX_POINT('',#5698);
#1752=VERTEX_POINT('',#5700);
#1753=VERTEX_POINT('',#5702);
#1754=VERTEX_POINT('',#5704);
#1755=VERTEX_POINT('',#5708);
#1756=VERTEX_POINT('',#5710);
#1757=VERTEX_POINT('',#5714);
#1758=VERTEX_POINT('',#5718);
#1759=VERTEX_POINT('',#5722);
#1760=VERTEX_POINT('',#5724);
#1761=VERTEX_POINT('',#5803);
#1762=VERTEX_POINT('',#5805);
#1763=VERTEX_POINT('',#5807);
#1764=VERTEX_POINT('',#5809);
#1765=VERTEX_POINT('',#5813);
#1766=VERTEX_POINT('',#5815);
#1767=VERTEX_POINT('',#5819);
#1768=VERTEX_POINT('',#5823);
#1769=VERTEX_POINT('',#5825);
#1770=VERTEX_POINT('',#5829);
#1771=VERTEX_POINT('',#5833);
#1772=VERTEX_POINT('',#5837);
#1773=VERTEX_POINT('',#5843);
#1774=VERTEX_POINT('',#5844);
#1775=VERTEX_POINT('',#5846);
#1776=VERTEX_POINT('',#5861);
#1777=VERTEX_POINT('',#5878);
#1778=VERTEX_POINT('',#5880);
#1779=VERTEX_POINT('',#5884);
#1780=VERTEX_POINT('',#5885);
#1781=VERTEX_POINT('',#5894);
#1782=VERTEX_POINT('',#5895);
#1783=VERTEX_POINT('',#5902);
#1784=VERTEX_POINT('',#5904);
#1785=VERTEX_POINT('',#5911);
#1786=VERTEX_POINT('',#5913);
#1787=VERTEX_POINT('',#5919);
#1788=VERTEX_POINT('',#5921);
#1789=VERTEX_POINT('',#5928);
#1790=VERTEX_POINT('',#5929);
#1791=VERTEX_POINT('',#5931);
#1792=VERTEX_POINT('',#5933);
#1793=VERTEX_POINT('',#5935);
#1794=VERTEX_POINT('',#5937);
#1795=VERTEX_POINT('',#5939);
#1796=VERTEX_POINT('',#5941);
#1797=VERTEX_POINT('',#5945);
#1798=VERTEX_POINT('',#5946);
#1799=VERTEX_POINT('',#5953);
#1800=VERTEX_POINT('',#5955);
#1801=VERTEX_POINT('',#5961);
#1802=VERTEX_POINT('',#5963);
#1803=VERTEX_POINT('',#5969);
#1804=VERTEX_POINT('',#5971);
#1805=VERTEX_POINT('',#5979);
#1806=VERTEX_POINT('',#5980);
#1807=VERTEX_POINT('',#5982);
#1808=VERTEX_POINT('',#5984);
#1809=VERTEX_POINT('',#5986);
#1810=VERTEX_POINT('',#5988);
#1811=VERTEX_POINT('',#5990);
#1812=VERTEX_POINT('',#5992);
#1813=VERTEX_POINT('',#6069);
#1814=VERTEX_POINT('',#6071);
#1815=VERTEX_POINT('',#6075);
#1816=VERTEX_POINT('',#6077);
#1817=VERTEX_POINT('',#6081);
#1818=VERTEX_POINT('',#6085);
#1819=VERTEX_POINT('',#6089);
#1820=VERTEX_POINT('',#6093);
#1821=VERTEX_POINT('',#6097);
#1822=VERTEX_POINT('',#6101);
#1823=VERTEX_POINT('',#6105);
#1824=VERTEX_POINT('',#6109);
#1825=VERTEX_POINT('',#6113);
#1826=VERTEX_POINT('',#6119);
#1827=VERTEX_POINT('',#6120);
#1828=VERTEX_POINT('',#6127);
#1829=VERTEX_POINT('',#6129);
#1830=VERTEX_POINT('',#6136);
#1831=VERTEX_POINT('',#6138);
#1832=VERTEX_POINT('',#6144);
#1833=VERTEX_POINT('',#6146);
#1834=VERTEX_POINT('',#6153);
#1835=VERTEX_POINT('',#6154);
#1836=VERTEX_POINT('',#6156);
#1837=VERTEX_POINT('',#6158);
#1838=VERTEX_POINT('',#6160);
#1839=VERTEX_POINT('',#6162);
#1840=VERTEX_POINT('',#6164);
#1841=VERTEX_POINT('',#6166);
#1842=VERTEX_POINT('',#6170);
#1843=VERTEX_POINT('',#6171);
#1844=VERTEX_POINT('',#6178);
#1845=VERTEX_POINT('',#6180);
#1846=VERTEX_POINT('',#6186);
#1847=VERTEX_POINT('',#6188);
#1848=VERTEX_POINT('',#6194);
#1849=VERTEX_POINT('',#6196);
#1850=VERTEX_POINT('',#6204);
#1851=VERTEX_POINT('',#6206);
#1852=VERTEX_POINT('',#6208);
#1853=VERTEX_POINT('',#6287);
#1854=VERTEX_POINT('',#6289);
#1855=VERTEX_POINT('',#6295);
#1856=VERTEX_POINT('',#6301);
#1857=VERTEX_POINT('',#6306);
#1858=VERTEX_POINT('',#6310);
#1859=VERTEX_POINT('',#6311);
#1860=VERTEX_POINT('',#6318);
#1861=VERTEX_POINT('',#6320);
#1862=VERTEX_POINT('',#6327);
#1863=VERTEX_POINT('',#6329);
#1864=VERTEX_POINT('',#6335);
#1865=VERTEX_POINT('',#6337);
#1866=VERTEX_POINT('',#6344);
#1867=VERTEX_POINT('',#6345);
#1868=VERTEX_POINT('',#6347);
#1869=VERTEX_POINT('',#6349);
#1870=VERTEX_POINT('',#6351);
#1871=VERTEX_POINT('',#6353);
#1872=VERTEX_POINT('',#6355);
#1873=VERTEX_POINT('',#6357);
#1874=VERTEX_POINT('',#6361);
#1875=VERTEX_POINT('',#6362);
#1876=VERTEX_POINT('',#6369);
#1877=VERTEX_POINT('',#6371);
#1878=VERTEX_POINT('',#6377);
#1879=VERTEX_POINT('',#6379);
#1880=VERTEX_POINT('',#6385);
#1881=VERTEX_POINT('',#6387);
#1882=VERTEX_POINT('',#6395);
#1883=VERTEX_POINT('',#6397);
#1884=VERTEX_POINT('',#6399);
#1885=VERTEX_POINT('',#6478);
#1886=VERTEX_POINT('',#6480);
#1887=VERTEX_POINT('',#6486);
#1888=VERTEX_POINT('',#6492);
#1889=VERTEX_POINT('',#6497);
#1890=VERTEX_POINT('',#6501);
#1891=VERTEX_POINT('',#6502);
#1892=VERTEX_POINT('',#6509);
#1893=VERTEX_POINT('',#6511);
#1894=VERTEX_POINT('',#6518);
#1895=VERTEX_POINT('',#6520);
#1896=VERTEX_POINT('',#6526);
#1897=VERTEX_POINT('',#6528);
#1898=VERTEX_POINT('',#6535);
#1899=VERTEX_POINT('',#6536);
#1900=VERTEX_POINT('',#6538);
#1901=VERTEX_POINT('',#6540);
#1902=VERTEX_POINT('',#6542);
#1903=VERTEX_POINT('',#6544);
#1904=VERTEX_POINT('',#6546);
#1905=VERTEX_POINT('',#6548);
#1906=VERTEX_POINT('',#6552);
#1907=VERTEX_POINT('',#6553);
#1908=VERTEX_POINT('',#6560);
#1909=VERTEX_POINT('',#6562);
#1910=VERTEX_POINT('',#6568);
#1911=VERTEX_POINT('',#6570);
#1912=VERTEX_POINT('',#6576);
#1913=VERTEX_POINT('',#6578);
#1914=VERTEX_POINT('',#6586);
#1915=VERTEX_POINT('',#6588);
#1916=VERTEX_POINT('',#6590);
#1917=VERTEX_POINT('',#6669);
#1918=VERTEX_POINT('',#6671);
#1919=VERTEX_POINT('',#6677);
#1920=VERTEX_POINT('',#6683);
#1921=VERTEX_POINT('',#6688);
#1922=VERTEX_POINT('',#6692);
#1923=VERTEX_POINT('',#6693);
#1924=VERTEX_POINT('',#6700);
#1925=VERTEX_POINT('',#6702);
#1926=VERTEX_POINT('',#6709);
#1927=VERTEX_POINT('',#6711);
#1928=VERTEX_POINT('',#6717);
#1929=VERTEX_POINT('',#6719);
#1930=VERTEX_POINT('',#6726);
#1931=VERTEX_POINT('',#6727);
#1932=VERTEX_POINT('',#6729);
#1933=VERTEX_POINT('',#6731);
#1934=VERTEX_POINT('',#6733);
#1935=VERTEX_POINT('',#6735);
#1936=VERTEX_POINT('',#6737);
#1937=VERTEX_POINT('',#6739);
#1938=VERTEX_POINT('',#6743);
#1939=VERTEX_POINT('',#6744);
#1940=VERTEX_POINT('',#6751);
#1941=VERTEX_POINT('',#6753);
#1942=VERTEX_POINT('',#6759);
#1943=VERTEX_POINT('',#6761);
#1944=VERTEX_POINT('',#6767);
#1945=VERTEX_POINT('',#6769);
#1946=VERTEX_POINT('',#6777);
#1947=VERTEX_POINT('',#6779);
#1948=VERTEX_POINT('',#6781);
#1949=VERTEX_POINT('',#6860);
#1950=VERTEX_POINT('',#6862);
#1951=VERTEX_POINT('',#6868);
#1952=VERTEX_POINT('',#6874);
#1953=VERTEX_POINT('',#6879);
#1954=VERTEX_POINT('',#6883);
#1955=VERTEX_POINT('',#6884);
#1956=VERTEX_POINT('',#6891);
#1957=VERTEX_POINT('',#6893);
#1958=VERTEX_POINT('',#6900);
#1959=VERTEX_POINT('',#6902);
#1960=VERTEX_POINT('',#6908);
#1961=VERTEX_POINT('',#6910);
#1962=VERTEX_POINT('',#6917);
#1963=VERTEX_POINT('',#6918);
#1964=VERTEX_POINT('',#6920);
#1965=VERTEX_POINT('',#6922);
#1966=VERTEX_POINT('',#6924);
#1967=VERTEX_POINT('',#6926);
#1968=VERTEX_POINT('',#6928);
#1969=VERTEX_POINT('',#6930);
#1970=VERTEX_POINT('',#6934);
#1971=VERTEX_POINT('',#6935);
#1972=VERTEX_POINT('',#6942);
#1973=VERTEX_POINT('',#6944);
#1974=VERTEX_POINT('',#6950);
#1975=VERTEX_POINT('',#6952);
#1976=VERTEX_POINT('',#6958);
#1977=VERTEX_POINT('',#6960);
#1978=VERTEX_POINT('',#6968);
#1979=VERTEX_POINT('',#6970);
#1980=VERTEX_POINT('',#6972);
#1981=VERTEX_POINT('',#7051);
#1982=VERTEX_POINT('',#7053);
#1983=VERTEX_POINT('',#7059);
#1984=VERTEX_POINT('',#7065);
#1985=VERTEX_POINT('',#7070);
#1986=VERTEX_POINT('',#7074);
#1987=VERTEX_POINT('',#7075);
#1988=VERTEX_POINT('',#7082);
#1989=VERTEX_POINT('',#7084);
#1990=VERTEX_POINT('',#7091);
#1991=VERTEX_POINT('',#7093);
#1992=VERTEX_POINT('',#7099);
#1993=VERTEX_POINT('',#7101);
#1994=VERTEX_POINT('',#7108);
#1995=VERTEX_POINT('',#7109);
#1996=VERTEX_POINT('',#7111);
#1997=VERTEX_POINT('',#7113);
#1998=VERTEX_POINT('',#7115);
#1999=VERTEX_POINT('',#7117);
#2000=VERTEX_POINT('',#7119);
#2001=VERTEX_POINT('',#7121);
#2002=VERTEX_POINT('',#7125);
#2003=VERTEX_POINT('',#7126);
#2004=VERTEX_POINT('',#7133);
#2005=VERTEX_POINT('',#7135);
#2006=VERTEX_POINT('',#7141);
#2007=VERTEX_POINT('',#7143);
#2008=VERTEX_POINT('',#7149);
#2009=VERTEX_POINT('',#7151);
#2010=VERTEX_POINT('',#7159);
#2011=VERTEX_POINT('',#7161);
#2012=VERTEX_POINT('',#7163);
#2013=VERTEX_POINT('',#7242);
#2014=VERTEX_POINT('',#7244);
#2015=VERTEX_POINT('',#7250);
#2016=VERTEX_POINT('',#7256);
#2017=VERTEX_POINT('',#7261);
#2018=VERTEX_POINT('',#7265);
#2019=VERTEX_POINT('',#7266);
#2020=VERTEX_POINT('',#7273);
#2021=VERTEX_POINT('',#7275);
#2022=VERTEX_POINT('',#7282);
#2023=VERTEX_POINT('',#7284);
#2024=VERTEX_POINT('',#7290);
#2025=VERTEX_POINT('',#7292);
#2026=VERTEX_POINT('',#7299);
#2027=VERTEX_POINT('',#7300);
#2028=VERTEX_POINT('',#7302);
#2029=VERTEX_POINT('',#7304);
#2030=VERTEX_POINT('',#7306);
#2031=VERTEX_POINT('',#7308);
#2032=VERTEX_POINT('',#7310);
#2033=VERTEX_POINT('',#7312);
#2034=VERTEX_POINT('',#7316);
#2035=VERTEX_POINT('',#7317);
#2036=VERTEX_POINT('',#7324);
#2037=VERTEX_POINT('',#7326);
#2038=VERTEX_POINT('',#7332);
#2039=VERTEX_POINT('',#7334);
#2040=VERTEX_POINT('',#7340);
#2041=VERTEX_POINT('',#7342);
#2042=VERTEX_POINT('',#7350);
#2043=VERTEX_POINT('',#7352);
#2044=VERTEX_POINT('',#7354);
#2045=VERTEX_POINT('',#7433);
#2046=VERTEX_POINT('',#7435);
#2047=VERTEX_POINT('',#7441);
#2048=VERTEX_POINT('',#7447);
#2049=VERTEX_POINT('',#7452);
#2050=VERTEX_POINT('',#7456);
#2051=VERTEX_POINT('',#7457);
#2052=VERTEX_POINT('',#7464);
#2053=VERTEX_POINT('',#7466);
#2054=VERTEX_POINT('',#7473);
#2055=VERTEX_POINT('',#7475);
#2056=VERTEX_POINT('',#7481);
#2057=VERTEX_POINT('',#7483);
#2058=VERTEX_POINT('',#7490);
#2059=VERTEX_POINT('',#7491);
#2060=VERTEX_POINT('',#7493);
#2061=VERTEX_POINT('',#7495);
#2062=VERTEX_POINT('',#7497);
#2063=VERTEX_POINT('',#7499);
#2064=VERTEX_POINT('',#7501);
#2065=VERTEX_POINT('',#7503);
#2066=VERTEX_POINT('',#7507);
#2067=VERTEX_POINT('',#7508);
#2068=VERTEX_POINT('',#7515);
#2069=VERTEX_POINT('',#7517);
#2070=VERTEX_POINT('',#7523);
#2071=VERTEX_POINT('',#7525);
#2072=VERTEX_POINT('',#7531);
#2073=VERTEX_POINT('',#7533);
#2074=VERTEX_POINT('',#7541);
#2075=VERTEX_POINT('',#7543);
#2076=VERTEX_POINT('',#7545);
#2077=VERTEX_POINT('',#7624);
#2078=VERTEX_POINT('',#7626);
#2079=VERTEX_POINT('',#7632);
#2080=VERTEX_POINT('',#7638);
#2081=VERTEX_POINT('',#7643);
#2082=VERTEX_POINT('',#7647);
#2083=VERTEX_POINT('',#7648);
#2084=VERTEX_POINT('',#7655);
#2085=VERTEX_POINT('',#7657);
#2086=VERTEX_POINT('',#7664);
#2087=VERTEX_POINT('',#7666);
#2088=VERTEX_POINT('',#7672);
#2089=VERTEX_POINT('',#7674);
#2090=VERTEX_POINT('',#7683);
#2091=VERTEX_POINT('',#7684);
#2092=VERTEX_POINT('',#7691);
#2093=VERTEX_POINT('',#7693);
#2094=VERTEX_POINT('',#7699);
#2095=VERTEX_POINT('',#7701);
#2096=VERTEX_POINT('',#7707);
#2097=VERTEX_POINT('',#7709);
#2098=VERTEX_POINT('',#7717);
#2099=VERTEX_POINT('',#7719);
#2100=VERTEX_POINT('',#7721);
#2101=VERTEX_POINT('',#7806);
#2102=VERTEX_POINT('',#7808);
#2103=VERTEX_POINT('',#7816);
#2104=VERTEX_POINT('',#7827);
#2105=VERTEX_POINT('',#7831);
#2106=VERTEX_POINT('',#7835);
#2107=VERTEX_POINT('',#7851);
#2108=VERTEX_POINT('',#7855);
#2109=VERTEX_POINT('',#7859);
#2110=VERTEX_POINT('',#7861);
#2111=VERTEX_POINT('',#7864);
#2112=VERTEX_POINT('',#7865);
#2113=VERTEX_POINT('',#7867);
#2114=VERTEX_POINT('',#7869);
#2115=VERTEX_POINT('',#7877);
#2116=VERTEX_POINT('',#7878);
#2117=VERTEX_POINT('',#7883);
#2118=VERTEX_POINT('',#7887);
#2119=VERTEX_POINT('',#7893);
#2120=VERTEX_POINT('',#7897);
#2121=VERTEX_POINT('',#7899);
#2122=VERTEX_POINT('',#7901);
#2123=EDGE_CURVE('',#1717,#1717,#1599,.T.);
#2124=EDGE_CURVE('',#1717,#1718,#851,.T.);
#2125=EDGE_CURVE('',#1718,#1718,#1600,.T.);
#2126=EDGE_CURVE('',#1719,#1719,#1601,.T.);
#2127=EDGE_CURVE('',#1719,#1720,#852,.T.);
#2128=EDGE_CURVE('',#1720,#1720,#1602,.T.);
#2129=EDGE_CURVE('',#1721,#1721,#1603,.T.);
#2130=EDGE_CURVE('',#1721,#1722,#853,.T.);
#2131=EDGE_CURVE('',#1722,#1722,#1604,.T.);
#2132=EDGE_CURVE('',#1723,#1724,#92,.F.);
#2133=EDGE_CURVE('',#1724,#1725,#854,.F.);
#2134=EDGE_CURVE('',#1725,#1726,#93,.F.);
#2135=EDGE_CURVE('',#1726,#1727,#855,.F.);
#2136=EDGE_CURVE('',#1727,#1728,#94,.F.);
#2137=EDGE_CURVE('',#1728,#1729,#856,.F.);
#2138=EDGE_CURVE('',#1729,#1730,#95,.F.);
#2139=EDGE_CURVE('',#1730,#1723,#857,.F.);
#2140=EDGE_CURVE('',#1731,#1732,#1605,.T.);
#2141=EDGE_CURVE('',#1733,#1731,#858,.T.);
#2142=EDGE_CURVE('',#1734,#1733,#1606,.T.);
#2143=EDGE_CURVE('',#1734,#1735,#859,.T.);
#2144=EDGE_CURVE('',#1735,#1736,#1607,.T.);
#2145=EDGE_CURVE('',#1736,#1737,#860,.T.);
#2146=EDGE_CURVE('',#1737,#1738,#1608,.T.);
#2147=EDGE_CURVE('',#1738,#1732,#861,.T.);
#2148=EDGE_CURVE('',#1739,#1740,#96,.F.);
#2149=EDGE_CURVE('',#1741,#1739,#862,.F.);
#2150=EDGE_CURVE('',#1742,#1741,#97,.F.);
#2151=EDGE_CURVE('',#1743,#1742,#863,.F.);
#2152=EDGE_CURVE('',#1744,#1743,#98,.F.);
#2153=EDGE_CURVE('',#1745,#1744,#864,.F.);
#2154=EDGE_CURVE('',#1746,#1745,#99,.F.);
#2155=EDGE_CURVE('',#1740,#1746,#865,.F.);
#2156=EDGE_CURVE('',#1747,#1748,#1609,.T.);
#2157=EDGE_CURVE('',#1749,#1747,#866,.T.);
#2158=EDGE_CURVE('',#1750,#1749,#1610,.T.);
#2159=EDGE_CURVE('',#1751,#1750,#867,.T.);
#2160=EDGE_CURVE('',#1752,#1751,#1611,.T.);
#2161=EDGE_CURVE('',#1753,#1752,#868,.T.);
#2162=EDGE_CURVE('',#1754,#1753,#1612,.T.);
#2163=EDGE_CURVE('',#1748,#1754,#869,.T.);
#2164=EDGE_CURVE('',#1736,#1755,#870,.T.);
#2165=EDGE_CURVE('',#1755,#1756,#871,.T.);
#2166=EDGE_CURVE('',#1737,#1756,#872,.T.);
#2167=EDGE_CURVE('',#1735,#1757,#873,.T.);
#2168=EDGE_CURVE('',#1757,#1755,#1613,.T.);
#2169=EDGE_CURVE('',#1758,#1734,#874,.T.);
#2170=EDGE_CURVE('',#1758,#1757,#875,.T.);
#2171=EDGE_CURVE('',#1738,#1759,#876,.T.);
#2172=EDGE_CURVE('',#1759,#1760,#877,.T.);
#2173=EDGE_CURVE('',#1732,#1760,#878,.T.);
#2174=EDGE_CURVE('',#1756,#1759,#1614,.T.);
#2175=EDGE_CURVE('',#1739,#1723,#879,.T.);
#2176=EDGE_CURVE('',#1741,#1730,#100,.T.);
#2177=EDGE_CURVE('',#1742,#1729,#880,.T.);
#2178=EDGE_CURVE('',#1743,#1728,#101,.T.);
#2179=EDGE_CURVE('',#1744,#1727,#102,.F.);
#2180=EDGE_CURVE('',#1745,#1726,#881,.T.);
#2181=EDGE_CURVE('',#1746,#1725,#882,.T.);
#2182=EDGE_CURVE('',#1740,#1724,#883,.T.);
#2183=EDGE_CURVE('',#1760,#1761,#884,.T.);
#2184=EDGE_CURVE('',#1762,#1758,#885,.T.);
#2185=EDGE_CURVE('',#1763,#1762,#886,.T.);
#2186=EDGE_CURVE('',#1764,#1763,#887,.T.);
#2187=EDGE_CURVE('',#1761,#1764,#888,.T.);
#2188=EDGE_CURVE('',#1751,#1765,#889,.T.);
#2189=EDGE_CURVE('',#1765,#1766,#1615,.T.);
#2190=EDGE_CURVE('',#1766,#1752,#890,.T.);
#2191=EDGE_CURVE('',#1767,#1750,#891,.T.);
#2192=EDGE_CURVE('',#1767,#1765,#892,.T.);
#2193=EDGE_CURVE('',#1753,#1768,#893,.T.);
#2194=EDGE_CURVE('',#1768,#1769,#1616,.T.);
#2195=EDGE_CURVE('',#1769,#1754,#894,.T.);
#2196=EDGE_CURVE('',#1749,#1770,#895,.T.);
#2197=EDGE_CURVE('',#1770,#1767,#1617,.T.);
#2198=EDGE_CURVE('',#1769,#1771,#896,.T.);
#2199=EDGE_CURVE('',#1748,#1771,#897,.T.);
#2200=EDGE_CURVE('',#1772,#1747,#898,.T.);
#2201=EDGE_CURVE('',#1772,#1770,#899,.T.);
#2202=EDGE_CURVE('',#1771,#1772,#1618,.T.);
#2203=EDGE_CURVE('',#1773,#1774,#900,.T.);
#2204=EDGE_CURVE('',#1774,#1775,#103,.T.);
#2205=EDGE_CURVE('',#1775,#1776,#901,.T.);
#2206=EDGE_CURVE('',#1776,#1773,#104,.T.);
#2207=EDGE_CURVE('',#1776,#1777,#1619,.T.);
#2208=EDGE_CURVE('',#1777,#1778,#1620,.T.);
#2209=EDGE_CURVE('',#1778,#1773,#1621,.T.);
#2210=EDGE_CURVE('',#1779,#1780,#1622,.T.);
#2211=EDGE_CURVE('',#1780,#1778,#902,.T.);
#2212=EDGE_CURVE('',#1777,#1779,#903,.T.);
#2213=EDGE_CURVE('',#1774,#1780,#1623,.T.);
#2214=EDGE_CURVE('',#1779,#1775,#1624,.T.);
#2215=EDGE_CURVE('',#1781,#1782,#105,.F.);
#2216=EDGE_CURVE('',#1782,#1783,#904,.F.);
#2217=EDGE_CURVE('',#1783,#1784,#106,.F.);
#2218=EDGE_CURVE('',#1784,#1785,#905,.F.);
#2219=EDGE_CURVE('',#1785,#1786,#107,.F.);
#2220=EDGE_CURVE('',#1786,#1787,#906,.F.);
#2221=EDGE_CURVE('',#1787,#1788,#108,.F.);
#2222=EDGE_CURVE('',#1788,#1781,#907,.F.);
#2223=EDGE_CURVE('',#1789,#1790,#1625,.T.);
#2224=EDGE_CURVE('',#1791,#1789,#908,.T.);
#2225=EDGE_CURVE('',#1792,#1791,#1626,.T.);
#2226=EDGE_CURVE('',#1793,#1792,#909,.T.);
#2227=EDGE_CURVE('',#1794,#1793,#1627,.T.);
#2228=EDGE_CURVE('',#1795,#1794,#910,.T.);
#2229=EDGE_CURVE('',#1796,#1795,#1628,.T.);
#2230=EDGE_CURVE('',#1790,#1796,#911,.T.);
#2231=EDGE_CURVE('',#1797,#1798,#109,.F.);
#2232=EDGE_CURVE('',#1799,#1797,#912,.F.);
#2233=EDGE_CURVE('',#1800,#1799,#110,.F.);
#2234=EDGE_CURVE('',#1801,#1800,#913,.F.);
#2235=EDGE_CURVE('',#1802,#1801,#111,.F.);
#2236=EDGE_CURVE('',#1803,#1802,#914,.F.);
#2237=EDGE_CURVE('',#1804,#1803,#112,.F.);
#2238=EDGE_CURVE('',#1798,#1804,#915,.F.);
#2239=EDGE_CURVE('',#1805,#1806,#1629,.T.);
#2240=EDGE_CURVE('',#1807,#1805,#916,.T.);
#2241=EDGE_CURVE('',#1808,#1807,#1630,.T.);
#2242=EDGE_CURVE('',#1809,#1808,#917,.T.);
#2243=EDGE_CURVE('',#1810,#1809,#1631,.T.);
#2244=EDGE_CURVE('',#1811,#1810,#918,.T.);
#2245=EDGE_CURVE('',#1812,#1811,#1632,.T.);
#2246=EDGE_CURVE('',#1806,#1812,#919,.T.);
#2247=EDGE_CURVE('',#1797,#1781,#920,.T.);
#2248=EDGE_CURVE('',#1799,#1788,#113,.T.);
#2249=EDGE_CURVE('',#1800,#1787,#921,.T.);
#2250=EDGE_CURVE('',#1801,#1786,#114,.T.);
#2251=EDGE_CURVE('',#1802,#1785,#115,.F.);
#2252=EDGE_CURVE('',#1803,#1784,#922,.T.);
#2253=EDGE_CURVE('',#1804,#1783,#923,.T.);
#2254=EDGE_CURVE('',#1798,#1782,#924,.T.);
#2255=EDGE_CURVE('',#1809,#1813,#925,.T.);
#2256=EDGE_CURVE('',#1814,#1813,#1633,.T.);
#2257=EDGE_CURVE('',#1814,#1810,#926,.T.);
#2258=EDGE_CURVE('',#1793,#1815,#927,.T.);
#2259=EDGE_CURVE('',#1815,#1816,#1634,.T.);
#2260=EDGE_CURVE('',#1816,#1794,#928,.T.);
#2261=EDGE_CURVE('',#1817,#1814,#929,.T.);
#2262=EDGE_CURVE('',#1811,#1817,#930,.T.);
#2263=EDGE_CURVE('',#1818,#1792,#931,.T.);
#2264=EDGE_CURVE('',#1818,#1815,#932,.T.);
#2265=EDGE_CURVE('',#1819,#1808,#933,.T.);
#2266=EDGE_CURVE('',#1813,#1819,#934,.T.);
#2267=EDGE_CURVE('',#1820,#1817,#1635,.T.);
#2268=EDGE_CURVE('',#1820,#1812,#935,.T.);
#2269=EDGE_CURVE('',#1791,#1821,#936,.T.);
#2270=EDGE_CURVE('',#1821,#1818,#1636,.T.);
#2271=EDGE_CURVE('',#1807,#1822,#937,.T.);
#2272=EDGE_CURVE('',#1819,#1822,#1637,.T.);
#2273=EDGE_CURVE('',#1823,#1820,#938,.T.);
#2274=EDGE_CURVE('',#1806,#1823,#939,.T.);
#2275=EDGE_CURVE('',#1824,#1789,#940,.T.);
#2276=EDGE_CURVE('',#1824,#1821,#941,.T.);
#2277=EDGE_CURVE('',#1825,#1805,#942,.T.);
#2278=EDGE_CURVE('',#1822,#1825,#943,.T.);
#2279=EDGE_CURVE('',#1825,#1823,#1638,.T.);
#2280=EDGE_CURVE('',#1826,#1827,#116,.F.);
#2281=EDGE_CURVE('',#1827,#1828,#944,.F.);
#2282=EDGE_CURVE('',#1828,#1829,#117,.F.);
#2283=EDGE_CURVE('',#1829,#1830,#945,.F.);
#2284=EDGE_CURVE('',#1830,#1831,#118,.F.);
#2285=EDGE_CURVE('',#1831,#1832,#946,.F.);
#2286=EDGE_CURVE('',#1832,#1833,#119,.F.);
#2287=EDGE_CURVE('',#1833,#1826,#947,.F.);
#2288=EDGE_CURVE('',#1834,#1835,#1639,.T.);
#2289=EDGE_CURVE('',#1836,#1834,#948,.T.);
#2290=EDGE_CURVE('',#1837,#1836,#1640,.T.);
#2291=EDGE_CURVE('',#1838,#1837,#949,.T.);
#2292=EDGE_CURVE('',#1839,#1838,#1641,.T.);
#2293=EDGE_CURVE('',#1840,#1839,#950,.T.);
#2294=EDGE_CURVE('',#1841,#1840,#1642,.T.);
#2295=EDGE_CURVE('',#1835,#1841,#951,.T.);
#2296=EDGE_CURVE('',#1842,#1843,#120,.F.);
#2297=EDGE_CURVE('',#1844,#1842,#952,.F.);
#2298=EDGE_CURVE('',#1845,#1844,#121,.F.);
#2299=EDGE_CURVE('',#1846,#1845,#953,.F.);
#2300=EDGE_CURVE('',#1847,#1846,#122,.F.);
#2301=EDGE_CURVE('',#1848,#1847,#954,.F.);
#2302=EDGE_CURVE('',#1849,#1848,#123,.F.);
#2303=EDGE_CURVE('',#1843,#1849,#955,.F.);
#2304=EDGE_CURVE('',#1850,#1824,#1643,.T.);
#2305=EDGE_CURVE('',#1851,#1850,#956,.T.);
#2306=EDGE_CURVE('',#1852,#1851,#1644,.T.);
#2307=EDGE_CURVE('',#1816,#1852,#957,.T.);
#2308=EDGE_CURVE('',#1842,#1826,#958,.T.);
#2309=EDGE_CURVE('',#1844,#1833,#124,.T.);
#2310=EDGE_CURVE('',#1845,#1832,#959,.T.);
#2311=EDGE_CURVE('',#1846,#1831,#125,.T.);
#2312=EDGE_CURVE('',#1847,#1830,#126,.F.);
#2313=EDGE_CURVE('',#1848,#1829,#960,.T.);
#2314=EDGE_CURVE('',#1849,#1828,#961,.T.);
#2315=EDGE_CURVE('',#1843,#1827,#962,.T.);
#2316=EDGE_CURVE('',#1790,#1850,#963,.T.);
#2317=EDGE_CURVE('',#1838,#1853,#964,.T.);
#2318=EDGE_CURVE('',#1853,#1854,#1645,.T.);
#2319=EDGE_CURVE('',#1854,#1839,#965,.T.);
#2320=EDGE_CURVE('',#1851,#1796,#966,.T.);
#2321=EDGE_CURVE('',#1855,#1837,#967,.T.);
#2322=EDGE_CURVE('',#1855,#1853,#968,.T.);
#2323=EDGE_CURVE('',#1795,#1852,#969,.T.);
#2324=EDGE_CURVE('',#1836,#1856,#970,.T.);
#2325=EDGE_CURVE('',#1856,#1855,#1646,.T.);
#2326=EDGE_CURVE('',#1857,#1834,#971,.T.);
#2327=EDGE_CURVE('',#1857,#1856,#972,.T.);
#2328=EDGE_CURVE('',#1858,#1859,#127,.F.);
#2329=EDGE_CURVE('',#1859,#1860,#973,.F.);
#2330=EDGE_CURVE('',#1860,#1861,#128,.F.);
#2331=EDGE_CURVE('',#1861,#1862,#974,.F.);
#2332=EDGE_CURVE('',#1862,#1863,#129,.F.);
#2333=EDGE_CURVE('',#1863,#1864,#975,.F.);
#2334=EDGE_CURVE('',#1864,#1865,#130,.F.);
#2335=EDGE_CURVE('',#1865,#1858,#976,.F.);
#2336=EDGE_CURVE('',#1866,#1867,#1647,.T.);
#2337=EDGE_CURVE('',#1868,#1866,#977,.T.);
#2338=EDGE_CURVE('',#1869,#1868,#1648,.T.);
#2339=EDGE_CURVE('',#1870,#1869,#978,.T.);
#2340=EDGE_CURVE('',#1871,#1870,#1649,.T.);
#2341=EDGE_CURVE('',#1872,#1871,#979,.T.);
#2342=EDGE_CURVE('',#1873,#1872,#1650,.T.);
#2343=EDGE_CURVE('',#1867,#1873,#980,.T.);
#2344=EDGE_CURVE('',#1874,#1875,#131,.F.);
#2345=EDGE_CURVE('',#1876,#1874,#981,.F.);
#2346=EDGE_CURVE('',#1877,#1876,#132,.F.);
#2347=EDGE_CURVE('',#1878,#1877,#982,.F.);
#2348=EDGE_CURVE('',#1879,#1878,#133,.F.);
#2349=EDGE_CURVE('',#1880,#1879,#983,.F.);
#2350=EDGE_CURVE('',#1881,#1880,#134,.F.);
#2351=EDGE_CURVE('',#1875,#1881,#984,.F.);
#2352=EDGE_CURVE('',#1882,#1857,#1651,.T.);
#2353=EDGE_CURVE('',#1883,#1882,#985,.T.);
#2354=EDGE_CURVE('',#1884,#1883,#1652,.T.);
#2355=EDGE_CURVE('',#1854,#1884,#986,.T.);
#2356=EDGE_CURVE('',#1874,#1858,#987,.T.);
#2357=EDGE_CURVE('',#1876,#1865,#135,.T.);
#2358=EDGE_CURVE('',#1877,#1864,#988,.T.);
#2359=EDGE_CURVE('',#1878,#1863,#136,.T.);
#2360=EDGE_CURVE('',#1879,#1862,#137,.F.);
#2361=EDGE_CURVE('',#1880,#1861,#989,.T.);
#2362=EDGE_CURVE('',#1881,#1860,#990,.T.);
#2363=EDGE_CURVE('',#1875,#1859,#991,.T.);
#2364=EDGE_CURVE('',#1835,#1882,#992,.T.);
#2365=EDGE_CURVE('',#1870,#1885,#993,.T.);
#2366=EDGE_CURVE('',#1885,#1886,#1653,.T.);
#2367=EDGE_CURVE('',#1886,#1871,#994,.T.);
#2368=EDGE_CURVE('',#1883,#1841,#995,.T.);
#2369=EDGE_CURVE('',#1887,#1869,#996,.T.);
#2370=EDGE_CURVE('',#1887,#1885,#997,.T.);
#2371=EDGE_CURVE('',#1840,#1884,#998,.T.);
#2372=EDGE_CURVE('',#1868,#1888,#999,.T.);
#2373=EDGE_CURVE('',#1888,#1887,#1654,.T.);
#2374=EDGE_CURVE('',#1889,#1866,#1000,.T.);
#2375=EDGE_CURVE('',#1889,#1888,#1001,.T.);
#2376=EDGE_CURVE('',#1890,#1891,#138,.F.);
#2377=EDGE_CURVE('',#1891,#1892,#1002,.F.);
#2378=EDGE_CURVE('',#1892,#1893,#139,.F.);
#2379=EDGE_CURVE('',#1893,#1894,#1003,.F.);
#2380=EDGE_CURVE('',#1894,#1895,#140,.F.);
#2381=EDGE_CURVE('',#1895,#1896,#1004,.F.);
#2382=EDGE_CURVE('',#1896,#1897,#141,.F.);
#2383=EDGE_CURVE('',#1897,#1890,#1005,.F.);
#2384=EDGE_CURVE('',#1898,#1899,#1655,.T.);
#2385=EDGE_CURVE('',#1900,#1898,#1006,.T.);
#2386=EDGE_CURVE('',#1901,#1900,#1656,.T.);
#2387=EDGE_CURVE('',#1902,#1901,#1007,.T.);
#2388=EDGE_CURVE('',#1903,#1902,#1657,.T.);
#2389=EDGE_CURVE('',#1904,#1903,#1008,.T.);
#2390=EDGE_CURVE('',#1905,#1904,#1658,.T.);
#2391=EDGE_CURVE('',#1899,#1905,#1009,.T.);
#2392=EDGE_CURVE('',#1906,#1907,#142,.F.);
#2393=EDGE_CURVE('',#1908,#1906,#1010,.F.);
#2394=EDGE_CURVE('',#1909,#1908,#143,.F.);
#2395=EDGE_CURVE('',#1910,#1909,#1011,.F.);
#2396=EDGE_CURVE('',#1911,#1910,#144,.F.);
#2397=EDGE_CURVE('',#1912,#1911,#1012,.F.);
#2398=EDGE_CURVE('',#1913,#1912,#145,.F.);
#2399=EDGE_CURVE('',#1907,#1913,#1013,.F.);
#2400=EDGE_CURVE('',#1914,#1889,#1659,.T.);
#2401=EDGE_CURVE('',#1915,#1914,#1014,.T.);
#2402=EDGE_CURVE('',#1916,#1915,#1660,.T.);
#2403=EDGE_CURVE('',#1886,#1916,#1015,.T.);
#2404=EDGE_CURVE('',#1906,#1890,#1016,.T.);
#2405=EDGE_CURVE('',#1908,#1897,#146,.T.);
#2406=EDGE_CURVE('',#1909,#1896,#1017,.T.);
#2407=EDGE_CURVE('',#1910,#1895,#147,.T.);
#2408=EDGE_CURVE('',#1911,#1894,#148,.F.);
#2409=EDGE_CURVE('',#1912,#1893,#1018,.T.);
#2410=EDGE_CURVE('',#1913,#1892,#1019,.T.);
#2411=EDGE_CURVE('',#1907,#1891,#1020,.T.);
#2412=EDGE_CURVE('',#1867,#1914,#1021,.T.);
#2413=EDGE_CURVE('',#1902,#1917,#1022,.T.);
#2414=EDGE_CURVE('',#1917,#1918,#1661,.T.);
#2415=EDGE_CURVE('',#1918,#1903,#1023,.T.);
#2416=EDGE_CURVE('',#1915,#1873,#1024,.T.);
#2417=EDGE_CURVE('',#1919,#1901,#1025,.T.);
#2418=EDGE_CURVE('',#1919,#1917,#1026,.T.);
#2419=EDGE_CURVE('',#1872,#1916,#1027,.T.);
#2420=EDGE_CURVE('',#1900,#1920,#1028,.T.);
#2421=EDGE_CURVE('',#1920,#1919,#1662,.T.);
#2422=EDGE_CURVE('',#1921,#1898,#1029,.T.);
#2423=EDGE_CURVE('',#1921,#1920,#1030,.T.);
#2424=EDGE_CURVE('',#1922,#1923,#149,.F.);
#2425=EDGE_CURVE('',#1923,#1924,#1031,.F.);
#2426=EDGE_CURVE('',#1924,#1925,#150,.F.);
#2427=EDGE_CURVE('',#1925,#1926,#1032,.F.);
#2428=EDGE_CURVE('',#1926,#1927,#151,.F.);
#2429=EDGE_CURVE('',#1927,#1928,#1033,.F.);
#2430=EDGE_CURVE('',#1928,#1929,#152,.F.);
#2431=EDGE_CURVE('',#1929,#1922,#1034,.F.);
#2432=EDGE_CURVE('',#1930,#1931,#1663,.T.);
#2433=EDGE_CURVE('',#1932,#1930,#1035,.T.);
#2434=EDGE_CURVE('',#1933,#1932,#1664,.T.);
#2435=EDGE_CURVE('',#1934,#1933,#1036,.T.);
#2436=EDGE_CURVE('',#1935,#1934,#1665,.T.);
#2437=EDGE_CURVE('',#1936,#1935,#1037,.T.);
#2438=EDGE_CURVE('',#1937,#1936,#1666,.T.);
#2439=EDGE_CURVE('',#1931,#1937,#1038,.T.);
#2440=EDGE_CURVE('',#1938,#1939,#153,.F.);
#2441=EDGE_CURVE('',#1940,#1938,#1039,.F.);
#2442=EDGE_CURVE('',#1941,#1940,#154,.F.);
#2443=EDGE_CURVE('',#1942,#1941,#1040,.F.);
#2444=EDGE_CURVE('',#1943,#1942,#155,.F.);
#2445=EDGE_CURVE('',#1944,#1943,#1041,.F.);
#2446=EDGE_CURVE('',#1945,#1944,#156,.F.);
#2447=EDGE_CURVE('',#1939,#1945,#1042,.F.);
#2448=EDGE_CURVE('',#1946,#1921,#1667,.T.);
#2449=EDGE_CURVE('',#1947,#1946,#1043,.T.);
#2450=EDGE_CURVE('',#1948,#1947,#1668,.T.);
#2451=EDGE_CURVE('',#1918,#1948,#1044,.T.);
#2452=EDGE_CURVE('',#1938,#1922,#1045,.T.);
#2453=EDGE_CURVE('',#1940,#1929,#157,.T.);
#2454=EDGE_CURVE('',#1941,#1928,#1046,.T.);
#2455=EDGE_CURVE('',#1942,#1927,#158,.T.);
#2456=EDGE_CURVE('',#1943,#1926,#159,.F.);
#2457=EDGE_CURVE('',#1944,#1925,#1047,.T.);
#2458=EDGE_CURVE('',#1945,#1924,#1048,.T.);
#2459=EDGE_CURVE('',#1939,#1923,#1049,.T.);
#2460=EDGE_CURVE('',#1899,#1946,#1050,.T.);
#2461=EDGE_CURVE('',#1934,#1949,#1051,.T.);
#2462=EDGE_CURVE('',#1949,#1950,#1669,.T.);
#2463=EDGE_CURVE('',#1950,#1935,#1052,.T.);
#2464=EDGE_CURVE('',#1947,#1905,#1053,.T.);
#2465=EDGE_CURVE('',#1951,#1933,#1054,.T.);
#2466=EDGE_CURVE('',#1951,#1949,#1055,.T.);
#2467=EDGE_CURVE('',#1904,#1948,#1056,.T.);
#2468=EDGE_CURVE('',#1932,#1952,#1057,.T.);
#2469=EDGE_CURVE('',#1952,#1951,#1670,.T.);
#2470=EDGE_CURVE('',#1953,#1930,#1058,.T.);
#2471=EDGE_CURVE('',#1953,#1952,#1059,.T.);
#2472=EDGE_CURVE('',#1954,#1955,#160,.F.);
#2473=EDGE_CURVE('',#1955,#1956,#1060,.F.);
#2474=EDGE_CURVE('',#1956,#1957,#161,.F.);
#2475=EDGE_CURVE('',#1957,#1958,#1061,.F.);
#2476=EDGE_CURVE('',#1958,#1959,#162,.F.);
#2477=EDGE_CURVE('',#1959,#1960,#1062,.F.);
#2478=EDGE_CURVE('',#1960,#1961,#163,.F.);
#2479=EDGE_CURVE('',#1961,#1954,#1063,.F.);
#2480=EDGE_CURVE('',#1962,#1963,#1671,.T.);
#2481=EDGE_CURVE('',#1964,#1962,#1064,.T.);
#2482=EDGE_CURVE('',#1965,#1964,#1672,.T.);
#2483=EDGE_CURVE('',#1966,#1965,#1065,.T.);
#2484=EDGE_CURVE('',#1967,#1966,#1673,.T.);
#2485=EDGE_CURVE('',#1968,#1967,#1066,.T.);
#2486=EDGE_CURVE('',#1969,#1968,#1674,.T.);
#2487=EDGE_CURVE('',#1963,#1969,#1067,.T.);
#2488=EDGE_CURVE('',#1970,#1971,#164,.F.);
#2489=EDGE_CURVE('',#1972,#1970,#1068,.F.);
#2490=EDGE_CURVE('',#1973,#1972,#165,.F.);
#2491=EDGE_CURVE('',#1974,#1973,#1069,.F.);
#2492=EDGE_CURVE('',#1975,#1974,#166,.F.);
#2493=EDGE_CURVE('',#1976,#1975,#1070,.F.);
#2494=EDGE_CURVE('',#1977,#1976,#167,.F.);
#2495=EDGE_CURVE('',#1971,#1977,#1071,.F.);
#2496=EDGE_CURVE('',#1978,#1953,#1675,.T.);
#2497=EDGE_CURVE('',#1979,#1978,#1072,.T.);
#2498=EDGE_CURVE('',#1980,#1979,#1676,.T.);
#2499=EDGE_CURVE('',#1950,#1980,#1073,.T.);
#2500=EDGE_CURVE('',#1970,#1954,#1074,.T.);
#2501=EDGE_CURVE('',#1972,#1961,#168,.T.);
#2502=EDGE_CURVE('',#1973,#1960,#1075,.T.);
#2503=EDGE_CURVE('',#1974,#1959,#169,.T.);
#2504=EDGE_CURVE('',#1975,#1958,#170,.F.);
#2505=EDGE_CURVE('',#1976,#1957,#1076,.T.);
#2506=EDGE_CURVE('',#1977,#1956,#1077,.T.);
#2507=EDGE_CURVE('',#1971,#1955,#1078,.T.);
#2508=EDGE_CURVE('',#1931,#1978,#1079,.T.);
#2509=EDGE_CURVE('',#1966,#1981,#1080,.T.);
#2510=EDGE_CURVE('',#1981,#1982,#1677,.T.);
#2511=EDGE_CURVE('',#1982,#1967,#1081,.T.);
#2512=EDGE_CURVE('',#1979,#1937,#1082,.T.);
#2513=EDGE_CURVE('',#1983,#1965,#1083,.T.);
#2514=EDGE_CURVE('',#1983,#1981,#1084,.T.);
#2515=EDGE_CURVE('',#1936,#1980,#1085,.T.);
#2516=EDGE_CURVE('',#1964,#1984,#1086,.T.);
#2517=EDGE_CURVE('',#1984,#1983,#1678,.T.);
#2518=EDGE_CURVE('',#1985,#1962,#1087,.T.);
#2519=EDGE_CURVE('',#1985,#1984,#1088,.T.);
#2520=EDGE_CURVE('',#1986,#1987,#171,.F.);
#2521=EDGE_CURVE('',#1987,#1988,#1089,.F.);
#2522=EDGE_CURVE('',#1988,#1989,#172,.F.);
#2523=EDGE_CURVE('',#1989,#1990,#1090,.F.);
#2524=EDGE_CURVE('',#1990,#1991,#173,.F.);
#2525=EDGE_CURVE('',#1991,#1992,#1091,.F.);
#2526=EDGE_CURVE('',#1992,#1993,#174,.F.);
#2527=EDGE_CURVE('',#1993,#1986,#1092,.F.);
#2528=EDGE_CURVE('',#1994,#1995,#1679,.T.);
#2529=EDGE_CURVE('',#1996,#1994,#1093,.T.);
#2530=EDGE_CURVE('',#1997,#1996,#1680,.T.);
#2531=EDGE_CURVE('',#1998,#1997,#1094,.T.);
#2532=EDGE_CURVE('',#1999,#1998,#1681,.T.);
#2533=EDGE_CURVE('',#2000,#1999,#1095,.T.);
#2534=EDGE_CURVE('',#2001,#2000,#1682,.T.);
#2535=EDGE_CURVE('',#1995,#2001,#1096,.T.);
#2536=EDGE_CURVE('',#2002,#2003,#175,.F.);
#2537=EDGE_CURVE('',#2004,#2002,#1097,.F.);
#2538=EDGE_CURVE('',#2005,#2004,#176,.F.);
#2539=EDGE_CURVE('',#2006,#2005,#1098,.F.);
#2540=EDGE_CURVE('',#2007,#2006,#177,.F.);
#2541=EDGE_CURVE('',#2008,#2007,#1099,.F.);
#2542=EDGE_CURVE('',#2009,#2008,#178,.F.);
#2543=EDGE_CURVE('',#2003,#2009,#1100,.F.);
#2544=EDGE_CURVE('',#2010,#1985,#1683,.T.);
#2545=EDGE_CURVE('',#2011,#2010,#1101,.T.);
#2546=EDGE_CURVE('',#2012,#2011,#1684,.T.);
#2547=EDGE_CURVE('',#1982,#2012,#1102,.T.);
#2548=EDGE_CURVE('',#2002,#1986,#1103,.T.);
#2549=EDGE_CURVE('',#2004,#1993,#179,.T.);
#2550=EDGE_CURVE('',#2005,#1992,#1104,.T.);
#2551=EDGE_CURVE('',#2006,#1991,#180,.T.);
#2552=EDGE_CURVE('',#2007,#1990,#181,.F.);
#2553=EDGE_CURVE('',#2008,#1989,#1105,.T.);
#2554=EDGE_CURVE('',#2009,#1988,#1106,.T.);
#2555=EDGE_CURVE('',#2003,#1987,#1107,.T.);
#2556=EDGE_CURVE('',#1963,#2010,#1108,.T.);
#2557=EDGE_CURVE('',#1998,#2013,#1109,.T.);
#2558=EDGE_CURVE('',#2013,#2014,#1685,.T.);
#2559=EDGE_CURVE('',#2014,#1999,#1110,.T.);
#2560=EDGE_CURVE('',#2011,#1969,#1111,.T.);
#2561=EDGE_CURVE('',#2015,#1997,#1112,.T.);
#2562=EDGE_CURVE('',#2015,#2013,#1113,.T.);
#2563=EDGE_CURVE('',#1968,#2012,#1114,.T.);
#2564=EDGE_CURVE('',#1996,#2016,#1115,.T.);
#2565=EDGE_CURVE('',#2016,#2015,#1686,.T.);
#2566=EDGE_CURVE('',#2017,#1994,#1116,.T.);
#2567=EDGE_CURVE('',#2017,#2016,#1117,.T.);
#2568=EDGE_CURVE('',#2018,#2019,#182,.F.);
#2569=EDGE_CURVE('',#2019,#2020,#1118,.F.);
#2570=EDGE_CURVE('',#2020,#2021,#183,.F.);
#2571=EDGE_CURVE('',#2021,#2022,#1119,.F.);
#2572=EDGE_CURVE('',#2022,#2023,#184,.F.);
#2573=EDGE_CURVE('',#2023,#2024,#1120,.F.);
#2574=EDGE_CURVE('',#2024,#2025,#185,.F.);
#2575=EDGE_CURVE('',#2025,#2018,#1121,.F.);
#2576=EDGE_CURVE('',#2026,#2027,#1687,.T.);
#2577=EDGE_CURVE('',#2028,#2026,#1122,.T.);
#2578=EDGE_CURVE('',#2029,#2028,#1688,.T.);
#2579=EDGE_CURVE('',#2030,#2029,#1123,.T.);
#2580=EDGE_CURVE('',#2031,#2030,#1689,.T.);
#2581=EDGE_CURVE('',#2032,#2031,#1124,.T.);
#2582=EDGE_CURVE('',#2033,#2032,#1690,.T.);
#2583=EDGE_CURVE('',#2027,#2033,#1125,.T.);
#2584=EDGE_CURVE('',#2034,#2035,#186,.F.);
#2585=EDGE_CURVE('',#2036,#2034,#1126,.F.);
#2586=EDGE_CURVE('',#2037,#2036,#187,.F.);
#2587=EDGE_CURVE('',#2038,#2037,#1127,.F.);
#2588=EDGE_CURVE('',#2039,#2038,#188,.F.);
#2589=EDGE_CURVE('',#2040,#2039,#1128,.F.);
#2590=EDGE_CURVE('',#2041,#2040,#189,.F.);
#2591=EDGE_CURVE('',#2035,#2041,#1129,.F.);
#2592=EDGE_CURVE('',#2042,#2017,#1691,.T.);
#2593=EDGE_CURVE('',#2043,#2042,#1130,.T.);
#2594=EDGE_CURVE('',#2044,#2043,#1692,.T.);
#2595=EDGE_CURVE('',#2014,#2044,#1131,.T.);
#2596=EDGE_CURVE('',#2034,#2018,#1132,.T.);
#2597=EDGE_CURVE('',#2036,#2025,#190,.T.);
#2598=EDGE_CURVE('',#2037,#2024,#1133,.T.);
#2599=EDGE_CURVE('',#2038,#2023,#191,.T.);
#2600=EDGE_CURVE('',#2039,#2022,#192,.F.);
#2601=EDGE_CURVE('',#2040,#2021,#1134,.T.);
#2602=EDGE_CURVE('',#2041,#2020,#1135,.T.);
#2603=EDGE_CURVE('',#2035,#2019,#1136,.T.);
#2604=EDGE_CURVE('',#1995,#2042,#1137,.T.);
#2605=EDGE_CURVE('',#2030,#2045,#1138,.T.);
#2606=EDGE_CURVE('',#2045,#2046,#1693,.T.);
#2607=EDGE_CURVE('',#2046,#2031,#1139,.T.);
#2608=EDGE_CURVE('',#2043,#2001,#1140,.T.);
#2609=EDGE_CURVE('',#2047,#2029,#1141,.T.);
#2610=EDGE_CURVE('',#2047,#2045,#1142,.T.);
#2611=EDGE_CURVE('',#2000,#2044,#1143,.T.);
#2612=EDGE_CURVE('',#2028,#2048,#1144,.T.);
#2613=EDGE_CURVE('',#2048,#2047,#1694,.T.);
#2614=EDGE_CURVE('',#2049,#2026,#1145,.T.);
#2615=EDGE_CURVE('',#2049,#2048,#1146,.T.);
#2616=EDGE_CURVE('',#2050,#2051,#193,.F.);
#2617=EDGE_CURVE('',#2051,#2052,#1147,.F.);
#2618=EDGE_CURVE('',#2052,#2053,#194,.F.);
#2619=EDGE_CURVE('',#2053,#2054,#1148,.F.);
#2620=EDGE_CURVE('',#2054,#2055,#195,.F.);
#2621=EDGE_CURVE('',#2055,#2056,#1149,.F.);
#2622=EDGE_CURVE('',#2056,#2057,#196,.F.);
#2623=EDGE_CURVE('',#2057,#2050,#1150,.F.);
#2624=EDGE_CURVE('',#2058,#2059,#1695,.T.);
#2625=EDGE_CURVE('',#2060,#2058,#1151,.T.);
#2626=EDGE_CURVE('',#2061,#2060,#1696,.T.);
#2627=EDGE_CURVE('',#2062,#2061,#1152,.T.);
#2628=EDGE_CURVE('',#2063,#2062,#1697,.T.);
#2629=EDGE_CURVE('',#2064,#2063,#1153,.T.);
#2630=EDGE_CURVE('',#2065,#2064,#1698,.T.);
#2631=EDGE_CURVE('',#2059,#2065,#1154,.T.);
#2632=EDGE_CURVE('',#2066,#2067,#197,.F.);
#2633=EDGE_CURVE('',#2068,#2066,#1155,.F.);
#2634=EDGE_CURVE('',#2069,#2068,#198,.F.);
#2635=EDGE_CURVE('',#2070,#2069,#1156,.F.);
#2636=EDGE_CURVE('',#2071,#2070,#199,.F.);
#2637=EDGE_CURVE('',#2072,#2071,#1157,.F.);
#2638=EDGE_CURVE('',#2073,#2072,#200,.F.);
#2639=EDGE_CURVE('',#2067,#2073,#1158,.F.);
#2640=EDGE_CURVE('',#2074,#2049,#1699,.T.);
#2641=EDGE_CURVE('',#2075,#2074,#1159,.T.);
#2642=EDGE_CURVE('',#2076,#2075,#1700,.T.);
#2643=EDGE_CURVE('',#2046,#2076,#1160,.T.);
#2644=EDGE_CURVE('',#2066,#2050,#1161,.T.);
#2645=EDGE_CURVE('',#2068,#2057,#201,.T.);
#2646=EDGE_CURVE('',#2069,#2056,#1162,.T.);
#2647=EDGE_CURVE('',#2070,#2055,#202,.T.);
#2648=EDGE_CURVE('',#2071,#2054,#203,.F.);
#2649=EDGE_CURVE('',#2072,#2053,#1163,.T.);
#2650=EDGE_CURVE('',#2073,#2052,#1164,.T.);
#2651=EDGE_CURVE('',#2067,#2051,#1165,.T.);
#2652=EDGE_CURVE('',#2027,#2074,#1166,.T.);
#2653=EDGE_CURVE('',#2062,#2077,#1167,.T.);
#2654=EDGE_CURVE('',#2077,#2078,#1701,.T.);
#2655=EDGE_CURVE('',#2078,#2063,#1168,.T.);
#2656=EDGE_CURVE('',#2075,#2033,#1169,.T.);
#2657=EDGE_CURVE('',#2079,#2061,#1170,.T.);
#2658=EDGE_CURVE('',#2079,#2077,#1171,.T.);
#2659=EDGE_CURVE('',#2032,#2076,#1172,.T.);
#2660=EDGE_CURVE('',#2060,#2080,#1173,.T.);
#2661=EDGE_CURVE('',#2080,#2079,#1702,.T.);
#2662=EDGE_CURVE('',#2081,#2058,#1174,.T.);
#2663=EDGE_CURVE('',#2081,#2080,#1175,.T.);
#2664=EDGE_CURVE('',#2082,#2083,#204,.F.);
#2665=EDGE_CURVE('',#2083,#2084,#1176,.F.);
#2666=EDGE_CURVE('',#2084,#2085,#205,.F.);
#2667=EDGE_CURVE('',#2085,#2086,#1177,.F.);
#2668=EDGE_CURVE('',#2086,#2087,#206,.F.);
#2669=EDGE_CURVE('',#2087,#2088,#1178,.F.);
#2670=EDGE_CURVE('',#2088,#2089,#207,.F.);
#2671=EDGE_CURVE('',#2089,#2082,#1179,.F.);
#2672=EDGE_CURVE('',#1766,#1768,#1180,.T.);
#2673=EDGE_CURVE('',#2090,#2091,#208,.F.);
#2674=EDGE_CURVE('',#2092,#2090,#1181,.F.);
#2675=EDGE_CURVE('',#2093,#2092,#209,.F.);
#2676=EDGE_CURVE('',#2094,#2093,#1182,.F.);
#2677=EDGE_CURVE('',#2095,#2094,#210,.F.);
#2678=EDGE_CURVE('',#2096,#2095,#1183,.F.);
#2679=EDGE_CURVE('',#2097,#2096,#211,.F.);
#2680=EDGE_CURVE('',#2091,#2097,#1184,.F.);
#2681=EDGE_CURVE('',#2098,#2081,#1703,.T.);
#2682=EDGE_CURVE('',#2099,#2098,#1185,.T.);
#2683=EDGE_CURVE('',#2100,#2099,#1704,.T.);
#2684=EDGE_CURVE('',#2078,#2100,#1186,.T.);
#2685=EDGE_CURVE('',#2090,#2082,#1187,.T.);
#2686=EDGE_CURVE('',#2092,#2089,#212,.T.);
#2687=EDGE_CURVE('',#2093,#2088,#1188,.T.);
#2688=EDGE_CURVE('',#2094,#2087,#213,.T.);
#2689=EDGE_CURVE('',#2095,#2086,#214,.F.);
#2690=EDGE_CURVE('',#2096,#2085,#1189,.T.);
#2691=EDGE_CURVE('',#2097,#2084,#1190,.T.);
#2692=EDGE_CURVE('',#2091,#2083,#1191,.T.);
#2693=EDGE_CURVE('',#2059,#2098,#1192,.T.);
#2694=EDGE_CURVE('',#2099,#2065,#1193,.T.);
#2695=EDGE_CURVE('',#2064,#2100,#1194,.T.);
#2696=EDGE_CURVE('',#1761,#2101,#1195,.T.);
#2697=EDGE_CURVE('',#2101,#2102,#1196,.T.);
#2698=EDGE_CURVE('',#2102,#1762,#1197,.T.);
#2699=EDGE_CURVE('',#1734,#1774,#1198,.T.);
#2700=EDGE_CURVE('',#1773,#1732,#1199,.T.);
#2701=EDGE_CURVE('',#1778,#1731,#1200,.T.);
#2702=EDGE_CURVE('',#1820,#2103,#215,.T.);
#2703=EDGE_CURVE('',#2104,#1817,#1705,.T.);
#2704=EDGE_CURVE('',#2104,#2103,#1706,.T.);
#2705=EDGE_CURVE('',#2105,#1814,#1707,.T.);
#2706=EDGE_CURVE('',#2105,#2104,#1201,.T.);
#2707=EDGE_CURVE('',#2106,#1813,#216,.T.);
#2708=EDGE_CURVE('',#2106,#2105,#1708,.T.);
#2709=EDGE_CURVE('',#1733,#1780,#1202,.T.);
#2710=EDGE_CURVE('',#2107,#1813,#1709,.T.);
#2711=EDGE_CURVE('',#2107,#2106,#1203,.T.);
#2712=EDGE_CURVE('',#2103,#2108,#1204,.T.);
#2713=EDGE_CURVE('',#1820,#2108,#1710,.T.);
#2714=EDGE_CURVE('',#2109,#2102,#1205,.T.);
#2715=EDGE_CURVE('',#2110,#2101,#1206,.T.);
#2716=EDGE_CURVE('',#2110,#2109,#1207,.T.);
#2717=EDGE_CURVE('',#2111,#2112,#1208,.T.);
#2718=EDGE_CURVE('',#2112,#2113,#1209,.T.);
#2719=EDGE_CURVE('',#2113,#2114,#1210,.T.);
#2720=EDGE_CURVE('',#2114,#2111,#1211,.T.);
#2721=EDGE_CURVE('',#1764,#2110,#1212,.T.);
#2722=EDGE_CURVE('',#2109,#1763,#1213,.T.);
#2723=EDGE_CURVE('',#2115,#2116,#1214,.T.);
#2724=EDGE_CURVE('',#2111,#2115,#1215,.T.);
#2725=EDGE_CURVE('',#2114,#2116,#1216,.T.);
#2726=EDGE_CURVE('',#2117,#2115,#1217,.T.);
#2727=EDGE_CURVE('',#2112,#2117,#1218,.T.);
#2728=EDGE_CURVE('',#2118,#2117,#1219,.T.);
#2729=EDGE_CURVE('',#2113,#2118,#1220,.T.);
#2730=EDGE_CURVE('',#2116,#2118,#1221,.T.);
#2731=EDGE_CURVE('',#2108,#2119,#1222,.T.);
#2732=EDGE_CURVE('',#1823,#2119,#1711,.T.);
#2733=EDGE_CURVE('',#2120,#2107,#1223,.T.);
#2734=EDGE_CURVE('',#2121,#2120,#1712,.T.);
#2735=EDGE_CURVE('',#2122,#2121,#1224,.T.);
#2736=EDGE_CURVE('',#2119,#2122,#1713,.T.);
#2737=EDGE_CURVE('',#1819,#2120,#1714,.T.);
#2738=EDGE_CURVE('',#1825,#2122,#1715,.T.);
#2739=EDGE_CURVE('',#1822,#2121,#1716,.T.);
#2740=ORIENTED_EDGE('',*,*,#2123,.F.);
#2741=ORIENTED_EDGE('',*,*,#2124,.T.);
#2742=ORIENTED_EDGE('',*,*,#2125,.T.);
#2743=ORIENTED_EDGE('',*,*,#2124,.F.);
#2744=ORIENTED_EDGE('',*,*,#2125,.F.);
#2745=ORIENTED_EDGE('',*,*,#2126,.F.);
#2746=ORIENTED_EDGE('',*,*,#2127,.T.);
#2747=ORIENTED_EDGE('',*,*,#2128,.T.);
#2748=ORIENTED_EDGE('',*,*,#2127,.F.);
#2749=ORIENTED_EDGE('',*,*,#2128,.F.);
#2750=ORIENTED_EDGE('',*,*,#2129,.F.);
#2751=ORIENTED_EDGE('',*,*,#2130,.T.);
#2752=ORIENTED_EDGE('',*,*,#2131,.T.);
#2753=ORIENTED_EDGE('',*,*,#2130,.F.);
#2754=ORIENTED_EDGE('',*,*,#2131,.F.);
#2755=ORIENTED_EDGE('',*,*,#2132,.T.);
#2756=ORIENTED_EDGE('',*,*,#2133,.T.);
#2757=ORIENTED_EDGE('',*,*,#2134,.T.);
#2758=ORIENTED_EDGE('',*,*,#2135,.T.);
#2759=ORIENTED_EDGE('',*,*,#2136,.T.);
#2760=ORIENTED_EDGE('',*,*,#2137,.T.);
#2761=ORIENTED_EDGE('',*,*,#2138,.T.);
#2762=ORIENTED_EDGE('',*,*,#2139,.T.);
#2763=ORIENTED_EDGE('',*,*,#2140,.F.);
#2764=ORIENTED_EDGE('',*,*,#2141,.F.);
#2765=ORIENTED_EDGE('',*,*,#2142,.F.);
#2766=ORIENTED_EDGE('',*,*,#2143,.T.);
#2767=ORIENTED_EDGE('',*,*,#2144,.T.);
#2768=ORIENTED_EDGE('',*,*,#2145,.T.);
#2769=ORIENTED_EDGE('',*,*,#2146,.T.);
#2770=ORIENTED_EDGE('',*,*,#2147,.T.);
#2771=ORIENTED_EDGE('',*,*,#2148,.F.);
#2772=ORIENTED_EDGE('',*,*,#2149,.F.);
#2773=ORIENTED_EDGE('',*,*,#2150,.F.);
#2774=ORIENTED_EDGE('',*,*,#2151,.F.);
#2775=ORIENTED_EDGE('',*,*,#2152,.F.);
#2776=ORIENTED_EDGE('',*,*,#2153,.F.);
#2777=ORIENTED_EDGE('',*,*,#2154,.F.);
#2778=ORIENTED_EDGE('',*,*,#2155,.F.);
#2779=ORIENTED_EDGE('',*,*,#2156,.F.);
#2780=ORIENTED_EDGE('',*,*,#2157,.F.);
#2781=ORIENTED_EDGE('',*,*,#2158,.F.);
#2782=ORIENTED_EDGE('',*,*,#2159,.F.);
#2783=ORIENTED_EDGE('',*,*,#2160,.F.);
#2784=ORIENTED_EDGE('',*,*,#2161,.F.);
#2785=ORIENTED_EDGE('',*,*,#2162,.F.);
#2786=ORIENTED_EDGE('',*,*,#2163,.F.);
#2787=ORIENTED_EDGE('',*,*,#2145,.F.);
#2788=ORIENTED_EDGE('',*,*,#2164,.T.);
#2789=ORIENTED_EDGE('',*,*,#2165,.T.);
#2790=ORIENTED_EDGE('',*,*,#2166,.F.);
#2791=ORIENTED_EDGE('',*,*,#2144,.F.);
#2792=ORIENTED_EDGE('',*,*,#2167,.T.);
#2793=ORIENTED_EDGE('',*,*,#2168,.T.);
#2794=ORIENTED_EDGE('',*,*,#2164,.F.);
#2795=ORIENTED_EDGE('',*,*,#2143,.F.);
#2796=ORIENTED_EDGE('',*,*,#2169,.F.);
#2797=ORIENTED_EDGE('',*,*,#2170,.T.);
#2798=ORIENTED_EDGE('',*,*,#2167,.F.);
#2799=ORIENTED_EDGE('',*,*,#2147,.F.);
#2800=ORIENTED_EDGE('',*,*,#2171,.T.);
#2801=ORIENTED_EDGE('',*,*,#2172,.T.);
#2802=ORIENTED_EDGE('',*,*,#2173,.F.);
#2803=ORIENTED_EDGE('',*,*,#2146,.F.);
#2804=ORIENTED_EDGE('',*,*,#2166,.T.);
#2805=ORIENTED_EDGE('',*,*,#2174,.T.);
#2806=ORIENTED_EDGE('',*,*,#2171,.F.);
#2807=ORIENTED_EDGE('',*,*,#2149,.T.);
#2808=ORIENTED_EDGE('',*,*,#2175,.T.);
#2809=ORIENTED_EDGE('',*,*,#2139,.F.);
#2810=ORIENTED_EDGE('',*,*,#2176,.F.);
#2811=ORIENTED_EDGE('',*,*,#2150,.T.);
#2812=ORIENTED_EDGE('',*,*,#2176,.T.);
#2813=ORIENTED_EDGE('',*,*,#2138,.F.);
#2814=ORIENTED_EDGE('',*,*,#2177,.F.);
#2815=ORIENTED_EDGE('',*,*,#2151,.T.);
#2816=ORIENTED_EDGE('',*,*,#2177,.T.);
#2817=ORIENTED_EDGE('',*,*,#2137,.F.);
#2818=ORIENTED_EDGE('',*,*,#2178,.F.);
#2819=ORIENTED_EDGE('',*,*,#2152,.T.);
#2820=ORIENTED_EDGE('',*,*,#2178,.T.);
#2821=ORIENTED_EDGE('',*,*,#2136,.F.);
#2822=ORIENTED_EDGE('',*,*,#2179,.F.);
#2823=ORIENTED_EDGE('',*,*,#2153,.T.);
#2824=ORIENTED_EDGE('',*,*,#2179,.T.);
#2825=ORIENTED_EDGE('',*,*,#2135,.F.);
#2826=ORIENTED_EDGE('',*,*,#2180,.F.);
#2827=ORIENTED_EDGE('',*,*,#2154,.T.);
#2828=ORIENTED_EDGE('',*,*,#2180,.T.);
#2829=ORIENTED_EDGE('',*,*,#2134,.F.);
#2830=ORIENTED_EDGE('',*,*,#2181,.F.);
#2831=ORIENTED_EDGE('',*,*,#2155,.T.);
#2832=ORIENTED_EDGE('',*,*,#2181,.T.);
#2833=ORIENTED_EDGE('',*,*,#2133,.F.);
#2834=ORIENTED_EDGE('',*,*,#2182,.F.);
#2835=ORIENTED_EDGE('',*,*,#2148,.T.);
#2836=ORIENTED_EDGE('',*,*,#2182,.T.);
#2837=ORIENTED_EDGE('',*,*,#2132,.F.);
#2838=ORIENTED_EDGE('',*,*,#2175,.F.);
#2839=ORIENTED_EDGE('',*,*,#2183,.F.);
#2840=ORIENTED_EDGE('',*,*,#2172,.F.);
#2841=ORIENTED_EDGE('',*,*,#2174,.F.);
#2842=ORIENTED_EDGE('',*,*,#2165,.F.);
#2843=ORIENTED_EDGE('',*,*,#2168,.F.);
#2844=ORIENTED_EDGE('',*,*,#2170,.F.);
#2845=ORIENTED_EDGE('',*,*,#2184,.F.);
#2846=ORIENTED_EDGE('',*,*,#2185,.F.);
#2847=ORIENTED_EDGE('',*,*,#2186,.F.);
#2848=ORIENTED_EDGE('',*,*,#2187,.F.);
#2849=ORIENTED_EDGE('',*,*,#2123,.T.);
#2850=ORIENTED_EDGE('',*,*,#2126,.T.);
#2851=ORIENTED_EDGE('',*,*,#2129,.T.);
#2852=ORIENTED_EDGE('',*,*,#2160,.T.);
#2853=ORIENTED_EDGE('',*,*,#2188,.T.);
#2854=ORIENTED_EDGE('',*,*,#2189,.T.);
#2855=ORIENTED_EDGE('',*,*,#2190,.T.);
#2856=ORIENTED_EDGE('',*,*,#2159,.T.);
#2857=ORIENTED_EDGE('',*,*,#2191,.F.);
#2858=ORIENTED_EDGE('',*,*,#2192,.T.);
#2859=ORIENTED_EDGE('',*,*,#2188,.F.);
#2860=ORIENTED_EDGE('',*,*,#2162,.T.);
#2861=ORIENTED_EDGE('',*,*,#2193,.T.);
#2862=ORIENTED_EDGE('',*,*,#2194,.T.);
#2863=ORIENTED_EDGE('',*,*,#2195,.T.);
#2864=ORIENTED_EDGE('',*,*,#2158,.T.);
#2865=ORIENTED_EDGE('',*,*,#2196,.T.);
#2866=ORIENTED_EDGE('',*,*,#2197,.T.);
#2867=ORIENTED_EDGE('',*,*,#2191,.T.);
#2868=ORIENTED_EDGE('',*,*,#2163,.T.);
#2869=ORIENTED_EDGE('',*,*,#2195,.F.);
#2870=ORIENTED_EDGE('',*,*,#2198,.T.);
#2871=ORIENTED_EDGE('',*,*,#2199,.F.);
#2872=ORIENTED_EDGE('',*,*,#2157,.T.);
#2873=ORIENTED_EDGE('',*,*,#2200,.F.);
#2874=ORIENTED_EDGE('',*,*,#2201,.T.);
#2875=ORIENTED_EDGE('',*,*,#2196,.F.);
#2876=ORIENTED_EDGE('',*,*,#2156,.T.);
#2877=ORIENTED_EDGE('',*,*,#2199,.T.);
#2878=ORIENTED_EDGE('',*,*,#2202,.T.);
#2879=ORIENTED_EDGE('',*,*,#2200,.T.);
#2880=ORIENTED_EDGE('',*,*,#2203,.T.);
#2881=ORIENTED_EDGE('',*,*,#2204,.T.);
#2882=ORIENTED_EDGE('',*,*,#2205,.T.);
#2883=ORIENTED_EDGE('',*,*,#2206,.T.);
#2884=ORIENTED_EDGE('',*,*,#2207,.T.);
#2885=ORIENTED_EDGE('',*,*,#2208,.T.);
#2886=ORIENTED_EDGE('',*,*,#2209,.T.);
#2887=ORIENTED_EDGE('',*,*,#2206,.F.);
#2888=ORIENTED_EDGE('',*,*,#2210,.T.);
#2889=ORIENTED_EDGE('',*,*,#2211,.T.);
#2890=ORIENTED_EDGE('',*,*,#2208,.F.);
#2891=ORIENTED_EDGE('',*,*,#2212,.T.);
#2892=ORIENTED_EDGE('',*,*,#2213,.T.);
#2893=ORIENTED_EDGE('',*,*,#2210,.F.);
#2894=ORIENTED_EDGE('',*,*,#2214,.T.);
#2895=ORIENTED_EDGE('',*,*,#2204,.F.);
#2896=ORIENTED_EDGE('',*,*,#2205,.F.);
#2897=ORIENTED_EDGE('',*,*,#2214,.F.);
#2898=ORIENTED_EDGE('',*,*,#2212,.F.);
#2899=ORIENTED_EDGE('',*,*,#2207,.F.);
#2900=ORIENTED_EDGE('',*,*,#2215,.T.);
#2901=ORIENTED_EDGE('',*,*,#2216,.T.);
#2902=ORIENTED_EDGE('',*,*,#2217,.T.);
#2903=ORIENTED_EDGE('',*,*,#2218,.T.);
#2904=ORIENTED_EDGE('',*,*,#2219,.T.);
#2905=ORIENTED_EDGE('',*,*,#2220,.T.);
#2906=ORIENTED_EDGE('',*,*,#2221,.T.);
#2907=ORIENTED_EDGE('',*,*,#2222,.T.);
#2908=ORIENTED_EDGE('',*,*,#2223,.F.);
#2909=ORIENTED_EDGE('',*,*,#2224,.F.);
#2910=ORIENTED_EDGE('',*,*,#2225,.F.);
#2911=ORIENTED_EDGE('',*,*,#2226,.F.);
#2912=ORIENTED_EDGE('',*,*,#2227,.F.);
#2913=ORIENTED_EDGE('',*,*,#2228,.F.);
#2914=ORIENTED_EDGE('',*,*,#2229,.F.);
#2915=ORIENTED_EDGE('',*,*,#2230,.F.);
#2916=ORIENTED_EDGE('',*,*,#2231,.F.);
#2917=ORIENTED_EDGE('',*,*,#2232,.F.);
#2918=ORIENTED_EDGE('',*,*,#2233,.F.);
#2919=ORIENTED_EDGE('',*,*,#2234,.F.);
#2920=ORIENTED_EDGE('',*,*,#2235,.F.);
#2921=ORIENTED_EDGE('',*,*,#2236,.F.);
#2922=ORIENTED_EDGE('',*,*,#2237,.F.);
#2923=ORIENTED_EDGE('',*,*,#2238,.F.);
#2924=ORIENTED_EDGE('',*,*,#2239,.F.);
#2925=ORIENTED_EDGE('',*,*,#2240,.F.);
#2926=ORIENTED_EDGE('',*,*,#2241,.F.);
#2927=ORIENTED_EDGE('',*,*,#2242,.F.);
#2928=ORIENTED_EDGE('',*,*,#2243,.F.);
#2929=ORIENTED_EDGE('',*,*,#2244,.F.);
#2930=ORIENTED_EDGE('',*,*,#2245,.F.);
#2931=ORIENTED_EDGE('',*,*,#2246,.F.);
#2932=ORIENTED_EDGE('',*,*,#2232,.T.);
#2933=ORIENTED_EDGE('',*,*,#2247,.T.);
#2934=ORIENTED_EDGE('',*,*,#2222,.F.);
#2935=ORIENTED_EDGE('',*,*,#2248,.F.);
#2936=ORIENTED_EDGE('',*,*,#2233,.T.);
#2937=ORIENTED_EDGE('',*,*,#2248,.T.);
#2938=ORIENTED_EDGE('',*,*,#2221,.F.);
#2939=ORIENTED_EDGE('',*,*,#2249,.F.);
#2940=ORIENTED_EDGE('',*,*,#2234,.T.);
#2941=ORIENTED_EDGE('',*,*,#2249,.T.);
#2942=ORIENTED_EDGE('',*,*,#2220,.F.);
#2943=ORIENTED_EDGE('',*,*,#2250,.F.);
#2944=ORIENTED_EDGE('',*,*,#2235,.T.);
#2945=ORIENTED_EDGE('',*,*,#2250,.T.);
#2946=ORIENTED_EDGE('',*,*,#2219,.F.);
#2947=ORIENTED_EDGE('',*,*,#2251,.F.);
#2948=ORIENTED_EDGE('',*,*,#2236,.T.);
#2949=ORIENTED_EDGE('',*,*,#2251,.T.);
#2950=ORIENTED_EDGE('',*,*,#2218,.F.);
#2951=ORIENTED_EDGE('',*,*,#2252,.F.);
#2952=ORIENTED_EDGE('',*,*,#2237,.T.);
#2953=ORIENTED_EDGE('',*,*,#2252,.T.);
#2954=ORIENTED_EDGE('',*,*,#2217,.F.);
#2955=ORIENTED_EDGE('',*,*,#2253,.F.);
#2956=ORIENTED_EDGE('',*,*,#2238,.T.);
#2957=ORIENTED_EDGE('',*,*,#2253,.T.);
#2958=ORIENTED_EDGE('',*,*,#2216,.F.);
#2959=ORIENTED_EDGE('',*,*,#2254,.F.);
#2960=ORIENTED_EDGE('',*,*,#2231,.T.);
#2961=ORIENTED_EDGE('',*,*,#2254,.T.);
#2962=ORIENTED_EDGE('',*,*,#2215,.F.);
#2963=ORIENTED_EDGE('',*,*,#2247,.F.);
#2964=ORIENTED_EDGE('',*,*,#2243,.T.);
#2965=ORIENTED_EDGE('',*,*,#2255,.T.);
#2966=ORIENTED_EDGE('',*,*,#2256,.F.);
#2967=ORIENTED_EDGE('',*,*,#2257,.T.);
#2968=ORIENTED_EDGE('',*,*,#2227,.T.);
#2969=ORIENTED_EDGE('',*,*,#2258,.T.);
#2970=ORIENTED_EDGE('',*,*,#2259,.T.);
#2971=ORIENTED_EDGE('',*,*,#2260,.T.);
#2972=ORIENTED_EDGE('',*,*,#2244,.T.);
#2973=ORIENTED_EDGE('',*,*,#2257,.F.);
#2974=ORIENTED_EDGE('',*,*,#2261,.F.);
#2975=ORIENTED_EDGE('',*,*,#2262,.F.);
#2976=ORIENTED_EDGE('',*,*,#2226,.T.);
#2977=ORIENTED_EDGE('',*,*,#2263,.F.);
#2978=ORIENTED_EDGE('',*,*,#2264,.T.);
#2979=ORIENTED_EDGE('',*,*,#2258,.F.);
#2980=ORIENTED_EDGE('',*,*,#2242,.T.);
#2981=ORIENTED_EDGE('',*,*,#2265,.F.);
#2982=ORIENTED_EDGE('',*,*,#2266,.F.);
#2983=ORIENTED_EDGE('',*,*,#2255,.F.);
#2984=ORIENTED_EDGE('',*,*,#2245,.T.);
#2985=ORIENTED_EDGE('',*,*,#2262,.T.);
#2986=ORIENTED_EDGE('',*,*,#2267,.F.);
#2987=ORIENTED_EDGE('',*,*,#2268,.T.);
#2988=ORIENTED_EDGE('',*,*,#2225,.T.);
#2989=ORIENTED_EDGE('',*,*,#2269,.T.);
#2990=ORIENTED_EDGE('',*,*,#2270,.T.);
#2991=ORIENTED_EDGE('',*,*,#2263,.T.);
#2992=ORIENTED_EDGE('',*,*,#2241,.T.);
#2993=ORIENTED_EDGE('',*,*,#2271,.T.);
#2994=ORIENTED_EDGE('',*,*,#2272,.F.);
#2995=ORIENTED_EDGE('',*,*,#2265,.T.);
#2996=ORIENTED_EDGE('',*,*,#2246,.T.);
#2997=ORIENTED_EDGE('',*,*,#2268,.F.);
#2998=ORIENTED_EDGE('',*,*,#2273,.F.);
#2999=ORIENTED_EDGE('',*,*,#2274,.F.);
#3000=ORIENTED_EDGE('',*,*,#2224,.T.);
#3001=ORIENTED_EDGE('',*,*,#2275,.F.);
#3002=ORIENTED_EDGE('',*,*,#2276,.T.);
#3003=ORIENTED_EDGE('',*,*,#2269,.F.);
#3004=ORIENTED_EDGE('',*,*,#2240,.T.);
#3005=ORIENTED_EDGE('',*,*,#2277,.F.);
#3006=ORIENTED_EDGE('',*,*,#2278,.F.);
#3007=ORIENTED_EDGE('',*,*,#2271,.F.);
#3008=ORIENTED_EDGE('',*,*,#2239,.T.);
#3009=ORIENTED_EDGE('',*,*,#2274,.T.);
#3010=ORIENTED_EDGE('',*,*,#2279,.F.);
#3011=ORIENTED_EDGE('',*,*,#2277,.T.);
#3012=ORIENTED_EDGE('',*,*,#2280,.T.);
#3013=ORIENTED_EDGE('',*,*,#2281,.T.);
#3014=ORIENTED_EDGE('',*,*,#2282,.T.);
#3015=ORIENTED_EDGE('',*,*,#2283,.T.);
#3016=ORIENTED_EDGE('',*,*,#2284,.T.);
#3017=ORIENTED_EDGE('',*,*,#2285,.T.);
#3018=ORIENTED_EDGE('',*,*,#2286,.T.);
#3019=ORIENTED_EDGE('',*,*,#2287,.T.);
#3020=ORIENTED_EDGE('',*,*,#2288,.F.);
#3021=ORIENTED_EDGE('',*,*,#2289,.F.);
#3022=ORIENTED_EDGE('',*,*,#2290,.F.);
#3023=ORIENTED_EDGE('',*,*,#2291,.F.);
#3024=ORIENTED_EDGE('',*,*,#2292,.F.);
#3025=ORIENTED_EDGE('',*,*,#2293,.F.);
#3026=ORIENTED_EDGE('',*,*,#2294,.F.);
#3027=ORIENTED_EDGE('',*,*,#2295,.F.);
#3028=ORIENTED_EDGE('',*,*,#2296,.F.);
#3029=ORIENTED_EDGE('',*,*,#2297,.F.);
#3030=ORIENTED_EDGE('',*,*,#2298,.F.);
#3031=ORIENTED_EDGE('',*,*,#2299,.F.);
#3032=ORIENTED_EDGE('',*,*,#2300,.F.);
#3033=ORIENTED_EDGE('',*,*,#2301,.F.);
#3034=ORIENTED_EDGE('',*,*,#2302,.F.);
#3035=ORIENTED_EDGE('',*,*,#2303,.F.);
#3036=ORIENTED_EDGE('',*,*,#2259,.F.);
#3037=ORIENTED_EDGE('',*,*,#2264,.F.);
#3038=ORIENTED_EDGE('',*,*,#2270,.F.);
#3039=ORIENTED_EDGE('',*,*,#2276,.F.);
#3040=ORIENTED_EDGE('',*,*,#2304,.F.);
#3041=ORIENTED_EDGE('',*,*,#2305,.F.);
#3042=ORIENTED_EDGE('',*,*,#2306,.F.);
#3043=ORIENTED_EDGE('',*,*,#2307,.F.);
#3044=ORIENTED_EDGE('',*,*,#2297,.T.);
#3045=ORIENTED_EDGE('',*,*,#2308,.T.);
#3046=ORIENTED_EDGE('',*,*,#2287,.F.);
#3047=ORIENTED_EDGE('',*,*,#2309,.F.);
#3048=ORIENTED_EDGE('',*,*,#2298,.T.);
#3049=ORIENTED_EDGE('',*,*,#2309,.T.);
#3050=ORIENTED_EDGE('',*,*,#2286,.F.);
#3051=ORIENTED_EDGE('',*,*,#2310,.F.);
#3052=ORIENTED_EDGE('',*,*,#2299,.T.);
#3053=ORIENTED_EDGE('',*,*,#2310,.T.);
#3054=ORIENTED_EDGE('',*,*,#2285,.F.);
#3055=ORIENTED_EDGE('',*,*,#2311,.F.);
#3056=ORIENTED_EDGE('',*,*,#2300,.T.);
#3057=ORIENTED_EDGE('',*,*,#2311,.T.);
#3058=ORIENTED_EDGE('',*,*,#2284,.F.);
#3059=ORIENTED_EDGE('',*,*,#2312,.F.);
#3060=ORIENTED_EDGE('',*,*,#2301,.T.);
#3061=ORIENTED_EDGE('',*,*,#2312,.T.);
#3062=ORIENTED_EDGE('',*,*,#2283,.F.);
#3063=ORIENTED_EDGE('',*,*,#2313,.F.);
#3064=ORIENTED_EDGE('',*,*,#2302,.T.);
#3065=ORIENTED_EDGE('',*,*,#2313,.T.);
#3066=ORIENTED_EDGE('',*,*,#2282,.F.);
#3067=ORIENTED_EDGE('',*,*,#2314,.F.);
#3068=ORIENTED_EDGE('',*,*,#2303,.T.);
#3069=ORIENTED_EDGE('',*,*,#2314,.T.);
#3070=ORIENTED_EDGE('',*,*,#2281,.F.);
#3071=ORIENTED_EDGE('',*,*,#2315,.F.);
#3072=ORIENTED_EDGE('',*,*,#2296,.T.);
#3073=ORIENTED_EDGE('',*,*,#2315,.T.);
#3074=ORIENTED_EDGE('',*,*,#2280,.F.);
#3075=ORIENTED_EDGE('',*,*,#2308,.F.);
#3076=ORIENTED_EDGE('',*,*,#2223,.T.);
#3077=ORIENTED_EDGE('',*,*,#2316,.T.);
#3078=ORIENTED_EDGE('',*,*,#2304,.T.);
#3079=ORIENTED_EDGE('',*,*,#2275,.T.);
#3080=ORIENTED_EDGE('',*,*,#2292,.T.);
#3081=ORIENTED_EDGE('',*,*,#2317,.T.);
#3082=ORIENTED_EDGE('',*,*,#2318,.T.);
#3083=ORIENTED_EDGE('',*,*,#2319,.T.);
#3084=ORIENTED_EDGE('',*,*,#2230,.T.);
#3085=ORIENTED_EDGE('',*,*,#2320,.F.);
#3086=ORIENTED_EDGE('',*,*,#2305,.T.);
#3087=ORIENTED_EDGE('',*,*,#2316,.F.);
#3088=ORIENTED_EDGE('',*,*,#2291,.T.);
#3089=ORIENTED_EDGE('',*,*,#2321,.F.);
#3090=ORIENTED_EDGE('',*,*,#2322,.T.);
#3091=ORIENTED_EDGE('',*,*,#2317,.F.);
#3092=ORIENTED_EDGE('',*,*,#2229,.T.);
#3093=ORIENTED_EDGE('',*,*,#2323,.T.);
#3094=ORIENTED_EDGE('',*,*,#2306,.T.);
#3095=ORIENTED_EDGE('',*,*,#2320,.T.);
#3096=ORIENTED_EDGE('',*,*,#2290,.T.);
#3097=ORIENTED_EDGE('',*,*,#2324,.T.);
#3098=ORIENTED_EDGE('',*,*,#2325,.T.);
#3099=ORIENTED_EDGE('',*,*,#2321,.T.);
#3100=ORIENTED_EDGE('',*,*,#2228,.T.);
#3101=ORIENTED_EDGE('',*,*,#2260,.F.);
#3102=ORIENTED_EDGE('',*,*,#2307,.T.);
#3103=ORIENTED_EDGE('',*,*,#2323,.F.);
#3104=ORIENTED_EDGE('',*,*,#2289,.T.);
#3105=ORIENTED_EDGE('',*,*,#2326,.F.);
#3106=ORIENTED_EDGE('',*,*,#2327,.T.);
#3107=ORIENTED_EDGE('',*,*,#2324,.F.);
#3108=ORIENTED_EDGE('',*,*,#2328,.T.);
#3109=ORIENTED_EDGE('',*,*,#2329,.T.);
#3110=ORIENTED_EDGE('',*,*,#2330,.T.);
#3111=ORIENTED_EDGE('',*,*,#2331,.T.);
#3112=ORIENTED_EDGE('',*,*,#2332,.T.);
#3113=ORIENTED_EDGE('',*,*,#2333,.T.);
#3114=ORIENTED_EDGE('',*,*,#2334,.T.);
#3115=ORIENTED_EDGE('',*,*,#2335,.T.);
#3116=ORIENTED_EDGE('',*,*,#2336,.F.);
#3117=ORIENTED_EDGE('',*,*,#2337,.F.);
#3118=ORIENTED_EDGE('',*,*,#2338,.F.);
#3119=ORIENTED_EDGE('',*,*,#2339,.F.);
#3120=ORIENTED_EDGE('',*,*,#2340,.F.);
#3121=ORIENTED_EDGE('',*,*,#2341,.F.);
#3122=ORIENTED_EDGE('',*,*,#2342,.F.);
#3123=ORIENTED_EDGE('',*,*,#2343,.F.);
#3124=ORIENTED_EDGE('',*,*,#2344,.F.);
#3125=ORIENTED_EDGE('',*,*,#2345,.F.);
#3126=ORIENTED_EDGE('',*,*,#2346,.F.);
#3127=ORIENTED_EDGE('',*,*,#2347,.F.);
#3128=ORIENTED_EDGE('',*,*,#2348,.F.);
#3129=ORIENTED_EDGE('',*,*,#2349,.F.);
#3130=ORIENTED_EDGE('',*,*,#2350,.F.);
#3131=ORIENTED_EDGE('',*,*,#2351,.F.);
#3132=ORIENTED_EDGE('',*,*,#2318,.F.);
#3133=ORIENTED_EDGE('',*,*,#2322,.F.);
#3134=ORIENTED_EDGE('',*,*,#2325,.F.);
#3135=ORIENTED_EDGE('',*,*,#2327,.F.);
#3136=ORIENTED_EDGE('',*,*,#2352,.F.);
#3137=ORIENTED_EDGE('',*,*,#2353,.F.);
#3138=ORIENTED_EDGE('',*,*,#2354,.F.);
#3139=ORIENTED_EDGE('',*,*,#2355,.F.);
#3140=ORIENTED_EDGE('',*,*,#2345,.T.);
#3141=ORIENTED_EDGE('',*,*,#2356,.T.);
#3142=ORIENTED_EDGE('',*,*,#2335,.F.);
#3143=ORIENTED_EDGE('',*,*,#2357,.F.);
#3144=ORIENTED_EDGE('',*,*,#2346,.T.);
#3145=ORIENTED_EDGE('',*,*,#2357,.T.);
#3146=ORIENTED_EDGE('',*,*,#2334,.F.);
#3147=ORIENTED_EDGE('',*,*,#2358,.F.);
#3148=ORIENTED_EDGE('',*,*,#2347,.T.);
#3149=ORIENTED_EDGE('',*,*,#2358,.T.);
#3150=ORIENTED_EDGE('',*,*,#2333,.F.);
#3151=ORIENTED_EDGE('',*,*,#2359,.F.);
#3152=ORIENTED_EDGE('',*,*,#2348,.T.);
#3153=ORIENTED_EDGE('',*,*,#2359,.T.);
#3154=ORIENTED_EDGE('',*,*,#2332,.F.);
#3155=ORIENTED_EDGE('',*,*,#2360,.F.);
#3156=ORIENTED_EDGE('',*,*,#2349,.T.);
#3157=ORIENTED_EDGE('',*,*,#2360,.T.);
#3158=ORIENTED_EDGE('',*,*,#2331,.F.);
#3159=ORIENTED_EDGE('',*,*,#2361,.F.);
#3160=ORIENTED_EDGE('',*,*,#2350,.T.);
#3161=ORIENTED_EDGE('',*,*,#2361,.T.);
#3162=ORIENTED_EDGE('',*,*,#2330,.F.);
#3163=ORIENTED_EDGE('',*,*,#2362,.F.);
#3164=ORIENTED_EDGE('',*,*,#2351,.T.);
#3165=ORIENTED_EDGE('',*,*,#2362,.T.);
#3166=ORIENTED_EDGE('',*,*,#2329,.F.);
#3167=ORIENTED_EDGE('',*,*,#2363,.F.);
#3168=ORIENTED_EDGE('',*,*,#2344,.T.);
#3169=ORIENTED_EDGE('',*,*,#2363,.T.);
#3170=ORIENTED_EDGE('',*,*,#2328,.F.);
#3171=ORIENTED_EDGE('',*,*,#2356,.F.);
#3172=ORIENTED_EDGE('',*,*,#2288,.T.);
#3173=ORIENTED_EDGE('',*,*,#2364,.T.);
#3174=ORIENTED_EDGE('',*,*,#2352,.T.);
#3175=ORIENTED_EDGE('',*,*,#2326,.T.);
#3176=ORIENTED_EDGE('',*,*,#2340,.T.);
#3177=ORIENTED_EDGE('',*,*,#2365,.T.);
#3178=ORIENTED_EDGE('',*,*,#2366,.T.);
#3179=ORIENTED_EDGE('',*,*,#2367,.T.);
#3180=ORIENTED_EDGE('',*,*,#2295,.T.);
#3181=ORIENTED_EDGE('',*,*,#2368,.F.);
#3182=ORIENTED_EDGE('',*,*,#2353,.T.);
#3183=ORIENTED_EDGE('',*,*,#2364,.F.);
#3184=ORIENTED_EDGE('',*,*,#2339,.T.);
#3185=ORIENTED_EDGE('',*,*,#2369,.F.);
#3186=ORIENTED_EDGE('',*,*,#2370,.T.);
#3187=ORIENTED_EDGE('',*,*,#2365,.F.);
#3188=ORIENTED_EDGE('',*,*,#2294,.T.);
#3189=ORIENTED_EDGE('',*,*,#2371,.T.);
#3190=ORIENTED_EDGE('',*,*,#2354,.T.);
#3191=ORIENTED_EDGE('',*,*,#2368,.T.);
#3192=ORIENTED_EDGE('',*,*,#2338,.T.);
#3193=ORIENTED_EDGE('',*,*,#2372,.T.);
#3194=ORIENTED_EDGE('',*,*,#2373,.T.);
#3195=ORIENTED_EDGE('',*,*,#2369,.T.);
#3196=ORIENTED_EDGE('',*,*,#2293,.T.);
#3197=ORIENTED_EDGE('',*,*,#2319,.F.);
#3198=ORIENTED_EDGE('',*,*,#2355,.T.);
#3199=ORIENTED_EDGE('',*,*,#2371,.F.);
#3200=ORIENTED_EDGE('',*,*,#2337,.T.);
#3201=ORIENTED_EDGE('',*,*,#2374,.F.);
#3202=ORIENTED_EDGE('',*,*,#2375,.T.);
#3203=ORIENTED_EDGE('',*,*,#2372,.F.);
#3204=ORIENTED_EDGE('',*,*,#2376,.T.);
#3205=ORIENTED_EDGE('',*,*,#2377,.T.);
#3206=ORIENTED_EDGE('',*,*,#2378,.T.);
#3207=ORIENTED_EDGE('',*,*,#2379,.T.);
#3208=ORIENTED_EDGE('',*,*,#2380,.T.);
#3209=ORIENTED_EDGE('',*,*,#2381,.T.);
#3210=ORIENTED_EDGE('',*,*,#2382,.T.);
#3211=ORIENTED_EDGE('',*,*,#2383,.T.);
#3212=ORIENTED_EDGE('',*,*,#2384,.F.);
#3213=ORIENTED_EDGE('',*,*,#2385,.F.);
#3214=ORIENTED_EDGE('',*,*,#2386,.F.);
#3215=ORIENTED_EDGE('',*,*,#2387,.F.);
#3216=ORIENTED_EDGE('',*,*,#2388,.F.);
#3217=ORIENTED_EDGE('',*,*,#2389,.F.);
#3218=ORIENTED_EDGE('',*,*,#2390,.F.);
#3219=ORIENTED_EDGE('',*,*,#2391,.F.);
#3220=ORIENTED_EDGE('',*,*,#2392,.F.);
#3221=ORIENTED_EDGE('',*,*,#2393,.F.);
#3222=ORIENTED_EDGE('',*,*,#2394,.F.);
#3223=ORIENTED_EDGE('',*,*,#2395,.F.);
#3224=ORIENTED_EDGE('',*,*,#2396,.F.);
#3225=ORIENTED_EDGE('',*,*,#2397,.F.);
#3226=ORIENTED_EDGE('',*,*,#2398,.F.);
#3227=ORIENTED_EDGE('',*,*,#2399,.F.);
#3228=ORIENTED_EDGE('',*,*,#2366,.F.);
#3229=ORIENTED_EDGE('',*,*,#2370,.F.);
#3230=ORIENTED_EDGE('',*,*,#2373,.F.);
#3231=ORIENTED_EDGE('',*,*,#2375,.F.);
#3232=ORIENTED_EDGE('',*,*,#2400,.F.);
#3233=ORIENTED_EDGE('',*,*,#2401,.F.);
#3234=ORIENTED_EDGE('',*,*,#2402,.F.);
#3235=ORIENTED_EDGE('',*,*,#2403,.F.);
#3236=ORIENTED_EDGE('',*,*,#2393,.T.);
#3237=ORIENTED_EDGE('',*,*,#2404,.T.);
#3238=ORIENTED_EDGE('',*,*,#2383,.F.);
#3239=ORIENTED_EDGE('',*,*,#2405,.F.);
#3240=ORIENTED_EDGE('',*,*,#2394,.T.);
#3241=ORIENTED_EDGE('',*,*,#2405,.T.);
#3242=ORIENTED_EDGE('',*,*,#2382,.F.);
#3243=ORIENTED_EDGE('',*,*,#2406,.F.);
#3244=ORIENTED_EDGE('',*,*,#2395,.T.);
#3245=ORIENTED_EDGE('',*,*,#2406,.T.);
#3246=ORIENTED_EDGE('',*,*,#2381,.F.);
#3247=ORIENTED_EDGE('',*,*,#2407,.F.);
#3248=ORIENTED_EDGE('',*,*,#2396,.T.);
#3249=ORIENTED_EDGE('',*,*,#2407,.T.);
#3250=ORIENTED_EDGE('',*,*,#2380,.F.);
#3251=ORIENTED_EDGE('',*,*,#2408,.F.);
#3252=ORIENTED_EDGE('',*,*,#2397,.T.);
#3253=ORIENTED_EDGE('',*,*,#2408,.T.);
#3254=ORIENTED_EDGE('',*,*,#2379,.F.);
#3255=ORIENTED_EDGE('',*,*,#2409,.F.);
#3256=ORIENTED_EDGE('',*,*,#2398,.T.);
#3257=ORIENTED_EDGE('',*,*,#2409,.T.);
#3258=ORIENTED_EDGE('',*,*,#2378,.F.);
#3259=ORIENTED_EDGE('',*,*,#2410,.F.);
#3260=ORIENTED_EDGE('',*,*,#2399,.T.);
#3261=ORIENTED_EDGE('',*,*,#2410,.T.);
#3262=ORIENTED_EDGE('',*,*,#2377,.F.);
#3263=ORIENTED_EDGE('',*,*,#2411,.F.);
#3264=ORIENTED_EDGE('',*,*,#2392,.T.);
#3265=ORIENTED_EDGE('',*,*,#2411,.T.);
#3266=ORIENTED_EDGE('',*,*,#2376,.F.);
#3267=ORIENTED_EDGE('',*,*,#2404,.F.);
#3268=ORIENTED_EDGE('',*,*,#2336,.T.);
#3269=ORIENTED_EDGE('',*,*,#2412,.T.);
#3270=ORIENTED_EDGE('',*,*,#2400,.T.);
#3271=ORIENTED_EDGE('',*,*,#2374,.T.);
#3272=ORIENTED_EDGE('',*,*,#2388,.T.);
#3273=ORIENTED_EDGE('',*,*,#2413,.T.);
#3274=ORIENTED_EDGE('',*,*,#2414,.T.);
#3275=ORIENTED_EDGE('',*,*,#2415,.T.);
#3276=ORIENTED_EDGE('',*,*,#2343,.T.);
#3277=ORIENTED_EDGE('',*,*,#2416,.F.);
#3278=ORIENTED_EDGE('',*,*,#2401,.T.);
#3279=ORIENTED_EDGE('',*,*,#2412,.F.);
#3280=ORIENTED_EDGE('',*,*,#2387,.T.);
#3281=ORIENTED_EDGE('',*,*,#2417,.F.);
#3282=ORIENTED_EDGE('',*,*,#2418,.T.);
#3283=ORIENTED_EDGE('',*,*,#2413,.F.);
#3284=ORIENTED_EDGE('',*,*,#2342,.T.);
#3285=ORIENTED_EDGE('',*,*,#2419,.T.);
#3286=ORIENTED_EDGE('',*,*,#2402,.T.);
#3287=ORIENTED_EDGE('',*,*,#2416,.T.);
#3288=ORIENTED_EDGE('',*,*,#2386,.T.);
#3289=ORIENTED_EDGE('',*,*,#2420,.T.);
#3290=ORIENTED_EDGE('',*,*,#2421,.T.);
#3291=ORIENTED_EDGE('',*,*,#2417,.T.);
#3292=ORIENTED_EDGE('',*,*,#2341,.T.);
#3293=ORIENTED_EDGE('',*,*,#2367,.F.);
#3294=ORIENTED_EDGE('',*,*,#2403,.T.);
#3295=ORIENTED_EDGE('',*,*,#2419,.F.);
#3296=ORIENTED_EDGE('',*,*,#2385,.T.);
#3297=ORIENTED_EDGE('',*,*,#2422,.F.);
#3298=ORIENTED_EDGE('',*,*,#2423,.T.);
#3299=ORIENTED_EDGE('',*,*,#2420,.F.);
#3300=ORIENTED_EDGE('',*,*,#2424,.T.);
#3301=ORIENTED_EDGE('',*,*,#2425,.T.);
#3302=ORIENTED_EDGE('',*,*,#2426,.T.);
#3303=ORIENTED_EDGE('',*,*,#2427,.T.);
#3304=ORIENTED_EDGE('',*,*,#2428,.T.);
#3305=ORIENTED_EDGE('',*,*,#2429,.T.);
#3306=ORIENTED_EDGE('',*,*,#2430,.T.);
#3307=ORIENTED_EDGE('',*,*,#2431,.T.);
#3308=ORIENTED_EDGE('',*,*,#2432,.F.);
#3309=ORIENTED_EDGE('',*,*,#2433,.F.);
#3310=ORIENTED_EDGE('',*,*,#2434,.F.);
#3311=ORIENTED_EDGE('',*,*,#2435,.F.);
#3312=ORIENTED_EDGE('',*,*,#2436,.F.);
#3313=ORIENTED_EDGE('',*,*,#2437,.F.);
#3314=ORIENTED_EDGE('',*,*,#2438,.F.);
#3315=ORIENTED_EDGE('',*,*,#2439,.F.);
#3316=ORIENTED_EDGE('',*,*,#2440,.F.);
#3317=ORIENTED_EDGE('',*,*,#2441,.F.);
#3318=ORIENTED_EDGE('',*,*,#2442,.F.);
#3319=ORIENTED_EDGE('',*,*,#2443,.F.);
#3320=ORIENTED_EDGE('',*,*,#2444,.F.);
#3321=ORIENTED_EDGE('',*,*,#2445,.F.);
#3322=ORIENTED_EDGE('',*,*,#2446,.F.);
#3323=ORIENTED_EDGE('',*,*,#2447,.F.);
#3324=ORIENTED_EDGE('',*,*,#2414,.F.);
#3325=ORIENTED_EDGE('',*,*,#2418,.F.);
#3326=ORIENTED_EDGE('',*,*,#2421,.F.);
#3327=ORIENTED_EDGE('',*,*,#2423,.F.);
#3328=ORIENTED_EDGE('',*,*,#2448,.F.);
#3329=ORIENTED_EDGE('',*,*,#2449,.F.);
#3330=ORIENTED_EDGE('',*,*,#2450,.F.);
#3331=ORIENTED_EDGE('',*,*,#2451,.F.);
#3332=ORIENTED_EDGE('',*,*,#2441,.T.);
#3333=ORIENTED_EDGE('',*,*,#2452,.T.);
#3334=ORIENTED_EDGE('',*,*,#2431,.F.);
#3335=ORIENTED_EDGE('',*,*,#2453,.F.);
#3336=ORIENTED_EDGE('',*,*,#2442,.T.);
#3337=ORIENTED_EDGE('',*,*,#2453,.T.);
#3338=ORIENTED_EDGE('',*,*,#2430,.F.);
#3339=ORIENTED_EDGE('',*,*,#2454,.F.);
#3340=ORIENTED_EDGE('',*,*,#2443,.T.);
#3341=ORIENTED_EDGE('',*,*,#2454,.T.);
#3342=ORIENTED_EDGE('',*,*,#2429,.F.);
#3343=ORIENTED_EDGE('',*,*,#2455,.F.);
#3344=ORIENTED_EDGE('',*,*,#2444,.T.);
#3345=ORIENTED_EDGE('',*,*,#2455,.T.);
#3346=ORIENTED_EDGE('',*,*,#2428,.F.);
#3347=ORIENTED_EDGE('',*,*,#2456,.F.);
#3348=ORIENTED_EDGE('',*,*,#2445,.T.);
#3349=ORIENTED_EDGE('',*,*,#2456,.T.);
#3350=ORIENTED_EDGE('',*,*,#2427,.F.);
#3351=ORIENTED_EDGE('',*,*,#2457,.F.);
#3352=ORIENTED_EDGE('',*,*,#2446,.T.);
#3353=ORIENTED_EDGE('',*,*,#2457,.T.);
#3354=ORIENTED_EDGE('',*,*,#2426,.F.);
#3355=ORIENTED_EDGE('',*,*,#2458,.F.);
#3356=ORIENTED_EDGE('',*,*,#2447,.T.);
#3357=ORIENTED_EDGE('',*,*,#2458,.T.);
#3358=ORIENTED_EDGE('',*,*,#2425,.F.);
#3359=ORIENTED_EDGE('',*,*,#2459,.F.);
#3360=ORIENTED_EDGE('',*,*,#2440,.T.);
#3361=ORIENTED_EDGE('',*,*,#2459,.T.);
#3362=ORIENTED_EDGE('',*,*,#2424,.F.);
#3363=ORIENTED_EDGE('',*,*,#2452,.F.);
#3364=ORIENTED_EDGE('',*,*,#2384,.T.);
#3365=ORIENTED_EDGE('',*,*,#2460,.T.);
#3366=ORIENTED_EDGE('',*,*,#2448,.T.);
#3367=ORIENTED_EDGE('',*,*,#2422,.T.);
#3368=ORIENTED_EDGE('',*,*,#2436,.T.);
#3369=ORIENTED_EDGE('',*,*,#2461,.T.);
#3370=ORIENTED_EDGE('',*,*,#2462,.T.);
#3371=ORIENTED_EDGE('',*,*,#2463,.T.);
#3372=ORIENTED_EDGE('',*,*,#2391,.T.);
#3373=ORIENTED_EDGE('',*,*,#2464,.F.);
#3374=ORIENTED_EDGE('',*,*,#2449,.T.);
#3375=ORIENTED_EDGE('',*,*,#2460,.F.);
#3376=ORIENTED_EDGE('',*,*,#2435,.T.);
#3377=ORIENTED_EDGE('',*,*,#2465,.F.);
#3378=ORIENTED_EDGE('',*,*,#2466,.T.);
#3379=ORIENTED_EDGE('',*,*,#2461,.F.);
#3380=ORIENTED_EDGE('',*,*,#2390,.T.);
#3381=ORIENTED_EDGE('',*,*,#2467,.T.);
#3382=ORIENTED_EDGE('',*,*,#2450,.T.);
#3383=ORIENTED_EDGE('',*,*,#2464,.T.);
#3384=ORIENTED_EDGE('',*,*,#2434,.T.);
#3385=ORIENTED_EDGE('',*,*,#2468,.T.);
#3386=ORIENTED_EDGE('',*,*,#2469,.T.);
#3387=ORIENTED_EDGE('',*,*,#2465,.T.);
#3388=ORIENTED_EDGE('',*,*,#2389,.T.);
#3389=ORIENTED_EDGE('',*,*,#2415,.F.);
#3390=ORIENTED_EDGE('',*,*,#2451,.T.);
#3391=ORIENTED_EDGE('',*,*,#2467,.F.);
#3392=ORIENTED_EDGE('',*,*,#2433,.T.);
#3393=ORIENTED_EDGE('',*,*,#2470,.F.);
#3394=ORIENTED_EDGE('',*,*,#2471,.T.);
#3395=ORIENTED_EDGE('',*,*,#2468,.F.);
#3396=ORIENTED_EDGE('',*,*,#2472,.T.);
#3397=ORIENTED_EDGE('',*,*,#2473,.T.);
#3398=ORIENTED_EDGE('',*,*,#2474,.T.);
#3399=ORIENTED_EDGE('',*,*,#2475,.T.);
#3400=ORIENTED_EDGE('',*,*,#2476,.T.);
#3401=ORIENTED_EDGE('',*,*,#2477,.T.);
#3402=ORIENTED_EDGE('',*,*,#2478,.T.);
#3403=ORIENTED_EDGE('',*,*,#2479,.T.);
#3404=ORIENTED_EDGE('',*,*,#2480,.F.);
#3405=ORIENTED_EDGE('',*,*,#2481,.F.);
#3406=ORIENTED_EDGE('',*,*,#2482,.F.);
#3407=ORIENTED_EDGE('',*,*,#2483,.F.);
#3408=ORIENTED_EDGE('',*,*,#2484,.F.);
#3409=ORIENTED_EDGE('',*,*,#2485,.F.);
#3410=ORIENTED_EDGE('',*,*,#2486,.F.);
#3411=ORIENTED_EDGE('',*,*,#2487,.F.);
#3412=ORIENTED_EDGE('',*,*,#2488,.F.);
#3413=ORIENTED_EDGE('',*,*,#2489,.F.);
#3414=ORIENTED_EDGE('',*,*,#2490,.F.);
#3415=ORIENTED_EDGE('',*,*,#2491,.F.);
#3416=ORIENTED_EDGE('',*,*,#2492,.F.);
#3417=ORIENTED_EDGE('',*,*,#2493,.F.);
#3418=ORIENTED_EDGE('',*,*,#2494,.F.);
#3419=ORIENTED_EDGE('',*,*,#2495,.F.);
#3420=ORIENTED_EDGE('',*,*,#2462,.F.);
#3421=ORIENTED_EDGE('',*,*,#2466,.F.);
#3422=ORIENTED_EDGE('',*,*,#2469,.F.);
#3423=ORIENTED_EDGE('',*,*,#2471,.F.);
#3424=ORIENTED_EDGE('',*,*,#2496,.F.);
#3425=ORIENTED_EDGE('',*,*,#2497,.F.);
#3426=ORIENTED_EDGE('',*,*,#2498,.F.);
#3427=ORIENTED_EDGE('',*,*,#2499,.F.);
#3428=ORIENTED_EDGE('',*,*,#2489,.T.);
#3429=ORIENTED_EDGE('',*,*,#2500,.T.);
#3430=ORIENTED_EDGE('',*,*,#2479,.F.);
#3431=ORIENTED_EDGE('',*,*,#2501,.F.);
#3432=ORIENTED_EDGE('',*,*,#2490,.T.);
#3433=ORIENTED_EDGE('',*,*,#2501,.T.);
#3434=ORIENTED_EDGE('',*,*,#2478,.F.);
#3435=ORIENTED_EDGE('',*,*,#2502,.F.);
#3436=ORIENTED_EDGE('',*,*,#2491,.T.);
#3437=ORIENTED_EDGE('',*,*,#2502,.T.);
#3438=ORIENTED_EDGE('',*,*,#2477,.F.);
#3439=ORIENTED_EDGE('',*,*,#2503,.F.);
#3440=ORIENTED_EDGE('',*,*,#2492,.T.);
#3441=ORIENTED_EDGE('',*,*,#2503,.T.);
#3442=ORIENTED_EDGE('',*,*,#2476,.F.);
#3443=ORIENTED_EDGE('',*,*,#2504,.F.);
#3444=ORIENTED_EDGE('',*,*,#2493,.T.);
#3445=ORIENTED_EDGE('',*,*,#2504,.T.);
#3446=ORIENTED_EDGE('',*,*,#2475,.F.);
#3447=ORIENTED_EDGE('',*,*,#2505,.F.);
#3448=ORIENTED_EDGE('',*,*,#2494,.T.);
#3449=ORIENTED_EDGE('',*,*,#2505,.T.);
#3450=ORIENTED_EDGE('',*,*,#2474,.F.);
#3451=ORIENTED_EDGE('',*,*,#2506,.F.);
#3452=ORIENTED_EDGE('',*,*,#2495,.T.);
#3453=ORIENTED_EDGE('',*,*,#2506,.T.);
#3454=ORIENTED_EDGE('',*,*,#2473,.F.);
#3455=ORIENTED_EDGE('',*,*,#2507,.F.);
#3456=ORIENTED_EDGE('',*,*,#2488,.T.);
#3457=ORIENTED_EDGE('',*,*,#2507,.T.);
#3458=ORIENTED_EDGE('',*,*,#2472,.F.);
#3459=ORIENTED_EDGE('',*,*,#2500,.F.);
#3460=ORIENTED_EDGE('',*,*,#2432,.T.);
#3461=ORIENTED_EDGE('',*,*,#2508,.T.);
#3462=ORIENTED_EDGE('',*,*,#2496,.T.);
#3463=ORIENTED_EDGE('',*,*,#2470,.T.);
#3464=ORIENTED_EDGE('',*,*,#2484,.T.);
#3465=ORIENTED_EDGE('',*,*,#2509,.T.);
#3466=ORIENTED_EDGE('',*,*,#2510,.T.);
#3467=ORIENTED_EDGE('',*,*,#2511,.T.);
#3468=ORIENTED_EDGE('',*,*,#2439,.T.);
#3469=ORIENTED_EDGE('',*,*,#2512,.F.);
#3470=ORIENTED_EDGE('',*,*,#2497,.T.);
#3471=ORIENTED_EDGE('',*,*,#2508,.F.);
#3472=ORIENTED_EDGE('',*,*,#2483,.T.);
#3473=ORIENTED_EDGE('',*,*,#2513,.F.);
#3474=ORIENTED_EDGE('',*,*,#2514,.T.);
#3475=ORIENTED_EDGE('',*,*,#2509,.F.);
#3476=ORIENTED_EDGE('',*,*,#2438,.T.);
#3477=ORIENTED_EDGE('',*,*,#2515,.T.);
#3478=ORIENTED_EDGE('',*,*,#2498,.T.);
#3479=ORIENTED_EDGE('',*,*,#2512,.T.);
#3480=ORIENTED_EDGE('',*,*,#2482,.T.);
#3481=ORIENTED_EDGE('',*,*,#2516,.T.);
#3482=ORIENTED_EDGE('',*,*,#2517,.T.);
#3483=ORIENTED_EDGE('',*,*,#2513,.T.);
#3484=ORIENTED_EDGE('',*,*,#2437,.T.);
#3485=ORIENTED_EDGE('',*,*,#2463,.F.);
#3486=ORIENTED_EDGE('',*,*,#2499,.T.);
#3487=ORIENTED_EDGE('',*,*,#2515,.F.);
#3488=ORIENTED_EDGE('',*,*,#2481,.T.);
#3489=ORIENTED_EDGE('',*,*,#2518,.F.);
#3490=ORIENTED_EDGE('',*,*,#2519,.T.);
#3491=ORIENTED_EDGE('',*,*,#2516,.F.);
#3492=ORIENTED_EDGE('',*,*,#2520,.T.);
#3493=ORIENTED_EDGE('',*,*,#2521,.T.);
#3494=ORIENTED_EDGE('',*,*,#2522,.T.);
#3495=ORIENTED_EDGE('',*,*,#2523,.T.);
#3496=ORIENTED_EDGE('',*,*,#2524,.T.);
#3497=ORIENTED_EDGE('',*,*,#2525,.T.);
#3498=ORIENTED_EDGE('',*,*,#2526,.T.);
#3499=ORIENTED_EDGE('',*,*,#2527,.T.);
#3500=ORIENTED_EDGE('',*,*,#2528,.F.);
#3501=ORIENTED_EDGE('',*,*,#2529,.F.);
#3502=ORIENTED_EDGE('',*,*,#2530,.F.);
#3503=ORIENTED_EDGE('',*,*,#2531,.F.);
#3504=ORIENTED_EDGE('',*,*,#2532,.F.);
#3505=ORIENTED_EDGE('',*,*,#2533,.F.);
#3506=ORIENTED_EDGE('',*,*,#2534,.F.);
#3507=ORIENTED_EDGE('',*,*,#2535,.F.);
#3508=ORIENTED_EDGE('',*,*,#2536,.F.);
#3509=ORIENTED_EDGE('',*,*,#2537,.F.);
#3510=ORIENTED_EDGE('',*,*,#2538,.F.);
#3511=ORIENTED_EDGE('',*,*,#2539,.F.);
#3512=ORIENTED_EDGE('',*,*,#2540,.F.);
#3513=ORIENTED_EDGE('',*,*,#2541,.F.);
#3514=ORIENTED_EDGE('',*,*,#2542,.F.);
#3515=ORIENTED_EDGE('',*,*,#2543,.F.);
#3516=ORIENTED_EDGE('',*,*,#2510,.F.);
#3517=ORIENTED_EDGE('',*,*,#2514,.F.);
#3518=ORIENTED_EDGE('',*,*,#2517,.F.);
#3519=ORIENTED_EDGE('',*,*,#2519,.F.);
#3520=ORIENTED_EDGE('',*,*,#2544,.F.);
#3521=ORIENTED_EDGE('',*,*,#2545,.F.);
#3522=ORIENTED_EDGE('',*,*,#2546,.F.);
#3523=ORIENTED_EDGE('',*,*,#2547,.F.);
#3524=ORIENTED_EDGE('',*,*,#2537,.T.);
#3525=ORIENTED_EDGE('',*,*,#2548,.T.);
#3526=ORIENTED_EDGE('',*,*,#2527,.F.);
#3527=ORIENTED_EDGE('',*,*,#2549,.F.);
#3528=ORIENTED_EDGE('',*,*,#2538,.T.);
#3529=ORIENTED_EDGE('',*,*,#2549,.T.);
#3530=ORIENTED_EDGE('',*,*,#2526,.F.);
#3531=ORIENTED_EDGE('',*,*,#2550,.F.);
#3532=ORIENTED_EDGE('',*,*,#2539,.T.);
#3533=ORIENTED_EDGE('',*,*,#2550,.T.);
#3534=ORIENTED_EDGE('',*,*,#2525,.F.);
#3535=ORIENTED_EDGE('',*,*,#2551,.F.);
#3536=ORIENTED_EDGE('',*,*,#2540,.T.);
#3537=ORIENTED_EDGE('',*,*,#2551,.T.);
#3538=ORIENTED_EDGE('',*,*,#2524,.F.);
#3539=ORIENTED_EDGE('',*,*,#2552,.F.);
#3540=ORIENTED_EDGE('',*,*,#2541,.T.);
#3541=ORIENTED_EDGE('',*,*,#2552,.T.);
#3542=ORIENTED_EDGE('',*,*,#2523,.F.);
#3543=ORIENTED_EDGE('',*,*,#2553,.F.);
#3544=ORIENTED_EDGE('',*,*,#2542,.T.);
#3545=ORIENTED_EDGE('',*,*,#2553,.T.);
#3546=ORIENTED_EDGE('',*,*,#2522,.F.);
#3547=ORIENTED_EDGE('',*,*,#2554,.F.);
#3548=ORIENTED_EDGE('',*,*,#2543,.T.);
#3549=ORIENTED_EDGE('',*,*,#2554,.T.);
#3550=ORIENTED_EDGE('',*,*,#2521,.F.);
#3551=ORIENTED_EDGE('',*,*,#2555,.F.);
#3552=ORIENTED_EDGE('',*,*,#2536,.T.);
#3553=ORIENTED_EDGE('',*,*,#2555,.T.);
#3554=ORIENTED_EDGE('',*,*,#2520,.F.);
#3555=ORIENTED_EDGE('',*,*,#2548,.F.);
#3556=ORIENTED_EDGE('',*,*,#2480,.T.);
#3557=ORIENTED_EDGE('',*,*,#2556,.T.);
#3558=ORIENTED_EDGE('',*,*,#2544,.T.);
#3559=ORIENTED_EDGE('',*,*,#2518,.T.);
#3560=ORIENTED_EDGE('',*,*,#2532,.T.);
#3561=ORIENTED_EDGE('',*,*,#2557,.T.);
#3562=ORIENTED_EDGE('',*,*,#2558,.T.);
#3563=ORIENTED_EDGE('',*,*,#2559,.T.);
#3564=ORIENTED_EDGE('',*,*,#2487,.T.);
#3565=ORIENTED_EDGE('',*,*,#2560,.F.);
#3566=ORIENTED_EDGE('',*,*,#2545,.T.);
#3567=ORIENTED_EDGE('',*,*,#2556,.F.);
#3568=ORIENTED_EDGE('',*,*,#2531,.T.);
#3569=ORIENTED_EDGE('',*,*,#2561,.F.);
#3570=ORIENTED_EDGE('',*,*,#2562,.T.);
#3571=ORIENTED_EDGE('',*,*,#2557,.F.);
#3572=ORIENTED_EDGE('',*,*,#2486,.T.);
#3573=ORIENTED_EDGE('',*,*,#2563,.T.);
#3574=ORIENTED_EDGE('',*,*,#2546,.T.);
#3575=ORIENTED_EDGE('',*,*,#2560,.T.);
#3576=ORIENTED_EDGE('',*,*,#2530,.T.);
#3577=ORIENTED_EDGE('',*,*,#2564,.T.);
#3578=ORIENTED_EDGE('',*,*,#2565,.T.);
#3579=ORIENTED_EDGE('',*,*,#2561,.T.);
#3580=ORIENTED_EDGE('',*,*,#2485,.T.);
#3581=ORIENTED_EDGE('',*,*,#2511,.F.);
#3582=ORIENTED_EDGE('',*,*,#2547,.T.);
#3583=ORIENTED_EDGE('',*,*,#2563,.F.);
#3584=ORIENTED_EDGE('',*,*,#2529,.T.);
#3585=ORIENTED_EDGE('',*,*,#2566,.F.);
#3586=ORIENTED_EDGE('',*,*,#2567,.T.);
#3587=ORIENTED_EDGE('',*,*,#2564,.F.);
#3588=ORIENTED_EDGE('',*,*,#2568,.T.);
#3589=ORIENTED_EDGE('',*,*,#2569,.T.);
#3590=ORIENTED_EDGE('',*,*,#2570,.T.);
#3591=ORIENTED_EDGE('',*,*,#2571,.T.);
#3592=ORIENTED_EDGE('',*,*,#2572,.T.);
#3593=ORIENTED_EDGE('',*,*,#2573,.T.);
#3594=ORIENTED_EDGE('',*,*,#2574,.T.);
#3595=ORIENTED_EDGE('',*,*,#2575,.T.);
#3596=ORIENTED_EDGE('',*,*,#2576,.F.);
#3597=ORIENTED_EDGE('',*,*,#2577,.F.);
#3598=ORIENTED_EDGE('',*,*,#2578,.F.);
#3599=ORIENTED_EDGE('',*,*,#2579,.F.);
#3600=ORIENTED_EDGE('',*,*,#2580,.F.);
#3601=ORIENTED_EDGE('',*,*,#2581,.F.);
#3602=ORIENTED_EDGE('',*,*,#2582,.F.);
#3603=ORIENTED_EDGE('',*,*,#2583,.F.);
#3604=ORIENTED_EDGE('',*,*,#2584,.F.);
#3605=ORIENTED_EDGE('',*,*,#2585,.F.);
#3606=ORIENTED_EDGE('',*,*,#2586,.F.);
#3607=ORIENTED_EDGE('',*,*,#2587,.F.);
#3608=ORIENTED_EDGE('',*,*,#2588,.F.);
#3609=ORIENTED_EDGE('',*,*,#2589,.F.);
#3610=ORIENTED_EDGE('',*,*,#2590,.F.);
#3611=ORIENTED_EDGE('',*,*,#2591,.F.);
#3612=ORIENTED_EDGE('',*,*,#2558,.F.);
#3613=ORIENTED_EDGE('',*,*,#2562,.F.);
#3614=ORIENTED_EDGE('',*,*,#2565,.F.);
#3615=ORIENTED_EDGE('',*,*,#2567,.F.);
#3616=ORIENTED_EDGE('',*,*,#2592,.F.);
#3617=ORIENTED_EDGE('',*,*,#2593,.F.);
#3618=ORIENTED_EDGE('',*,*,#2594,.F.);
#3619=ORIENTED_EDGE('',*,*,#2595,.F.);
#3620=ORIENTED_EDGE('',*,*,#2585,.T.);
#3621=ORIENTED_EDGE('',*,*,#2596,.T.);
#3622=ORIENTED_EDGE('',*,*,#2575,.F.);
#3623=ORIENTED_EDGE('',*,*,#2597,.F.);
#3624=ORIENTED_EDGE('',*,*,#2586,.T.);
#3625=ORIENTED_EDGE('',*,*,#2597,.T.);
#3626=ORIENTED_EDGE('',*,*,#2574,.F.);
#3627=ORIENTED_EDGE('',*,*,#2598,.F.);
#3628=ORIENTED_EDGE('',*,*,#2587,.T.);
#3629=ORIENTED_EDGE('',*,*,#2598,.T.);
#3630=ORIENTED_EDGE('',*,*,#2573,.F.);
#3631=ORIENTED_EDGE('',*,*,#2599,.F.);
#3632=ORIENTED_EDGE('',*,*,#2588,.T.);
#3633=ORIENTED_EDGE('',*,*,#2599,.T.);
#3634=ORIENTED_EDGE('',*,*,#2572,.F.);
#3635=ORIENTED_EDGE('',*,*,#2600,.F.);
#3636=ORIENTED_EDGE('',*,*,#2589,.T.);
#3637=ORIENTED_EDGE('',*,*,#2600,.T.);
#3638=ORIENTED_EDGE('',*,*,#2571,.F.);
#3639=ORIENTED_EDGE('',*,*,#2601,.F.);
#3640=ORIENTED_EDGE('',*,*,#2590,.T.);
#3641=ORIENTED_EDGE('',*,*,#2601,.T.);
#3642=ORIENTED_EDGE('',*,*,#2570,.F.);
#3643=ORIENTED_EDGE('',*,*,#2602,.F.);
#3644=ORIENTED_EDGE('',*,*,#2591,.T.);
#3645=ORIENTED_EDGE('',*,*,#2602,.T.);
#3646=ORIENTED_EDGE('',*,*,#2569,.F.);
#3647=ORIENTED_EDGE('',*,*,#2603,.F.);
#3648=ORIENTED_EDGE('',*,*,#2584,.T.);
#3649=ORIENTED_EDGE('',*,*,#2603,.T.);
#3650=ORIENTED_EDGE('',*,*,#2568,.F.);
#3651=ORIENTED_EDGE('',*,*,#2596,.F.);
#3652=ORIENTED_EDGE('',*,*,#2528,.T.);
#3653=ORIENTED_EDGE('',*,*,#2604,.T.);
#3654=ORIENTED_EDGE('',*,*,#2592,.T.);
#3655=ORIENTED_EDGE('',*,*,#2566,.T.);
#3656=ORIENTED_EDGE('',*,*,#2580,.T.);
#3657=ORIENTED_EDGE('',*,*,#2605,.T.);
#3658=ORIENTED_EDGE('',*,*,#2606,.T.);
#3659=ORIENTED_EDGE('',*,*,#2607,.T.);
#3660=ORIENTED_EDGE('',*,*,#2535,.T.);
#3661=ORIENTED_EDGE('',*,*,#2608,.F.);
#3662=ORIENTED_EDGE('',*,*,#2593,.T.);
#3663=ORIENTED_EDGE('',*,*,#2604,.F.);
#3664=ORIENTED_EDGE('',*,*,#2579,.T.);
#3665=ORIENTED_EDGE('',*,*,#2609,.F.);
#3666=ORIENTED_EDGE('',*,*,#2610,.T.);
#3667=ORIENTED_EDGE('',*,*,#2605,.F.);
#3668=ORIENTED_EDGE('',*,*,#2534,.T.);
#3669=ORIENTED_EDGE('',*,*,#2611,.T.);
#3670=ORIENTED_EDGE('',*,*,#2594,.T.);
#3671=ORIENTED_EDGE('',*,*,#2608,.T.);
#3672=ORIENTED_EDGE('',*,*,#2578,.T.);
#3673=ORIENTED_EDGE('',*,*,#2612,.T.);
#3674=ORIENTED_EDGE('',*,*,#2613,.T.);
#3675=ORIENTED_EDGE('',*,*,#2609,.T.);
#3676=ORIENTED_EDGE('',*,*,#2533,.T.);
#3677=ORIENTED_EDGE('',*,*,#2559,.F.);
#3678=ORIENTED_EDGE('',*,*,#2595,.T.);
#3679=ORIENTED_EDGE('',*,*,#2611,.F.);
#3680=ORIENTED_EDGE('',*,*,#2577,.T.);
#3681=ORIENTED_EDGE('',*,*,#2614,.F.);
#3682=ORIENTED_EDGE('',*,*,#2615,.T.);
#3683=ORIENTED_EDGE('',*,*,#2612,.F.);
#3684=ORIENTED_EDGE('',*,*,#2616,.T.);
#3685=ORIENTED_EDGE('',*,*,#2617,.T.);
#3686=ORIENTED_EDGE('',*,*,#2618,.T.);
#3687=ORIENTED_EDGE('',*,*,#2619,.T.);
#3688=ORIENTED_EDGE('',*,*,#2620,.T.);
#3689=ORIENTED_EDGE('',*,*,#2621,.T.);
#3690=ORIENTED_EDGE('',*,*,#2622,.T.);
#3691=ORIENTED_EDGE('',*,*,#2623,.T.);
#3692=ORIENTED_EDGE('',*,*,#2624,.F.);
#3693=ORIENTED_EDGE('',*,*,#2625,.F.);
#3694=ORIENTED_EDGE('',*,*,#2626,.F.);
#3695=ORIENTED_EDGE('',*,*,#2627,.F.);
#3696=ORIENTED_EDGE('',*,*,#2628,.F.);
#3697=ORIENTED_EDGE('',*,*,#2629,.F.);
#3698=ORIENTED_EDGE('',*,*,#2630,.F.);
#3699=ORIENTED_EDGE('',*,*,#2631,.F.);
#3700=ORIENTED_EDGE('',*,*,#2632,.F.);
#3701=ORIENTED_EDGE('',*,*,#2633,.F.);
#3702=ORIENTED_EDGE('',*,*,#2634,.F.);
#3703=ORIENTED_EDGE('',*,*,#2635,.F.);
#3704=ORIENTED_EDGE('',*,*,#2636,.F.);
#3705=ORIENTED_EDGE('',*,*,#2637,.F.);
#3706=ORIENTED_EDGE('',*,*,#2638,.F.);
#3707=ORIENTED_EDGE('',*,*,#2639,.F.);
#3708=ORIENTED_EDGE('',*,*,#2606,.F.);
#3709=ORIENTED_EDGE('',*,*,#2610,.F.);
#3710=ORIENTED_EDGE('',*,*,#2613,.F.);
#3711=ORIENTED_EDGE('',*,*,#2615,.F.);
#3712=ORIENTED_EDGE('',*,*,#2640,.F.);
#3713=ORIENTED_EDGE('',*,*,#2641,.F.);
#3714=ORIENTED_EDGE('',*,*,#2642,.F.);
#3715=ORIENTED_EDGE('',*,*,#2643,.F.);
#3716=ORIENTED_EDGE('',*,*,#2633,.T.);
#3717=ORIENTED_EDGE('',*,*,#2644,.T.);
#3718=ORIENTED_EDGE('',*,*,#2623,.F.);
#3719=ORIENTED_EDGE('',*,*,#2645,.F.);
#3720=ORIENTED_EDGE('',*,*,#2634,.T.);
#3721=ORIENTED_EDGE('',*,*,#2645,.T.);
#3722=ORIENTED_EDGE('',*,*,#2622,.F.);
#3723=ORIENTED_EDGE('',*,*,#2646,.F.);
#3724=ORIENTED_EDGE('',*,*,#2635,.T.);
#3725=ORIENTED_EDGE('',*,*,#2646,.T.);
#3726=ORIENTED_EDGE('',*,*,#2621,.F.);
#3727=ORIENTED_EDGE('',*,*,#2647,.F.);
#3728=ORIENTED_EDGE('',*,*,#2636,.T.);
#3729=ORIENTED_EDGE('',*,*,#2647,.T.);
#3730=ORIENTED_EDGE('',*,*,#2620,.F.);
#3731=ORIENTED_EDGE('',*,*,#2648,.F.);
#3732=ORIENTED_EDGE('',*,*,#2637,.T.);
#3733=ORIENTED_EDGE('',*,*,#2648,.T.);
#3734=ORIENTED_EDGE('',*,*,#2619,.F.);
#3735=ORIENTED_EDGE('',*,*,#2649,.F.);
#3736=ORIENTED_EDGE('',*,*,#2638,.T.);
#3737=ORIENTED_EDGE('',*,*,#2649,.T.);
#3738=ORIENTED_EDGE('',*,*,#2618,.F.);
#3739=ORIENTED_EDGE('',*,*,#2650,.F.);
#3740=ORIENTED_EDGE('',*,*,#2639,.T.);
#3741=ORIENTED_EDGE('',*,*,#2650,.T.);
#3742=ORIENTED_EDGE('',*,*,#2617,.F.);
#3743=ORIENTED_EDGE('',*,*,#2651,.F.);
#3744=ORIENTED_EDGE('',*,*,#2632,.T.);
#3745=ORIENTED_EDGE('',*,*,#2651,.T.);
#3746=ORIENTED_EDGE('',*,*,#2616,.F.);
#3747=ORIENTED_EDGE('',*,*,#2644,.F.);
#3748=ORIENTED_EDGE('',*,*,#2576,.T.);
#3749=ORIENTED_EDGE('',*,*,#2652,.T.);
#3750=ORIENTED_EDGE('',*,*,#2640,.T.);
#3751=ORIENTED_EDGE('',*,*,#2614,.T.);
#3752=ORIENTED_EDGE('',*,*,#2628,.T.);
#3753=ORIENTED_EDGE('',*,*,#2653,.T.);
#3754=ORIENTED_EDGE('',*,*,#2654,.T.);
#3755=ORIENTED_EDGE('',*,*,#2655,.T.);
#3756=ORIENTED_EDGE('',*,*,#2583,.T.);
#3757=ORIENTED_EDGE('',*,*,#2656,.F.);
#3758=ORIENTED_EDGE('',*,*,#2641,.T.);
#3759=ORIENTED_EDGE('',*,*,#2652,.F.);
#3760=ORIENTED_EDGE('',*,*,#2627,.T.);
#3761=ORIENTED_EDGE('',*,*,#2657,.F.);
#3762=ORIENTED_EDGE('',*,*,#2658,.T.);
#3763=ORIENTED_EDGE('',*,*,#2653,.F.);
#3764=ORIENTED_EDGE('',*,*,#2582,.T.);
#3765=ORIENTED_EDGE('',*,*,#2659,.T.);
#3766=ORIENTED_EDGE('',*,*,#2642,.T.);
#3767=ORIENTED_EDGE('',*,*,#2656,.T.);
#3768=ORIENTED_EDGE('',*,*,#2626,.T.);
#3769=ORIENTED_EDGE('',*,*,#2660,.T.);
#3770=ORIENTED_EDGE('',*,*,#2661,.T.);
#3771=ORIENTED_EDGE('',*,*,#2657,.T.);
#3772=ORIENTED_EDGE('',*,*,#2581,.T.);
#3773=ORIENTED_EDGE('',*,*,#2607,.F.);
#3774=ORIENTED_EDGE('',*,*,#2643,.T.);
#3775=ORIENTED_EDGE('',*,*,#2659,.F.);
#3776=ORIENTED_EDGE('',*,*,#2625,.T.);
#3777=ORIENTED_EDGE('',*,*,#2662,.F.);
#3778=ORIENTED_EDGE('',*,*,#2663,.T.);
#3779=ORIENTED_EDGE('',*,*,#2660,.F.);
#3780=ORIENTED_EDGE('',*,*,#2664,.T.);
#3781=ORIENTED_EDGE('',*,*,#2665,.T.);
#3782=ORIENTED_EDGE('',*,*,#2666,.T.);
#3783=ORIENTED_EDGE('',*,*,#2667,.T.);
#3784=ORIENTED_EDGE('',*,*,#2668,.T.);
#3785=ORIENTED_EDGE('',*,*,#2669,.T.);
#3786=ORIENTED_EDGE('',*,*,#2670,.T.);
#3787=ORIENTED_EDGE('',*,*,#2671,.T.);
#3788=ORIENTED_EDGE('',*,*,#2194,.F.);
#3789=ORIENTED_EDGE('',*,*,#2672,.F.);
#3790=ORIENTED_EDGE('',*,*,#2189,.F.);
#3791=ORIENTED_EDGE('',*,*,#2192,.F.);
#3792=ORIENTED_EDGE('',*,*,#2197,.F.);
#3793=ORIENTED_EDGE('',*,*,#2201,.F.);
#3794=ORIENTED_EDGE('',*,*,#2202,.F.);
#3795=ORIENTED_EDGE('',*,*,#2198,.F.);
#3796=ORIENTED_EDGE('',*,*,#2673,.F.);
#3797=ORIENTED_EDGE('',*,*,#2674,.F.);
#3798=ORIENTED_EDGE('',*,*,#2675,.F.);
#3799=ORIENTED_EDGE('',*,*,#2676,.F.);
#3800=ORIENTED_EDGE('',*,*,#2677,.F.);
#3801=ORIENTED_EDGE('',*,*,#2678,.F.);
#3802=ORIENTED_EDGE('',*,*,#2679,.F.);
#3803=ORIENTED_EDGE('',*,*,#2680,.F.);
#3804=ORIENTED_EDGE('',*,*,#2654,.F.);
#3805=ORIENTED_EDGE('',*,*,#2658,.F.);
#3806=ORIENTED_EDGE('',*,*,#2661,.F.);
#3807=ORIENTED_EDGE('',*,*,#2663,.F.);
#3808=ORIENTED_EDGE('',*,*,#2681,.F.);
#3809=ORIENTED_EDGE('',*,*,#2682,.F.);
#3810=ORIENTED_EDGE('',*,*,#2683,.F.);
#3811=ORIENTED_EDGE('',*,*,#2684,.F.);
#3812=ORIENTED_EDGE('',*,*,#2674,.T.);
#3813=ORIENTED_EDGE('',*,*,#2685,.T.);
#3814=ORIENTED_EDGE('',*,*,#2671,.F.);
#3815=ORIENTED_EDGE('',*,*,#2686,.F.);
#3816=ORIENTED_EDGE('',*,*,#2675,.T.);
#3817=ORIENTED_EDGE('',*,*,#2686,.T.);
#3818=ORIENTED_EDGE('',*,*,#2670,.F.);
#3819=ORIENTED_EDGE('',*,*,#2687,.F.);
#3820=ORIENTED_EDGE('',*,*,#2676,.T.);
#3821=ORIENTED_EDGE('',*,*,#2687,.T.);
#3822=ORIENTED_EDGE('',*,*,#2669,.F.);
#3823=ORIENTED_EDGE('',*,*,#2688,.F.);
#3824=ORIENTED_EDGE('',*,*,#2677,.T.);
#3825=ORIENTED_EDGE('',*,*,#2688,.T.);
#3826=ORIENTED_EDGE('',*,*,#2668,.F.);
#3827=ORIENTED_EDGE('',*,*,#2689,.F.);
#3828=ORIENTED_EDGE('',*,*,#2678,.T.);
#3829=ORIENTED_EDGE('',*,*,#2689,.T.);
#3830=ORIENTED_EDGE('',*,*,#2667,.F.);
#3831=ORIENTED_EDGE('',*,*,#2690,.F.);
#3832=ORIENTED_EDGE('',*,*,#2679,.T.);
#3833=ORIENTED_EDGE('',*,*,#2690,.T.);
#3834=ORIENTED_EDGE('',*,*,#2666,.F.);
#3835=ORIENTED_EDGE('',*,*,#2691,.F.);
#3836=ORIENTED_EDGE('',*,*,#2680,.T.);
#3837=ORIENTED_EDGE('',*,*,#2691,.T.);
#3838=ORIENTED_EDGE('',*,*,#2665,.F.);
#3839=ORIENTED_EDGE('',*,*,#2692,.F.);
#3840=ORIENTED_EDGE('',*,*,#2673,.T.);
#3841=ORIENTED_EDGE('',*,*,#2692,.T.);
#3842=ORIENTED_EDGE('',*,*,#2664,.F.);
#3843=ORIENTED_EDGE('',*,*,#2685,.F.);
#3844=ORIENTED_EDGE('',*,*,#2624,.T.);
#3845=ORIENTED_EDGE('',*,*,#2693,.T.);
#3846=ORIENTED_EDGE('',*,*,#2681,.T.);
#3847=ORIENTED_EDGE('',*,*,#2662,.T.);
#3848=ORIENTED_EDGE('',*,*,#2631,.T.);
#3849=ORIENTED_EDGE('',*,*,#2694,.F.);
#3850=ORIENTED_EDGE('',*,*,#2682,.T.);
#3851=ORIENTED_EDGE('',*,*,#2693,.F.);
#3852=ORIENTED_EDGE('',*,*,#2630,.T.);
#3853=ORIENTED_EDGE('',*,*,#2695,.T.);
#3854=ORIENTED_EDGE('',*,*,#2683,.T.);
#3855=ORIENTED_EDGE('',*,*,#2694,.T.);
#3856=ORIENTED_EDGE('',*,*,#2629,.T.);
#3857=ORIENTED_EDGE('',*,*,#2655,.F.);
#3858=ORIENTED_EDGE('',*,*,#2684,.T.);
#3859=ORIENTED_EDGE('',*,*,#2695,.F.);
#3860=ORIENTED_EDGE('',*,*,#2161,.T.);
#3861=ORIENTED_EDGE('',*,*,#2190,.F.);
#3862=ORIENTED_EDGE('',*,*,#2672,.T.);
#3863=ORIENTED_EDGE('',*,*,#2193,.F.);
#3864=ORIENTED_EDGE('',*,*,#2183,.T.);
#3865=ORIENTED_EDGE('',*,*,#2696,.T.);
#3866=ORIENTED_EDGE('',*,*,#2697,.T.);
#3867=ORIENTED_EDGE('',*,*,#2698,.T.);
#3868=ORIENTED_EDGE('',*,*,#2184,.T.);
#3869=ORIENTED_EDGE('',*,*,#2169,.T.);
#3870=ORIENTED_EDGE('',*,*,#2699,.T.);
#3871=ORIENTED_EDGE('',*,*,#2203,.F.);
#3872=ORIENTED_EDGE('',*,*,#2700,.T.);
#3873=ORIENTED_EDGE('',*,*,#2173,.T.);
#3874=ORIENTED_EDGE('',*,*,#2140,.T.);
#3875=ORIENTED_EDGE('',*,*,#2700,.F.);
#3876=ORIENTED_EDGE('',*,*,#2209,.F.);
#3877=ORIENTED_EDGE('',*,*,#2701,.T.);
#3878=ORIENTED_EDGE('',*,*,#2702,.F.);
#3879=ORIENTED_EDGE('',*,*,#2267,.T.);
#3880=ORIENTED_EDGE('',*,*,#2703,.F.);
#3881=ORIENTED_EDGE('',*,*,#2704,.T.);
#3882=ORIENTED_EDGE('',*,*,#2703,.T.);
#3883=ORIENTED_EDGE('',*,*,#2261,.T.);
#3884=ORIENTED_EDGE('',*,*,#2705,.F.);
#3885=ORIENTED_EDGE('',*,*,#2706,.T.);
#3886=ORIENTED_EDGE('',*,*,#2707,.F.);
#3887=ORIENTED_EDGE('',*,*,#2708,.T.);
#3888=ORIENTED_EDGE('',*,*,#2705,.T.);
#3889=ORIENTED_EDGE('',*,*,#2256,.T.);
#3890=ORIENTED_EDGE('',*,*,#2142,.T.);
#3891=ORIENTED_EDGE('',*,*,#2709,.T.);
#3892=ORIENTED_EDGE('',*,*,#2213,.F.);
#3893=ORIENTED_EDGE('',*,*,#2699,.F.);
#3894=ORIENTED_EDGE('',*,*,#2141,.T.);
#3895=ORIENTED_EDGE('',*,*,#2701,.F.);
#3896=ORIENTED_EDGE('',*,*,#2211,.F.);
#3897=ORIENTED_EDGE('',*,*,#2709,.F.);
#3898=ORIENTED_EDGE('',*,*,#2707,.T.);
#3899=ORIENTED_EDGE('',*,*,#2710,.F.);
#3900=ORIENTED_EDGE('',*,*,#2711,.T.);
#3901=ORIENTED_EDGE('',*,*,#2702,.T.);
#3902=ORIENTED_EDGE('',*,*,#2712,.T.);
#3903=ORIENTED_EDGE('',*,*,#2713,.F.);
#3904=ORIENTED_EDGE('',*,*,#2714,.T.);
#3905=ORIENTED_EDGE('',*,*,#2697,.F.);
#3906=ORIENTED_EDGE('',*,*,#2715,.F.);
#3907=ORIENTED_EDGE('',*,*,#2716,.T.);
#3908=ORIENTED_EDGE('',*,*,#2717,.T.);
#3909=ORIENTED_EDGE('',*,*,#2718,.T.);
#3910=ORIENTED_EDGE('',*,*,#2719,.T.);
#3911=ORIENTED_EDGE('',*,*,#2720,.T.);
#3912=ORIENTED_EDGE('',*,*,#2187,.T.);
#3913=ORIENTED_EDGE('',*,*,#2721,.T.);
#3914=ORIENTED_EDGE('',*,*,#2715,.T.);
#3915=ORIENTED_EDGE('',*,*,#2696,.F.);
#3916=ORIENTED_EDGE('',*,*,#2185,.T.);
#3917=ORIENTED_EDGE('',*,*,#2698,.F.);
#3918=ORIENTED_EDGE('',*,*,#2714,.F.);
#3919=ORIENTED_EDGE('',*,*,#2722,.T.);
#3920=ORIENTED_EDGE('',*,*,#2723,.F.);
#3921=ORIENTED_EDGE('',*,*,#2724,.F.);
#3922=ORIENTED_EDGE('',*,*,#2720,.F.);
#3923=ORIENTED_EDGE('',*,*,#2725,.T.);
#3924=ORIENTED_EDGE('',*,*,#2726,.F.);
#3925=ORIENTED_EDGE('',*,*,#2727,.F.);
#3926=ORIENTED_EDGE('',*,*,#2717,.F.);
#3927=ORIENTED_EDGE('',*,*,#2724,.T.);
#3928=ORIENTED_EDGE('',*,*,#2728,.F.);
#3929=ORIENTED_EDGE('',*,*,#2729,.F.);
#3930=ORIENTED_EDGE('',*,*,#2718,.F.);
#3931=ORIENTED_EDGE('',*,*,#2727,.T.);
#3932=ORIENTED_EDGE('',*,*,#2730,.F.);
#3933=ORIENTED_EDGE('',*,*,#2725,.F.);
#3934=ORIENTED_EDGE('',*,*,#2719,.F.);
#3935=ORIENTED_EDGE('',*,*,#2729,.T.);
#3936=ORIENTED_EDGE('',*,*,#2713,.T.);
#3937=ORIENTED_EDGE('',*,*,#2731,.T.);
#3938=ORIENTED_EDGE('',*,*,#2732,.F.);
#3939=ORIENTED_EDGE('',*,*,#2273,.T.);
#3940=ORIENTED_EDGE('',*,*,#2733,.F.);
#3941=ORIENTED_EDGE('',*,*,#2734,.F.);
#3942=ORIENTED_EDGE('',*,*,#2735,.F.);
#3943=ORIENTED_EDGE('',*,*,#2736,.F.);
#3944=ORIENTED_EDGE('',*,*,#2731,.F.);
#3945=ORIENTED_EDGE('',*,*,#2712,.F.);
#3946=ORIENTED_EDGE('',*,*,#2704,.F.);
#3947=ORIENTED_EDGE('',*,*,#2706,.F.);
#3948=ORIENTED_EDGE('',*,*,#2708,.F.);
#3949=ORIENTED_EDGE('',*,*,#2711,.F.);
#3950=ORIENTED_EDGE('',*,*,#2726,.T.);
#3951=ORIENTED_EDGE('',*,*,#2723,.T.);
#3952=ORIENTED_EDGE('',*,*,#2730,.T.);
#3953=ORIENTED_EDGE('',*,*,#2728,.T.);
#3954=ORIENTED_EDGE('',*,*,#2733,.T.);
#3955=ORIENTED_EDGE('',*,*,#2710,.T.);
#3956=ORIENTED_EDGE('',*,*,#2266,.T.);
#3957=ORIENTED_EDGE('',*,*,#2737,.T.);
#3958=ORIENTED_EDGE('',*,*,#2186,.T.);
#3959=ORIENTED_EDGE('',*,*,#2722,.F.);
#3960=ORIENTED_EDGE('',*,*,#2716,.F.);
#3961=ORIENTED_EDGE('',*,*,#2721,.F.);
#3962=ORIENTED_EDGE('',*,*,#2732,.T.);
#3963=ORIENTED_EDGE('',*,*,#2736,.T.);
#3964=ORIENTED_EDGE('',*,*,#2738,.F.);
#3965=ORIENTED_EDGE('',*,*,#2279,.T.);
#3966=ORIENTED_EDGE('',*,*,#2738,.T.);
#3967=ORIENTED_EDGE('',*,*,#2735,.T.);
#3968=ORIENTED_EDGE('',*,*,#2739,.F.);
#3969=ORIENTED_EDGE('',*,*,#2278,.T.);
#3970=ORIENTED_EDGE('',*,*,#2739,.T.);
#3971=ORIENTED_EDGE('',*,*,#2734,.T.);
#3972=ORIENTED_EDGE('',*,*,#2737,.F.);
#3973=ORIENTED_EDGE('',*,*,#2272,.T.);
#3974=CYLINDRICAL_SURFACE('',#4271,1.6);
#3975=CYLINDRICAL_SURFACE('',#4275,1.6);
#3976=CYLINDRICAL_SURFACE('',#4279,1.59999999999999);
#3977=CYLINDRICAL_SURFACE('',#4294,10.);
#3978=CYLINDRICAL_SURFACE('',#4298,10.);
#3979=CYLINDRICAL_SURFACE('',#4305,10.);
#3980=CYLINDRICAL_SURFACE('',#4308,10.);
#3981=CYLINDRICAL_SURFACE('',#4310,10.);
#3982=CYLINDRICAL_SURFACE('',#4314,10.);
#3983=CYLINDRICAL_SURFACE('',#4316,2.);
#3984=CYLINDRICAL_SURFACE('',#4321,2.);
#3985=CYLINDRICAL_SURFACE('',#4341,10.);
#3986=CYLINDRICAL_SURFACE('',#4343,10.);
#3987=CYLINDRICAL_SURFACE('',#4348,10.);
#3988=CYLINDRICAL_SURFACE('',#4350,10.);
#3989=CYLINDRICAL_SURFACE('',#4352,10.);
#3990=CYLINDRICAL_SURFACE('',#4357,10.);
#3991=CYLINDRICAL_SURFACE('',#4371,10.);
#3992=CYLINDRICAL_SURFACE('',#4372,10.);
#3993=CYLINDRICAL_SURFACE('',#4376,10.);
#3994=CYLINDRICAL_SURFACE('',#4377,10.);
#3995=CYLINDRICAL_SURFACE('',#4393,10.);
#3996=CYLINDRICAL_SURFACE('',#4394,10.);
#3997=CYLINDRICAL_SURFACE('',#4398,10.);
#3998=CYLINDRICAL_SURFACE('',#4399,10.);
#3999=CYLINDRICAL_SURFACE('',#4415,10.);
#4000=CYLINDRICAL_SURFACE('',#4416,10.);
#4001=CYLINDRICAL_SURFACE('',#4420,10.);
#4002=CYLINDRICAL_SURFACE('',#4421,10.);
#4003=CYLINDRICAL_SURFACE('',#4437,10.);
#4004=CYLINDRICAL_SURFACE('',#4438,10.);
#4005=CYLINDRICAL_SURFACE('',#4442,10.);
#4006=CYLINDRICAL_SURFACE('',#4443,10.);
#4007=CYLINDRICAL_SURFACE('',#4459,10.);
#4008=CYLINDRICAL_SURFACE('',#4460,10.);
#4009=CYLINDRICAL_SURFACE('',#4464,10.);
#4010=CYLINDRICAL_SURFACE('',#4465,10.);
#4011=CYLINDRICAL_SURFACE('',#4481,10.);
#4012=CYLINDRICAL_SURFACE('',#4482,10.);
#4013=CYLINDRICAL_SURFACE('',#4486,10.);
#4014=CYLINDRICAL_SURFACE('',#4487,10.);
#4015=CYLINDRICAL_SURFACE('',#4503,10.);
#4016=CYLINDRICAL_SURFACE('',#4504,10.);
#4017=CYLINDRICAL_SURFACE('',#4508,10.);
#4018=CYLINDRICAL_SURFACE('',#4509,10.);
#4019=CYLINDRICAL_SURFACE('',#4525,10.);
#4020=CYLINDRICAL_SURFACE('',#4526,10.);
#4021=CYLINDRICAL_SURFACE('',#4530,10.);
#4022=CYLINDRICAL_SURFACE('',#4531,10.);
#4023=CYLINDRICAL_SURFACE('',#4543,10.);
#4024=CYLINDRICAL_SURFACE('',#4545,10.);
#4025=CYLINDRICAL_SURFACE('',#4549,10.);
#4026=CYLINDRICAL_SURFACE('',#4553,2.5);
#4027=CYLINDRICAL_SURFACE('',#4557,10.);
#4028=CYLINDRICAL_SURFACE('',#4570,2.5);
#4029=CYLINDRICAL_SURFACE('',#4575,2.5);
#4030=CYLINDRICAL_SURFACE('',#4580,2.5);
#4031=ADVANCED_FACE('',(#348),#3974,.F.);
#4032=ADVANCED_FACE('',(#349),#217,.T.);
#4033=ADVANCED_FACE('',(#350),#3975,.F.);
#4034=ADVANCED_FACE('',(#351),#218,.T.);
#4035=ADVANCED_FACE('',(#352),#3976,.F.);
#4036=ADVANCED_FACE('',(#353),#219,.T.);
#4037=ADVANCED_FACE('',(#354,#65),#220,.T.);
#4038=ADVANCED_FACE('',(#355,#66),#221,.F.);
#4039=ADVANCED_FACE('',(#356),#222,.F.);
#4040=ADVANCED_FACE('',(#357),#3977,.F.);
#4041=ADVANCED_FACE('',(#358),#223,.F.);
#4042=ADVANCED_FACE('',(#359),#224,.F.);
#4043=ADVANCED_FACE('',(#360),#3978,.F.);
#4044=ADVANCED_FACE('',(#361),#225,.T.);
#4045=ADVANCED_FACE('',(#362),#21,.F.);
#4046=ADVANCED_FACE('',(#363),#226,.T.);
#4047=ADVANCED_FACE('',(#364),#22,.F.);
#4048=ADVANCED_FACE('',(#365),#227,.T.);
#4049=ADVANCED_FACE('',(#366),#23,.F.);
#4050=ADVANCED_FACE('',(#367),#228,.T.);
#4051=ADVANCED_FACE('',(#368),#24,.F.);
#4052=ADVANCED_FACE('',(#369,#67,#68,#69),#229,.T.);
#4053=ADVANCED_FACE('',(#370),#3979,.T.);
#4054=ADVANCED_FACE('',(#371),#230,.T.);
#4055=ADVANCED_FACE('',(#372),#3980,.T.);
#4056=ADVANCED_FACE('',(#373),#3981,.T.);
#4057=ADVANCED_FACE('',(#374),#231,.T.);
#4058=ADVANCED_FACE('',(#375),#232,.T.);
#4059=ADVANCED_FACE('',(#376),#3982,.T.);
#4060=ADVANCED_FACE('',(#377),#3983,.T.);
#4061=ADVANCED_FACE('',(#378),#15,.T.);
#4062=ADVANCED_FACE('',(#379),#3984,.T.);
#4063=ADVANCED_FACE('',(#380),#16,.T.);
#4064=ADVANCED_FACE('',(#381),#233,.T.);
#4065=ADVANCED_FACE('',(#382,#70),#234,.T.);
#4066=ADVANCED_FACE('',(#383,#71),#235,.F.);
#4067=ADVANCED_FACE('',(#384),#236,.T.);
#4068=ADVANCED_FACE('',(#385),#25,.F.);
#4069=ADVANCED_FACE('',(#386),#237,.T.);
#4070=ADVANCED_FACE('',(#387),#26,.F.);
#4071=ADVANCED_FACE('',(#388),#238,.T.);
#4072=ADVANCED_FACE('',(#389),#27,.F.);
#4073=ADVANCED_FACE('',(#390),#239,.T.);
#4074=ADVANCED_FACE('',(#391),#28,.F.);
#4075=ADVANCED_FACE('',(#392),#3985,.T.);
#4076=ADVANCED_FACE('',(#393),#3986,.T.);
#4077=ADVANCED_FACE('',(#394),#240,.T.);
#4078=ADVANCED_FACE('',(#395),#241,.T.);
#4079=ADVANCED_FACE('',(#396),#242,.T.);
#4080=ADVANCED_FACE('',(#397),#3987,.T.);
#4081=ADVANCED_FACE('',(#398),#3988,.T.);
#4082=ADVANCED_FACE('',(#399),#3989,.T.);
#4083=ADVANCED_FACE('',(#400),#243,.T.);
#4084=ADVANCED_FACE('',(#401),#244,.T.);
#4085=ADVANCED_FACE('',(#402),#245,.T.);
#4086=ADVANCED_FACE('',(#403),#3990,.T.);
#4087=ADVANCED_FACE('',(#404,#72),#246,.T.);
#4088=ADVANCED_FACE('',(#405,#73),#247,.F.);
#4089=ADVANCED_FACE('',(#406),#248,.T.);
#4090=ADVANCED_FACE('',(#407),#29,.F.);
#4091=ADVANCED_FACE('',(#408),#249,.T.);
#4092=ADVANCED_FACE('',(#409),#30,.F.);
#4093=ADVANCED_FACE('',(#410),#250,.T.);
#4094=ADVANCED_FACE('',(#411),#31,.F.);
#4095=ADVANCED_FACE('',(#412),#251,.T.);
#4096=ADVANCED_FACE('',(#413),#32,.F.);
#4097=ADVANCED_FACE('',(#414),#3991,.T.);
#4098=ADVANCED_FACE('',(#415),#3992,.T.);
#4099=ADVANCED_FACE('',(#416),#252,.T.);
#4100=ADVANCED_FACE('',(#417),#253,.T.);
#4101=ADVANCED_FACE('',(#418),#3993,.T.);
#4102=ADVANCED_FACE('',(#419),#3994,.T.);
#4103=ADVANCED_FACE('',(#420),#254,.T.);
#4104=ADVANCED_FACE('',(#421),#255,.T.);
#4105=ADVANCED_FACE('',(#422,#74),#256,.T.);
#4106=ADVANCED_FACE('',(#423,#75),#257,.F.);
#4107=ADVANCED_FACE('',(#424),#258,.T.);
#4108=ADVANCED_FACE('',(#425),#33,.F.);
#4109=ADVANCED_FACE('',(#426),#259,.T.);
#4110=ADVANCED_FACE('',(#427),#34,.F.);
#4111=ADVANCED_FACE('',(#428),#260,.T.);
#4112=ADVANCED_FACE('',(#429),#35,.F.);
#4113=ADVANCED_FACE('',(#430),#261,.T.);
#4114=ADVANCED_FACE('',(#431),#36,.F.);
#4115=ADVANCED_FACE('',(#432),#3995,.T.);
#4116=ADVANCED_FACE('',(#433),#3996,.T.);
#4117=ADVANCED_FACE('',(#434),#262,.T.);
#4118=ADVANCED_FACE('',(#435),#263,.T.);
#4119=ADVANCED_FACE('',(#436),#3997,.T.);
#4120=ADVANCED_FACE('',(#437),#3998,.T.);
#4121=ADVANCED_FACE('',(#438),#264,.T.);
#4122=ADVANCED_FACE('',(#439),#265,.T.);
#4123=ADVANCED_FACE('',(#440,#76),#266,.T.);
#4124=ADVANCED_FACE('',(#441,#77),#267,.F.);
#4125=ADVANCED_FACE('',(#442),#268,.T.);
#4126=ADVANCED_FACE('',(#443),#37,.F.);
#4127=ADVANCED_FACE('',(#444),#269,.T.);
#4128=ADVANCED_FACE('',(#445),#38,.F.);
#4129=ADVANCED_FACE('',(#446),#270,.T.);
#4130=ADVANCED_FACE('',(#447),#39,.F.);
#4131=ADVANCED_FACE('',(#448),#271,.T.);
#4132=ADVANCED_FACE('',(#449),#40,.F.);
#4133=ADVANCED_FACE('',(#450),#3999,.T.);
#4134=ADVANCED_FACE('',(#451),#4000,.T.);
#4135=ADVANCED_FACE('',(#452),#272,.T.);
#4136=ADVANCED_FACE('',(#453),#273,.T.);
#4137=ADVANCED_FACE('',(#454),#4001,.T.);
#4138=ADVANCED_FACE('',(#455),#4002,.T.);
#4139=ADVANCED_FACE('',(#456),#274,.T.);
#4140=ADVANCED_FACE('',(#457),#275,.T.);
#4141=ADVANCED_FACE('',(#458,#78),#276,.T.);
#4142=ADVANCED_FACE('',(#459,#79),#277,.F.);
#4143=ADVANCED_FACE('',(#460),#278,.T.);
#4144=ADVANCED_FACE('',(#461),#41,.F.);
#4145=ADVANCED_FACE('',(#462),#279,.T.);
#4146=ADVANCED_FACE('',(#463),#42,.F.);
#4147=ADVANCED_FACE('',(#464),#280,.T.);
#4148=ADVANCED_FACE('',(#465),#43,.F.);
#4149=ADVANCED_FACE('',(#466),#281,.T.);
#4150=ADVANCED_FACE('',(#467),#44,.F.);
#4151=ADVANCED_FACE('',(#468),#4003,.T.);
#4152=ADVANCED_FACE('',(#469),#4004,.T.);
#4153=ADVANCED_FACE('',(#470),#282,.T.);
#4154=ADVANCED_FACE('',(#471),#283,.T.);
#4155=ADVANCED_FACE('',(#472),#4005,.T.);
#4156=ADVANCED_FACE('',(#473),#4006,.T.);
#4157=ADVANCED_FACE('',(#474),#284,.T.);
#4158=ADVANCED_FACE('',(#475),#285,.T.);
#4159=ADVANCED_FACE('',(#476,#80),#286,.T.);
#4160=ADVANCED_FACE('',(#477,#81),#287,.F.);
#4161=ADVANCED_FACE('',(#478),#288,.T.);
#4162=ADVANCED_FACE('',(#479),#45,.F.);
#4163=ADVANCED_FACE('',(#480),#289,.T.);
#4164=ADVANCED_FACE('',(#481),#46,.F.);
#4165=ADVANCED_FACE('',(#482),#290,.T.);
#4166=ADVANCED_FACE('',(#483),#47,.F.);
#4167=ADVANCED_FACE('',(#484),#291,.T.);
#4168=ADVANCED_FACE('',(#485),#48,.F.);
#4169=ADVANCED_FACE('',(#486),#4007,.T.);
#4170=ADVANCED_FACE('',(#487),#4008,.T.);
#4171=ADVANCED_FACE('',(#488),#292,.T.);
#4172=ADVANCED_FACE('',(#489),#293,.T.);
#4173=ADVANCED_FACE('',(#490),#4009,.T.);
#4174=ADVANCED_FACE('',(#491),#4010,.T.);
#4175=ADVANCED_FACE('',(#492),#294,.T.);
#4176=ADVANCED_FACE('',(#493),#295,.T.);
#4177=ADVANCED_FACE('',(#494,#82),#296,.T.);
#4178=ADVANCED_FACE('',(#495,#83),#297,.F.);
#4179=ADVANCED_FACE('',(#496),#298,.T.);
#4180=ADVANCED_FACE('',(#497),#49,.F.);
#4181=ADVANCED_FACE('',(#498),#299,.T.);
#4182=ADVANCED_FACE('',(#499),#50,.F.);
#4183=ADVANCED_FACE('',(#500),#300,.T.);
#4184=ADVANCED_FACE('',(#501),#51,.F.);
#4185=ADVANCED_FACE('',(#502),#301,.T.);
#4186=ADVANCED_FACE('',(#503),#52,.F.);
#4187=ADVANCED_FACE('',(#504),#4011,.T.);
#4188=ADVANCED_FACE('',(#505),#4012,.T.);
#4189=ADVANCED_FACE('',(#506),#302,.T.);
#4190=ADVANCED_FACE('',(#507),#303,.T.);
#4191=ADVANCED_FACE('',(#508),#4013,.T.);
#4192=ADVANCED_FACE('',(#509),#4014,.T.);
#4193=ADVANCED_FACE('',(#510),#304,.T.);
#4194=ADVANCED_FACE('',(#511),#305,.T.);
#4195=ADVANCED_FACE('',(#512,#84),#306,.T.);
#4196=ADVANCED_FACE('',(#513,#85),#307,.F.);
#4197=ADVANCED_FACE('',(#514),#308,.T.);
#4198=ADVANCED_FACE('',(#515),#53,.F.);
#4199=ADVANCED_FACE('',(#516),#309,.T.);
#4200=ADVANCED_FACE('',(#517),#54,.F.);
#4201=ADVANCED_FACE('',(#518),#310,.T.);
#4202=ADVANCED_FACE('',(#519),#55,.F.);
#4203=ADVANCED_FACE('',(#520),#311,.T.);
#4204=ADVANCED_FACE('',(#521),#56,.F.);
#4205=ADVANCED_FACE('',(#522),#4015,.T.);
#4206=ADVANCED_FACE('',(#523),#4016,.T.);
#4207=ADVANCED_FACE('',(#524),#312,.T.);
#4208=ADVANCED_FACE('',(#525),#313,.T.);
#4209=ADVANCED_FACE('',(#526),#4017,.T.);
#4210=ADVANCED_FACE('',(#527),#4018,.T.);
#4211=ADVANCED_FACE('',(#528),#314,.T.);
#4212=ADVANCED_FACE('',(#529),#315,.T.);
#4213=ADVANCED_FACE('',(#530,#86),#316,.T.);
#4214=ADVANCED_FACE('',(#531,#87),#317,.F.);
#4215=ADVANCED_FACE('',(#532),#318,.T.);
#4216=ADVANCED_FACE('',(#533),#57,.F.);
#4217=ADVANCED_FACE('',(#534),#319,.T.);
#4218=ADVANCED_FACE('',(#535),#58,.F.);
#4219=ADVANCED_FACE('',(#536),#320,.T.);
#4220=ADVANCED_FACE('',(#537),#59,.F.);
#4221=ADVANCED_FACE('',(#538),#321,.T.);
#4222=ADVANCED_FACE('',(#539),#60,.F.);
#4223=ADVANCED_FACE('',(#540),#4019,.T.);
#4224=ADVANCED_FACE('',(#541),#4020,.T.);
#4225=ADVANCED_FACE('',(#542),#322,.T.);
#4226=ADVANCED_FACE('',(#543),#323,.T.);
#4227=ADVANCED_FACE('',(#544),#4021,.T.);
#4228=ADVANCED_FACE('',(#545),#4022,.T.);
#4229=ADVANCED_FACE('',(#546),#324,.T.);
#4230=ADVANCED_FACE('',(#547),#325,.T.);
#4231=ADVANCED_FACE('',(#548,#88),#326,.T.);
#4232=ADVANCED_FACE('',(#549,#89),#327,.F.);
#4233=ADVANCED_FACE('',(#550),#328,.T.);
#4234=ADVANCED_FACE('',(#551),#61,.F.);
#4235=ADVANCED_FACE('',(#552),#329,.T.);
#4236=ADVANCED_FACE('',(#553),#62,.F.);
#4237=ADVANCED_FACE('',(#554),#330,.T.);
#4238=ADVANCED_FACE('',(#555),#63,.F.);
#4239=ADVANCED_FACE('',(#556),#331,.T.);
#4240=ADVANCED_FACE('',(#557),#64,.F.);
#4241=ADVANCED_FACE('',(#558),#4023,.T.);
#4242=ADVANCED_FACE('',(#559),#332,.T.);
#4243=ADVANCED_FACE('',(#560),#4024,.T.);
#4244=ADVANCED_FACE('',(#561),#333,.T.);
#4245=ADVANCED_FACE('',(#562),#334,.T.);
#4246=ADVANCED_FACE('',(#563),#335,.F.);
#4247=ADVANCED_FACE('',(#564),#4025,.T.);
#4248=ADVANCED_FACE('',(#565),#17,.T.);
#4249=ADVANCED_FACE('',(#566),#4026,.T.);
#4250=ADVANCED_FACE('',(#567),#18,.T.);
#4251=ADVANCED_FACE('',(#568),#4027,.T.);
#4252=ADVANCED_FACE('',(#569),#336,.T.);
#4253=ADVANCED_FACE('',(#570),#337,.T.);
#4254=ADVANCED_FACE('',(#571),#338,.T.);
#4255=ADVANCED_FACE('',(#572,#90),#339,.T.);
#4256=ADVANCED_FACE('',(#573),#340,.T.);
#4257=ADVANCED_FACE('',(#574),#341,.T.);
#4258=ADVANCED_FACE('',(#575),#342,.F.);
#4259=ADVANCED_FACE('',(#576),#343,.F.);
#4260=ADVANCED_FACE('',(#577),#344,.F.);
#4261=ADVANCED_FACE('',(#578),#345,.F.);
#4262=ADVANCED_FACE('',(#579),#4028,.T.);
#4263=ADVANCED_FACE('',(#580,#91),#346,.T.);
#4264=ADVANCED_FACE('',(#581),#4029,.T.);
#4265=ADVANCED_FACE('',(#582),#347,.F.);
#4266=ADVANCED_FACE('',(#583),#19,.T.);
#4267=ADVANCED_FACE('',(#584),#4030,.T.);
#4268=ADVANCED_FACE('',(#585),#20,.T.);
#4269=CLOSED_SHELL('',(#4031,#4032,#4033,#4034,#4035,#4036,#4037,#4038,
#4039,#4040,#4041,#4042,#4043,#4044,#4045,#4046,#4047,#4048,#4049,#4050,
#4051,#4052,#4053,#4054,#4055,#4056,#4057,#4058,#4059,#4060,#4061,#4062,
#4063,#4064,#4065,#4066,#4067,#4068,#4069,#4070,#4071,#4072,#4073,#4074,
#4075,#4076,#4077,#4078,#4079,#4080,#4081,#4082,#4083,#4084,#4085,#4086,
#4087,#4088,#4089,#4090,#4091,#4092,#4093,#4094,#4095,#4096,#4097,#4098,
#4099,#4100,#4101,#4102,#4103,#4104,#4105,#4106,#4107,#4108,#4109,#4110,
#4111,#4112,#4113,#4114,#4115,#4116,#4117,#4118,#4119,#4120,#4121,#4122,
#4123,#4124,#4125,#4126,#4127,#4128,#4129,#4130,#4131,#4132,#4133,#4134,
#4135,#4136,#4137,#4138,#4139,#4140,#4141,#4142,#4143,#4144,#4145,#4146,
#4147,#4148,#4149,#4150,#4151,#4152,#4153,#4154,#4155,#4156,#4157,#4158,
#4159,#4160,#4161,#4162,#4163,#4164,#4165,#4166,#4167,#4168,#4169,#4170,
#4171,#4172,#4173,#4174,#4175,#4176,#4177,#4178,#4179,#4180,#4181,#4182,
#4183,#4184,#4185,#4186,#4187,#4188,#4189,#4190,#4191,#4192,#4193,#4194,
#4195,#4196,#4197,#4198,#4199,#4200,#4201,#4202,#4203,#4204,#4205,#4206,
#4207,#4208,#4209,#4210,#4211,#4212,#4213,#4214,#4215,#4216,#4217,#4218,
#4219,#4220,#4221,#4222,#4223,#4224,#4225,#4226,#4227,#4228,#4229,#4230,
#4231,#4232,#4233,#4234,#4235,#4236,#4237,#4238,#4239,#4240,#4241,#4242,
#4243,#4244,#4245,#4246,#4247,#4248,#4249,#4250,#4251,#4252,#4253,#4254,
#4255,#4256,#4257,#4258,#4259,#4260,#4261,#4262,#4263,#4264,#4265,#4266,
#4267,#4268));
#4270=AXIS2_PLACEMENT_3D('',#5583,#4583,#4584);
#4271=AXIS2_PLACEMENT_3D('',#5584,#4585,#4586);
#4272=AXIS2_PLACEMENT_3D('',#5586,#4587,#4588);
#4273=AXIS2_PLACEMENT_3D('',#5589,#4590,#4591);
#4274=AXIS2_PLACEMENT_3D('',#5590,#4592,#4593);
#4275=AXIS2_PLACEMENT_3D('',#5591,#4594,#4595);
#4276=AXIS2_PLACEMENT_3D('',#5593,#4596,#4597);
#4277=AXIS2_PLACEMENT_3D('',#5596,#4599,#4600);
#4278=AXIS2_PLACEMENT_3D('',#5597,#4601,#4602);
#4279=AXIS2_PLACEMENT_3D('',#5598,#4603,#4604);
#4280=AXIS2_PLACEMENT_3D('',#5600,#4605,#4606);
#4281=AXIS2_PLACEMENT_3D('',#5603,#4608,#4609);
#4282=AXIS2_PLACEMENT_3D('',#5604,#4610,#4611);
#4283=AXIS2_PLACEMENT_3D('',#5605,#4612,#4613);
#4284=AXIS2_PLACEMENT_3D('',#5642,#4618,#4619);
#4285=AXIS2_PLACEMENT_3D('',#5646,#4621,#4622);
#4286=AXIS2_PLACEMENT_3D('',#5650,#4624,#4625);
#4287=AXIS2_PLACEMENT_3D('',#5654,#4627,#4628);
#4288=AXIS2_PLACEMENT_3D('',#5656,#4630,#4631);
#4289=AXIS2_PLACEMENT_3D('',#5693,#4636,#4637);
#4290=AXIS2_PLACEMENT_3D('',#5697,#4639,#4640);
#4291=AXIS2_PLACEMENT_3D('',#5701,#4642,#4643);
#4292=AXIS2_PLACEMENT_3D('',#5705,#4645,#4646);
#4293=AXIS2_PLACEMENT_3D('',#5707,#4648,#4649);
#4294=AXIS2_PLACEMENT_3D('',#5713,#4653,#4654);
#4295=AXIS2_PLACEMENT_3D('',#5716,#4656,#4657);
#4296=AXIS2_PLACEMENT_3D('',#5717,#4658,#4659);
#4297=AXIS2_PLACEMENT_3D('',#5721,#4662,#4663);
#4298=AXIS2_PLACEMENT_3D('',#5727,#4667,#4668);
#4299=AXIS2_PLACEMENT_3D('',#5728,#4669,#4670);
#4300=AXIS2_PLACEMENT_3D('',#5729,#4671,#4672);
#4301=AXIS2_PLACEMENT_3D('',#5748,#4675,#4676);
#4302=AXIS2_PLACEMENT_3D('',#5773,#4677,#4678);
#4303=AXIS2_PLACEMENT_3D('',#5788,#4681,#4682);
#4304=AXIS2_PLACEMENT_3D('',#5802,#4684,#4685);
#4305=AXIS2_PLACEMENT_3D('',#5812,#4691,#4692);
#4306=AXIS2_PLACEMENT_3D('',#5816,#4694,#4695);
#4307=AXIS2_PLACEMENT_3D('',#5818,#4697,#4698);
#4308=AXIS2_PLACEMENT_3D('',#5822,#4701,#4702);
#4309=AXIS2_PLACEMENT_3D('',#5826,#4704,#4705);
#4310=AXIS2_PLACEMENT_3D('',#5828,#4707,#4708);
#4311=AXIS2_PLACEMENT_3D('',#5831,#4710,#4711);
#4312=AXIS2_PLACEMENT_3D('',#5832,#4712,#4713);
#4313=AXIS2_PLACEMENT_3D('',#5836,#4716,#4717);
#4314=AXIS2_PLACEMENT_3D('',#5840,#4720,#4721);
#4315=AXIS2_PLACEMENT_3D('',#5841,#4722,#4723);
#4316=AXIS2_PLACEMENT_3D('',#5842,#4724,#4725);
#4317=AXIS2_PLACEMENT_3D('',#5877,#4728,#4729);
#4318=AXIS2_PLACEMENT_3D('',#5879,#4730,#4731);
#4319=AXIS2_PLACEMENT_3D('',#5881,#4732,#4733);
#4320=AXIS2_PLACEMENT_3D('',#5882,#4734,#4735);
#4321=AXIS2_PLACEMENT_3D('',#5883,#4736,#4737);
#4322=AXIS2_PLACEMENT_3D('',#5886,#4738,#4739);
#4323=AXIS2_PLACEMENT_3D('',#5889,#4742,#4743);
#4324=AXIS2_PLACEMENT_3D('',#5890,#4744,#4745);
#4325=AXIS2_PLACEMENT_3D('',#5891,#4746,#4747);
#4326=AXIS2_PLACEMENT_3D('',#5892,#4748,#4749);
#4327=AXIS2_PLACEMENT_3D('',#5893,#4750,#4751);
#4328=AXIS2_PLACEMENT_3D('',#5930,#4756,#4757);
#4329=AXIS2_PLACEMENT_3D('',#5934,#4759,#4760);
#4330=AXIS2_PLACEMENT_3D('',#5938,#4762,#4763);
#4331=AXIS2_PLACEMENT_3D('',#5942,#4765,#4766);
#4332=AXIS2_PLACEMENT_3D('',#5944,#4768,#4769);
#4333=AXIS2_PLACEMENT_3D('',#5981,#4774,#4775);
#4334=AXIS2_PLACEMENT_3D('',#5985,#4777,#4778);
#4335=AXIS2_PLACEMENT_3D('',#5989,#4780,#4781);
#4336=AXIS2_PLACEMENT_3D('',#5993,#4783,#4784);
#4337=AXIS2_PLACEMENT_3D('',#5995,#4786,#4787);
#4338=AXIS2_PLACEMENT_3D('',#6014,#4790,#4791);
#4339=AXIS2_PLACEMENT_3D('',#6039,#4792,#4793);
#4340=AXIS2_PLACEMENT_3D('',#6054,#4796,#4797);
#4341=AXIS2_PLACEMENT_3D('',#6068,#4799,#4800);
#4342=AXIS2_PLACEMENT_3D('',#6072,#4802,#4803);
#4343=AXIS2_PLACEMENT_3D('',#6074,#4805,#4806);
#4344=AXIS2_PLACEMENT_3D('',#6078,#4808,#4809);
#4345=AXIS2_PLACEMENT_3D('',#6080,#4811,#4812);
#4346=AXIS2_PLACEMENT_3D('',#6084,#4815,#4816);
#4347=AXIS2_PLACEMENT_3D('',#6088,#4819,#4820);
#4348=AXIS2_PLACEMENT_3D('',#6092,#4823,#4824);
#4349=AXIS2_PLACEMENT_3D('',#6094,#4825,#4826);
#4350=AXIS2_PLACEMENT_3D('',#6096,#4828,#4829);
#4351=AXIS2_PLACEMENT_3D('',#6099,#4831,#4832);
#4352=AXIS2_PLACEMENT_3D('',#6100,#4833,#4834);
#4353=AXIS2_PLACEMENT_3D('',#6103,#4836,#4837);
#4354=AXIS2_PLACEMENT_3D('',#6104,#4838,#4839);
#4355=AXIS2_PLACEMENT_3D('',#6108,#4842,#4843);
#4356=AXIS2_PLACEMENT_3D('',#6112,#4846,#4847);
#4357=AXIS2_PLACEMENT_3D('',#6116,#4850,#4851);
#4358=AXIS2_PLACEMENT_3D('',#6117,#4852,#4853);
#4359=AXIS2_PLACEMENT_3D('',#6118,#4854,#4855);
#4360=AXIS2_PLACEMENT_3D('',#6155,#4860,#4861);
#4361=AXIS2_PLACEMENT_3D('',#6159,#4863,#4864);
#4362=AXIS2_PLACEMENT_3D('',#6163,#4866,#4867);
#4363=AXIS2_PLACEMENT_3D('',#6167,#4869,#4870);
#4364=AXIS2_PLACEMENT_3D('',#6169,#4872,#4873);
#4365=AXIS2_PLACEMENT_3D('',#6205,#4878,#4879);
#4366=AXIS2_PLACEMENT_3D('',#6209,#4881,#4882);
#4367=AXIS2_PLACEMENT_3D('',#6211,#4884,#4885);
#4368=AXIS2_PLACEMENT_3D('',#6230,#4888,#4889);
#4369=AXIS2_PLACEMENT_3D('',#6255,#4890,#4891);
#4370=AXIS2_PLACEMENT_3D('',#6270,#4894,#4895);
#4371=AXIS2_PLACEMENT_3D('',#6284,#4897,#4898);
#4372=AXIS2_PLACEMENT_3D('',#6286,#4900,#4901);
#4373=AXIS2_PLACEMENT_3D('',#6290,#4903,#4904);
#4374=AXIS2_PLACEMENT_3D('',#6292,#4906,#4907);
#4375=AXIS2_PLACEMENT_3D('',#6294,#4909,#4910);
#4376=AXIS2_PLACEMENT_3D('',#6298,#4913,#4914);
#4377=AXIS2_PLACEMENT_3D('',#6300,#4916,#4917);
#4378=AXIS2_PLACEMENT_3D('',#6303,#4919,#4920);
#4379=AXIS2_PLACEMENT_3D('',#6304,#4921,#4922);
#4380=AXIS2_PLACEMENT_3D('',#6305,#4923,#4924);
#4381=AXIS2_PLACEMENT_3D('',#6309,#4927,#4928);
#4382=AXIS2_PLACEMENT_3D('',#6346,#4933,#4934);
#4383=AXIS2_PLACEMENT_3D('',#6350,#4936,#4937);
#4384=AXIS2_PLACEMENT_3D('',#6354,#4939,#4940);
#4385=AXIS2_PLACEMENT_3D('',#6358,#4942,#4943);
#4386=AXIS2_PLACEMENT_3D('',#6360,#4945,#4946);
#4387=AXIS2_PLACEMENT_3D('',#6396,#4951,#4952);
#4388=AXIS2_PLACEMENT_3D('',#6400,#4954,#4955);
#4389=AXIS2_PLACEMENT_3D('',#6402,#4957,#4958);
#4390=AXIS2_PLACEMENT_3D('',#6421,#4961,#4962);
#4391=AXIS2_PLACEMENT_3D('',#6446,#4963,#4964);
#4392=AXIS2_PLACEMENT_3D('',#6461,#4967,#4968);
#4393=AXIS2_PLACEMENT_3D('',#6475,#4970,#4971);
#4394=AXIS2_PLACEMENT_3D('',#6477,#4973,#4974);
#4395=AXIS2_PLACEMENT_3D('',#6481,#4976,#4977);
#4396=AXIS2_PLACEMENT_3D('',#6483,#4979,#4980);
#4397=AXIS2_PLACEMENT_3D('',#6485,#4982,#4983);
#4398=AXIS2_PLACEMENT_3D('',#6489,#4986,#4987);
#4399=AXIS2_PLACEMENT_3D('',#6491,#4989,#4990);
#4400=AXIS2_PLACEMENT_3D('',#6494,#4992,#4993);
#4401=AXIS2_PLACEMENT_3D('',#6495,#4994,#4995);
#4402=AXIS2_PLACEMENT_3D('',#6496,#4996,#4997);
#4403=AXIS2_PLACEMENT_3D('',#6500,#5000,#5001);
#4404=AXIS2_PLACEMENT_3D('',#6537,#5006,#5007);
#4405=AXIS2_PLACEMENT_3D('',#6541,#5009,#5010);
#4406=AXIS2_PLACEMENT_3D('',#6545,#5012,#5013);
#4407=AXIS2_PLACEMENT_3D('',#6549,#5015,#5016);
#4408=AXIS2_PLACEMENT_3D('',#6551,#5018,#5019);
#4409=AXIS2_PLACEMENT_3D('',#6587,#5024,#5025);
#4410=AXIS2_PLACEMENT_3D('',#6591,#5027,#5028);
#4411=AXIS2_PLACEMENT_3D('',#6593,#5030,#5031);
#4412=AXIS2_PLACEMENT_3D('',#6612,#5034,#5035);
#4413=AXIS2_PLACEMENT_3D('',#6637,#5036,#5037);
#4414=AXIS2_PLACEMENT_3D('',#6652,#5040,#5041);
#4415=AXIS2_PLACEMENT_3D('',#6666,#5043,#5044);
#4416=AXIS2_PLACEMENT_3D('',#6668,#5046,#5047);
#4417=AXIS2_PLACEMENT_3D('',#6672,#5049,#5050);
#4418=AXIS2_PLACEMENT_3D('',#6674,#5052,#5053);
#4419=AXIS2_PLACEMENT_3D('',#6676,#5055,#5056);
#4420=AXIS2_PLACEMENT_3D('',#6680,#5059,#5060);
#4421=AXIS2_PLACEMENT_3D('',#6682,#5062,#5063);
#4422=AXIS2_PLACEMENT_3D('',#6685,#5065,#5066);
#4423=AXIS2_PLACEMENT_3D('',#6686,#5067,#5068);
#4424=AXIS2_PLACEMENT_3D('',#6687,#5069,#5070);
#4425=AXIS2_PLACEMENT_3D('',#6691,#5073,#5074);
#4426=AXIS2_PLACEMENT_3D('',#6728,#5079,#5080);
#4427=AXIS2_PLACEMENT_3D('',#6732,#5082,#5083);
#4428=AXIS2_PLACEMENT_3D('',#6736,#5085,#5086);
#4429=AXIS2_PLACEMENT_3D('',#6740,#5088,#5089);
#4430=AXIS2_PLACEMENT_3D('',#6742,#5091,#5092);
#4431=AXIS2_PLACEMENT_3D('',#6778,#5097,#5098);
#4432=AXIS2_PLACEMENT_3D('',#6782,#5100,#5101);
#4433=AXIS2_PLACEMENT_3D('',#6784,#5103,#5104);
#4434=AXIS2_PLACEMENT_3D('',#6803,#5107,#5108);
#4435=AXIS2_PLACEMENT_3D('',#6828,#5109,#5110);
#4436=AXIS2_PLACEMENT_3D('',#6843,#5113,#5114);
#4437=AXIS2_PLACEMENT_3D('',#6857,#5116,#5117);
#4438=AXIS2_PLACEMENT_3D('',#6859,#5119,#5120);
#4439=AXIS2_PLACEMENT_3D('',#6863,#5122,#5123);
#4440=AXIS2_PLACEMENT_3D('',#6865,#5125,#5126);
#4441=AXIS2_PLACEMENT_3D('',#6867,#5128,#5129);
#4442=AXIS2_PLACEMENT_3D('',#6871,#5132,#5133);
#4443=AXIS2_PLACEMENT_3D('',#6873,#5135,#5136);
#4444=AXIS2_PLACEMENT_3D('',#6876,#5138,#5139);
#4445=AXIS2_PLACEMENT_3D('',#6877,#5140,#5141);
#4446=AXIS2_PLACEMENT_3D('',#6878,#5142,#5143);
#4447=AXIS2_PLACEMENT_3D('',#6882,#5146,#5147);
#4448=AXIS2_PLACEMENT_3D('',#6919,#5152,#5153);
#4449=AXIS2_PLACEMENT_3D('',#6923,#5155,#5156);
#4450=AXIS2_PLACEMENT_3D('',#6927,#5158,#5159);
#4451=AXIS2_PLACEMENT_3D('',#6931,#5161,#5162);
#4452=AXIS2_PLACEMENT_3D('',#6933,#5164,#5165);
#4453=AXIS2_PLACEMENT_3D('',#6969,#5170,#5171);
#4454=AXIS2_PLACEMENT_3D('',#6973,#5173,#5174);
#4455=AXIS2_PLACEMENT_3D('',#6975,#5176,#5177);
#4456=AXIS2_PLACEMENT_3D('',#6994,#5180,#5181);
#4457=AXIS2_PLACEMENT_3D('',#7019,#5182,#5183);
#4458=AXIS2_PLACEMENT_3D('',#7034,#5186,#5187);
#4459=AXIS2_PLACEMENT_3D('',#7048,#5189,#5190);
#4460=AXIS2_PLACEMENT_3D('',#7050,#5192,#5193);
#4461=AXIS2_PLACEMENT_3D('',#7054,#5195,#5196);
#4462=AXIS2_PLACEMENT_3D('',#7056,#5198,#5199);
#4463=AXIS2_PLACEMENT_3D('',#7058,#5201,#5202);
#4464=AXIS2_PLACEMENT_3D('',#7062,#5205,#5206);
#4465=AXIS2_PLACEMENT_3D('',#7064,#5208,#5209);
#4466=AXIS2_PLACEMENT_3D('',#7067,#5211,#5212);
#4467=AXIS2_PLACEMENT_3D('',#7068,#5213,#5214);
#4468=AXIS2_PLACEMENT_3D('',#7069,#5215,#5216);
#4469=AXIS2_PLACEMENT_3D('',#7073,#5219,#5220);
#4470=AXIS2_PLACEMENT_3D('',#7110,#5225,#5226);
#4471=AXIS2_PLACEMENT_3D('',#7114,#5228,#5229);
#4472=AXIS2_PLACEMENT_3D('',#7118,#5231,#5232);
#4473=AXIS2_PLACEMENT_3D('',#7122,#5234,#5235);
#4474=AXIS2_PLACEMENT_3D('',#7124,#5237,#5238);
#4475=AXIS2_PLACEMENT_3D('',#7160,#5243,#5244);
#4476=AXIS2_PLACEMENT_3D('',#7164,#5246,#5247);
#4477=AXIS2_PLACEMENT_3D('',#7166,#5249,#5250);
#4478=AXIS2_PLACEMENT_3D('',#7185,#5253,#5254);
#4479=AXIS2_PLACEMENT_3D('',#7210,#5255,#5256);
#4480=AXIS2_PLACEMENT_3D('',#7225,#5259,#5260);
#4481=AXIS2_PLACEMENT_3D('',#7239,#5262,#5263);
#4482=AXIS2_PLACEMENT_3D('',#7241,#5265,#5266);
#4483=AXIS2_PLACEMENT_3D('',#7245,#5268,#5269);
#4484=AXIS2_PLACEMENT_3D('',#7247,#5271,#5272);
#4485=AXIS2_PLACEMENT_3D('',#7249,#5274,#5275);
#4486=AXIS2_PLACEMENT_3D('',#7253,#5278,#5279);
#4487=AXIS2_PLACEMENT_3D('',#7255,#5281,#5282);
#4488=AXIS2_PLACEMENT_3D('',#7258,#5284,#5285);
#4489=AXIS2_PLACEMENT_3D('',#7259,#5286,#5287);
#4490=AXIS2_PLACEMENT_3D('',#7260,#5288,#5289);
#4491=AXIS2_PLACEMENT_3D('',#7264,#5292,#5293);
#4492=AXIS2_PLACEMENT_3D('',#7301,#5298,#5299);
#4493=AXIS2_PLACEMENT_3D('',#7305,#5301,#5302);
#4494=AXIS2_PLACEMENT_3D('',#7309,#5304,#5305);
#4495=AXIS2_PLACEMENT_3D('',#7313,#5307,#5308);
#4496=AXIS2_PLACEMENT_3D('',#7315,#5310,#5311);
#4497=AXIS2_PLACEMENT_3D('',#7351,#5316,#5317);
#4498=AXIS2_PLACEMENT_3D('',#7355,#5319,#5320);
#4499=AXIS2_PLACEMENT_3D('',#7357,#5322,#5323);
#4500=AXIS2_PLACEMENT_3D('',#7376,#5326,#5327);
#4501=AXIS2_PLACEMENT_3D('',#7401,#5328,#5329);
#4502=AXIS2_PLACEMENT_3D('',#7416,#5332,#5333);
#4503=AXIS2_PLACEMENT_3D('',#7430,#5335,#5336);
#4504=AXIS2_PLACEMENT_3D('',#7432,#5338,#5339);
#4505=AXIS2_PLACEMENT_3D('',#7436,#5341,#5342);
#4506=AXIS2_PLACEMENT_3D('',#7438,#5344,#5345);
#4507=AXIS2_PLACEMENT_3D('',#7440,#5347,#5348);
#4508=AXIS2_PLACEMENT_3D('',#7444,#5351,#5352);
#4509=AXIS2_PLACEMENT_3D('',#7446,#5354,#5355);
#4510=AXIS2_PLACEMENT_3D('',#7449,#5357,#5358);
#4511=AXIS2_PLACEMENT_3D('',#7450,#5359,#5360);
#4512=AXIS2_PLACEMENT_3D('',#7451,#5361,#5362);
#4513=AXIS2_PLACEMENT_3D('',#7455,#5365,#5366);
#4514=AXIS2_PLACEMENT_3D('',#7492,#5371,#5372);
#4515=AXIS2_PLACEMENT_3D('',#7496,#5374,#5375);
#4516=AXIS2_PLACEMENT_3D('',#7500,#5377,#5378);
#4517=AXIS2_PLACEMENT_3D('',#7504,#5380,#5381);
#4518=AXIS2_PLACEMENT_3D('',#7506,#5383,#5384);
#4519=AXIS2_PLACEMENT_3D('',#7542,#5389,#5390);
#4520=AXIS2_PLACEMENT_3D('',#7546,#5392,#5393);
#4521=AXIS2_PLACEMENT_3D('',#7548,#5395,#5396);
#4522=AXIS2_PLACEMENT_3D('',#7567,#5399,#5400);
#4523=AXIS2_PLACEMENT_3D('',#7592,#5401,#5402);
#4524=AXIS2_PLACEMENT_3D('',#7607,#5405,#5406);
#4525=AXIS2_PLACEMENT_3D('',#7621,#5408,#5409);
#4526=AXIS2_PLACEMENT_3D('',#7623,#5411,#5412);
#4527=AXIS2_PLACEMENT_3D('',#7627,#5414,#5415);
#4528=AXIS2_PLACEMENT_3D('',#7629,#5417,#5418);
#4529=AXIS2_PLACEMENT_3D('',#7631,#5420,#5421);
#4530=AXIS2_PLACEMENT_3D('',#7635,#5424,#5425);
#4531=AXIS2_PLACEMENT_3D('',#7637,#5427,#5428);
#4532=AXIS2_PLACEMENT_3D('',#7640,#5430,#5431);
#4533=AXIS2_PLACEMENT_3D('',#7641,#5432,#5433);
#4534=AXIS2_PLACEMENT_3D('',#7642,#5434,#5435);
#4535=AXIS2_PLACEMENT_3D('',#7646,#5438,#5439);
#4536=AXIS2_PLACEMENT_3D('',#7682,#5445,#5446);
#4537=AXIS2_PLACEMENT_3D('',#7718,#5451,#5452);
#4538=AXIS2_PLACEMENT_3D('',#7722,#5454,#5455);
#4539=AXIS2_PLACEMENT_3D('',#7724,#5457,#5458);
#4540=AXIS2_PLACEMENT_3D('',#7743,#5461,#5462);
#4541=AXIS2_PLACEMENT_3D('',#7768,#5463,#5464);
#4542=AXIS2_PLACEMENT_3D('',#7783,#5467,#5468);
#4543=AXIS2_PLACEMENT_3D('',#7797,#5470,#5471);
#4544=AXIS2_PLACEMENT_3D('',#7799,#5473,#5474);
#4545=AXIS2_PLACEMENT_3D('',#7801,#5476,#5477);
#4546=AXIS2_PLACEMENT_3D('',#7803,#5479,#5480);
#4547=AXIS2_PLACEMENT_3D('',#7804,#5481,#5482);
#4548=AXIS2_PLACEMENT_3D('',#7805,#5483,#5484);
#4549=AXIS2_PLACEMENT_3D('',#7813,#5490,#5491);
#4550=AXIS2_PLACEMENT_3D('',#7815,#5493,#5494);
#4551=AXIS2_PLACEMENT_3D('',#7828,#5495,#5496);
#4552=AXIS2_PLACEMENT_3D('',#7829,#5497,#5498);
#4553=AXIS2_PLACEMENT_3D('',#7830,#5499,#5500);
#4554=AXIS2_PLACEMENT_3D('',#7832,#5501,#5502);
#4555=AXIS2_PLACEMENT_3D('',#7834,#5504,#5505);
#4556=AXIS2_PLACEMENT_3D('',#7846,#5506,#5507);
#4557=AXIS2_PLACEMENT_3D('',#7847,#5508,#5509);
#4558=AXIS2_PLACEMENT_3D('',#7849,#5511,#5512);
#4559=AXIS2_PLACEMENT_3D('',#7850,#5513,#5514);
#4560=AXIS2_PLACEMENT_3D('',#7852,#5515,#5516);
#4561=AXIS2_PLACEMENT_3D('',#7854,#5518,#5519);
#4562=AXIS2_PLACEMENT_3D('',#7857,#5521,#5522);
#4563=AXIS2_PLACEMENT_3D('',#7858,#5523,#5524);
#4564=AXIS2_PLACEMENT_3D('',#7872,#5532,#5533);
#4565=AXIS2_PLACEMENT_3D('',#7874,#5535,#5536);
#4566=AXIS2_PLACEMENT_3D('',#7876,#5538,#5539);
#4567=AXIS2_PLACEMENT_3D('',#7882,#5543,#5544);
#4568=AXIS2_PLACEMENT_3D('',#7886,#5547,#5548);
#4569=AXIS2_PLACEMENT_3D('',#7890,#5551,#5552);
#4570=AXIS2_PLACEMENT_3D('',#7892,#5554,#5555);
#4571=AXIS2_PLACEMENT_3D('',#7895,#5557,#5558);
#4572=AXIS2_PLACEMENT_3D('',#7896,#5559,#5560);
#4573=AXIS2_PLACEMENT_3D('',#7900,#5562,#5563);
#4574=AXIS2_PLACEMENT_3D('',#7903,#5565,#5566);
#4575=AXIS2_PLACEMENT_3D('',#7904,#5567,#5568);
#4576=AXIS2_PLACEMENT_3D('',#7905,#5569,#5570);
#4577=AXIS2_PLACEMENT_3D('',#7906,#5571,#5572);
#4578=AXIS2_PLACEMENT_3D('',#7907,#5573,#5574);
#4579=AXIS2_PLACEMENT_3D('',#7908,#5575,#5576);
#4580=AXIS2_PLACEMENT_3D('',#7909,#5577,#5578);
#4581=AXIS2_PLACEMENT_3D('',#7910,#5579,#5580);
#4582=AXIS2_PLACEMENT_3D('',#7911,#5581,#5582);
#4583=DIRECTION('axis',(0.,0.,1.));
#4584=DIRECTION('refdir',(1.,0.,0.));
#4585=DIRECTION('center_axis',(0.,1.,0.));
#4586=DIRECTION('ref_axis',(1.,0.,0.));
#4587=DIRECTION('center_axis',(0.,1.,0.));
#4588=DIRECTION('ref_axis',(1.,0.,0.));
#4589=DIRECTION('',(0.,1.,0.));
#4590=DIRECTION('center_axis',(0.,1.,0.));
#4591=DIRECTION('ref_axis',(1.,0.,0.));
#4592=DIRECTION('center_axis',(0.,-1.,0.));
#4593=DIRECTION('ref_axis',(1.,0.,0.));
#4594=DIRECTION('center_axis',(0.,1.,0.));
#4595=DIRECTION('ref_axis',(1.,0.,0.));
#4596=DIRECTION('center_axis',(0.,1.,0.));
#4597=DIRECTION('ref_axis',(1.,0.,0.));
#4598=DIRECTION('',(0.,1.,0.));
#4599=DIRECTION('center_axis',(0.,1.,0.));
#4600=DIRECTION('ref_axis',(1.,0.,0.));
#4601=DIRECTION('center_axis',(0.,-1.,0.));
#4602=DIRECTION('ref_axis',(1.,0.,0.));
#4603=DIRECTION('center_axis',(0.,1.,0.));
#4604=DIRECTION('ref_axis',(1.,0.,0.));
#4605=DIRECTION('center_axis',(0.,1.,0.));
#4606=DIRECTION('ref_axis',(1.,0.,0.));
#4607=DIRECTION('',(0.,1.,0.));
#4608=DIRECTION('center_axis',(0.,1.,0.));
#4609=DIRECTION('ref_axis',(1.,0.,0.));
#4610=DIRECTION('center_axis',(0.,-1.,0.));
#4611=DIRECTION('ref_axis',(1.,0.,0.));
#4612=DIRECTION('center_axis',(0.,-1.,0.));
#4613=DIRECTION('ref_axis',(0.,0.,-1.));
#4614=DIRECTION('',(-1.,0.,5.86730338269561E-17));
#4615=DIRECTION('',(-0.000236508037964727,0.,-0.999999972031974));
#4616=DIRECTION('',(0.999999991826235,0.,-0.000127857462092997));
#4617=DIRECTION('',(0.,0.,1.));
#4618=DIRECTION('center_axis',(0.,-1.,0.));
#4619=DIRECTION('ref_axis',(-0.866025403784438,0.,0.5));
#4620=DIRECTION('',(-1.,0.,0.));
#4621=DIRECTION('center_axis',(0.,-1.,0.));
#4622=DIRECTION('ref_axis',(0.866025403784438,0.,0.5));
#4623=DIRECTION('',(0.,0.,-1.));
#4624=DIRECTION('center_axis',(0.,1.,0.));
#4625=DIRECTION('ref_axis',(0.707106781186547,0.,-0.707106781186547));
#4626=DIRECTION('',(-1.,0.,0.));
#4627=DIRECTION('center_axis',(0.,1.,0.));
#4628=DIRECTION('ref_axis',(-0.707106781186547,0.,-0.707106781186547));
#4629=DIRECTION('',(0.,0.,1.));
#4630=DIRECTION('center_axis',(0.,-1.,0.));
#4631=DIRECTION('ref_axis',(0.,0.,-1.));
#4632=DIRECTION('',(0.,0.,1.));
#4633=DIRECTION('',(0.999999991826235,0.,-0.000127857462092997));
#4634=DIRECTION('',(-0.000236508037964727,0.,-0.999999972031974));
#4635=DIRECTION('',(-1.,0.,5.86730338269561E-17));
#4636=DIRECTION('center_axis',(0.,1.,0.));
#4637=DIRECTION('ref_axis',(-0.866025403784438,0.,0.5));
#4638=DIRECTION('',(0.,0.,1.));
#4639=DIRECTION('center_axis',(0.,1.,0.));
#4640=DIRECTION('ref_axis',(-0.707106781186547,0.,-0.707106781186547));
#4641=DIRECTION('',(-1.,0.,0.));
#4642=DIRECTION('center_axis',(0.,1.,0.));
#4643=DIRECTION('ref_axis',(0.707106781186547,0.,-0.707106781186547));
#4644=DIRECTION('',(0.,0.,-1.));
#4645=DIRECTION('center_axis',(0.,1.,0.));
#4646=DIRECTION('ref_axis',(0.866025403784438,0.,0.5));
#4647=DIRECTION('',(1.,0.,0.));
#4648=DIRECTION('center_axis',(0.,0.,-1.));
#4649=DIRECTION('ref_axis',(-1.,0.,0.));
#4650=DIRECTION('',(0.,1.,0.));
#4651=DIRECTION('',(-1.,0.,0.));
#4652=DIRECTION('',(0.,1.,0.));
#4653=DIRECTION('center_axis',(0.,1.,0.));
#4654=DIRECTION('ref_axis',(0.707106781186547,0.,-0.707106781186547));
#4655=DIRECTION('',(0.,1.,0.));
#4656=DIRECTION('center_axis',(0.,1.,0.));
#4657=DIRECTION('ref_axis',(0.707106781186547,0.,-0.707106781186547));
#4658=DIRECTION('center_axis',(1.,0.,0.));
#4659=DIRECTION('ref_axis',(0.,0.,-1.));
#4660=DIRECTION('',(0.,-1.,0.));
#4661=DIRECTION('',(0.,0.,-1.));
#4662=DIRECTION('center_axis',(-1.,0.,0.));
#4663=DIRECTION('ref_axis',(0.,0.,1.));
#4664=DIRECTION('',(0.,1.,0.));
#4665=DIRECTION('',(0.,0.,1.));
#4666=DIRECTION('',(0.,1.,0.));
#4667=DIRECTION('center_axis',(0.,1.,0.));
#4668=DIRECTION('ref_axis',(-0.707106781186547,0.,-0.707106781186547));
#4669=DIRECTION('center_axis',(0.,1.,0.));
#4670=DIRECTION('ref_axis',(-0.707106781186547,0.,-0.707106781186547));
#4671=DIRECTION('center_axis',(-1.,0.,0.));
#4672=DIRECTION('ref_axis',(0.,0.,1.));
#4673=DIRECTION('',(0.,-1.,0.));
#4674=DIRECTION('',(0.,-1.,0.));
#4675=DIRECTION('center_axis',(0.000127857462092997,0.,0.999999991826235));
#4676=DIRECTION('ref_axis',(0.999999991826235,0.,-0.000127857462092997));
#4677=DIRECTION('center_axis',(0.999999972031974,0.,-0.000236508037964727));
#4678=DIRECTION('ref_axis',(-0.000236508037964727,0.,-0.999999972031974));
#4679=DIRECTION('',(0.,-1.,0.));
#4680=DIRECTION('',(0.,-1.,0.));
#4681=DIRECTION('center_axis',(-5.86730338269561E-17,0.,-1.));
#4682=DIRECTION('ref_axis',(-1.,0.,5.86730338269561E-17));
#4683=DIRECTION('',(0.,-1.,0.));
#4684=DIRECTION('center_axis',(0.,-1.,0.));
#4685=DIRECTION('ref_axis',(0.,0.,-1.));
#4686=DIRECTION('',(1.,0.,0.));
#4687=DIRECTION('',(1.,0.,0.));
#4688=DIRECTION('',(0.,0.,1.));
#4689=DIRECTION('',(1.,0.,0.));
#4690=DIRECTION('',(0.,0.,-1.));
#4691=DIRECTION('center_axis',(0.,-1.,0.));
#4692=DIRECTION('ref_axis',(0.707106781186547,0.,-0.707106781186547));
#4693=DIRECTION('',(0.,1.,0.));
#4694=DIRECTION('center_axis',(0.,-1.,0.));
#4695=DIRECTION('ref_axis',(0.707106781186547,0.,-0.707106781186547));
#4696=DIRECTION('',(0.,-1.,0.));
#4697=DIRECTION('center_axis',(0.,0.,-1.));
#4698=DIRECTION('ref_axis',(-1.,0.,0.));
#4699=DIRECTION('',(0.,-1.,0.));
#4700=DIRECTION('',(1.,0.,0.));
#4701=DIRECTION('center_axis',(0.,-1.,0.));
#4702=DIRECTION('ref_axis',(0.866025403784438,0.,0.5));
#4703=DIRECTION('',(7.40148683083438E-17,1.,0.));
#4704=DIRECTION('center_axis',(0.,-1.,0.));
#4705=DIRECTION('ref_axis',(0.866025403784438,0.,0.5));
#4706=DIRECTION('',(0.,-1.,0.));
#4707=DIRECTION('center_axis',(0.,1.,0.));
#4708=DIRECTION('ref_axis',(-0.707106781186547,0.,-0.707106781186547));
#4709=DIRECTION('',(0.,1.,0.));
#4710=DIRECTION('center_axis',(0.,-1.,0.));
#4711=DIRECTION('ref_axis',(-0.707106781186547,0.,-0.707106781186547));
#4712=DIRECTION('center_axis',(0.,0.,1.));
#4713=DIRECTION('ref_axis',(1.,0.,0.));
#4714=DIRECTION('',(-1.,0.,0.));
#4715=DIRECTION('',(0.,1.,0.));
#4716=DIRECTION('center_axis',(-1.,0.,0.));
#4717=DIRECTION('ref_axis',(0.,-1.,0.));
#4718=DIRECTION('',(-8.07214785271564E-17,-1.,0.));
#4719=DIRECTION('',(0.,0.,-1.));
#4720=DIRECTION('center_axis',(0.,1.,0.));
#4721=DIRECTION('ref_axis',(-0.866025403784438,0.,0.5));
#4722=DIRECTION('center_axis',(0.,-1.,0.));
#4723=DIRECTION('ref_axis',(-0.866025403784438,0.,0.5));
#4724=DIRECTION('center_axis',(-1.,0.,0.));
#4725=DIRECTION('ref_axis',(0.,-0.707106781186549,-0.707106781186546));
#4726=DIRECTION('',(1.,0.,0.));
#4727=DIRECTION('',(-1.,0.,0.));
#4728=DIRECTION('center_axis',(0.,1.,0.));
#4729=DIRECTION('ref_axis',(0.,0.,1.));
#4730=DIRECTION('center_axis',(0.,1.,0.));
#4731=DIRECTION('ref_axis',(-0.5,0.,0.866025403784439));
#4732=DIRECTION('center_axis',(-1.,0.,0.));
#4733=DIRECTION('ref_axis',(0.,-1.,0.));
#4734=DIRECTION('center_axis',(0.,-1.,0.));
#4735=DIRECTION('ref_axis',(-0.5,0.,0.866025403784439));
#4736=DIRECTION('center_axis',(1.,0.,0.));
#4737=DIRECTION('ref_axis',(0.,-0.707106781186549,0.707106781186546));
#4738=DIRECTION('center_axis',(-1.,0.,-4.44089209850062E-15));
#4739=DIRECTION('ref_axis',(0.,-1.,0.));
#4740=DIRECTION('',(-1.,0.,0.));
#4741=DIRECTION('',(1.,0.,0.));
#4742=DIRECTION('center_axis',(0.,1.,0.));
#4743=DIRECTION('ref_axis',(0.,0.,1.));
#4744=DIRECTION('center_axis',(0.,-1.,0.));
#4745=DIRECTION('ref_axis',(0.5,0.,0.866025403784438));
#4746=DIRECTION('center_axis',(0.,1.,0.));
#4747=DIRECTION('ref_axis',(0.5,0.,0.866025403784439));
#4748=DIRECTION('center_axis',(0.,-1.,0.));
#4749=DIRECTION('ref_axis',(1.,0.,0.));
#4750=DIRECTION('center_axis',(0.,-1.,0.));
#4751=DIRECTION('ref_axis',(0.,0.,-1.));
#4752=DIRECTION('',(-1.,0.,5.86730338269561E-17));
#4753=DIRECTION('',(-0.000236508037964727,0.,-0.999999972031974));
#4754=DIRECTION('',(0.999999991826235,0.,-0.000127857462092997));
#4755=DIRECTION('',(0.,0.,1.));
#4756=DIRECTION('center_axis',(0.,-1.,0.));
#4757=DIRECTION('ref_axis',(-0.707106781186547,0.,-0.707106781186547));
#4758=DIRECTION('',(0.,0.,-1.));
#4759=DIRECTION('center_axis',(0.,-1.,0.));
#4760=DIRECTION('ref_axis',(-0.866025403784438,0.,0.5));
#4761=DIRECTION('',(-1.,0.,0.));
#4762=DIRECTION('center_axis',(0.,-1.,0.));
#4763=DIRECTION('ref_axis',(0.866025403784438,0.,0.5));
#4764=DIRECTION('',(0.,0.,1.));
#4765=DIRECTION('center_axis',(0.,-1.,0.));
#4766=DIRECTION('ref_axis',(0.707106781186547,0.,-0.707106781186547));
#4767=DIRECTION('',(1.,0.,0.));
#4768=DIRECTION('center_axis',(0.,-1.,0.));
#4769=DIRECTION('ref_axis',(0.,0.,-1.));
#4770=DIRECTION('',(0.,0.,1.));
#4771=DIRECTION('',(0.999999991826235,0.,-0.000127857462092997));
#4772=DIRECTION('',(-0.000236508037964727,0.,-0.999999972031974));
#4773=DIRECTION('',(-1.,0.,5.86730338269561E-17));
#4774=DIRECTION('center_axis',(0.,1.,0.));
#4775=DIRECTION('ref_axis',(-0.707106781186547,0.,-0.707106781186547));
#4776=DIRECTION('',(-1.,0.,0.));
#4777=DIRECTION('center_axis',(0.,1.,0.));
#4778=DIRECTION('ref_axis',(0.707106781186547,0.,-0.707106781186547));
#4779=DIRECTION('',(0.,0.,-1.));
#4780=DIRECTION('center_axis',(0.,1.,0.));
#4781=DIRECTION('ref_axis',(0.866025403784438,0.,0.5));
#4782=DIRECTION('',(1.,0.,0.));
#4783=DIRECTION('center_axis',(0.,1.,0.));
#4784=DIRECTION('ref_axis',(-0.866025403784438,0.,0.5));
#4785=DIRECTION('',(0.,0.,1.));
#4786=DIRECTION('center_axis',(-1.,0.,0.));
#4787=DIRECTION('ref_axis',(0.,0.,1.));
#4788=DIRECTION('',(0.,-1.,0.));
#4789=DIRECTION('',(0.,-1.,0.));
#4790=DIRECTION('center_axis',(0.000127857462092997,0.,0.999999991826235));
#4791=DIRECTION('ref_axis',(0.999999991826235,0.,-0.000127857462092997));
#4792=DIRECTION('center_axis',(0.999999972031974,0.,-0.000236508037964727));
#4793=DIRECTION('ref_axis',(-0.000236508037964727,0.,-0.999999972031974));
#4794=DIRECTION('',(0.,-1.,0.));
#4795=DIRECTION('',(0.,-1.,0.));
#4796=DIRECTION('center_axis',(-5.86730338269561E-17,0.,-1.));
#4797=DIRECTION('ref_axis',(-1.,0.,5.86730338269561E-17));
#4798=DIRECTION('',(0.,-1.,0.));
#4799=DIRECTION('center_axis',(0.,-1.,0.));
#4800=DIRECTION('ref_axis',(0.866025403784438,0.,0.5));
#4801=DIRECTION('',(7.40148683083438E-17,1.,0.));
#4802=DIRECTION('center_axis',(0.,1.,0.));
#4803=DIRECTION('ref_axis',(0.5,0.,0.866025403784439));
#4804=DIRECTION('',(0.,-1.,0.));
#4805=DIRECTION('center_axis',(0.,-1.,0.));
#4806=DIRECTION('ref_axis',(0.866025403784438,0.,0.5));
#4807=DIRECTION('',(0.,-1.,0.));
#4808=DIRECTION('center_axis',(0.,1.,0.));
#4809=DIRECTION('ref_axis',(0.866025403784438,0.,0.5));
#4810=DIRECTION('',(7.40148683083438E-17,1.,0.));
#4811=DIRECTION('center_axis',(0.,0.,1.));
#4812=DIRECTION('ref_axis',(1.,0.,0.));
#4813=DIRECTION('',(1.,0.,0.));
#4814=DIRECTION('',(0.,1.,0.));
#4815=DIRECTION('center_axis',(0.,0.,1.));
#4816=DIRECTION('ref_axis',(1.,0.,0.));
#4817=DIRECTION('',(0.,1.,0.));
#4818=DIRECTION('',(1.,0.,0.));
#4819=DIRECTION('center_axis',(1.,0.,0.));
#4820=DIRECTION('ref_axis',(0.,1.,0.));
#4821=DIRECTION('',(0.,-1.,0.));
#4822=DIRECTION('',(0.,0.,-1.));
#4823=DIRECTION('center_axis',(0.,1.,0.));
#4824=DIRECTION('ref_axis',(-0.866025403784438,0.,0.5));
#4825=DIRECTION('center_axis',(0.,1.,0.));
#4826=DIRECTION('ref_axis',(-0.5,0.,0.866025403784438));
#4827=DIRECTION('',(-8.07214785271564E-17,-1.,0.));
#4828=DIRECTION('center_axis',(0.,1.,0.));
#4829=DIRECTION('ref_axis',(-0.866025403784438,0.,0.5));
#4830=DIRECTION('',(-8.07214785271564E-17,-1.,0.));
#4831=DIRECTION('center_axis',(0.,1.,0.));
#4832=DIRECTION('ref_axis',(-0.866025403784438,0.,0.5));
#4833=DIRECTION('center_axis',(0.,-1.,0.));
#4834=DIRECTION('ref_axis',(0.707106781186547,0.,-0.707106781186547));
#4835=DIRECTION('',(0.,1.,0.));
#4836=DIRECTION('center_axis',(0.,1.,0.));
#4837=DIRECTION('ref_axis',(0.707106781186547,0.,-0.707106781186548));
#4838=DIRECTION('center_axis',(-1.,0.,0.));
#4839=DIRECTION('ref_axis',(0.,-1.,0.));
#4840=DIRECTION('',(0.,0.,1.));
#4841=DIRECTION('',(0.,1.,0.));
#4842=DIRECTION('center_axis',(-1.,0.,0.));
#4843=DIRECTION('ref_axis',(0.,-1.,0.));
#4844=DIRECTION('',(0.,1.,0.));
#4845=DIRECTION('',(0.,0.,1.));
#4846=DIRECTION('center_axis',(0.,0.,-1.));
#4847=DIRECTION('ref_axis',(-1.,0.,0.));
#4848=DIRECTION('',(0.,-1.,0.));
#4849=DIRECTION('',(-1.,0.,0.));
#4850=DIRECTION('center_axis',(0.,1.,0.));
#4851=DIRECTION('ref_axis',(-0.707106781186547,0.,-0.707106781186547));
#4852=DIRECTION('center_axis',(0.,1.,0.));
#4853=DIRECTION('ref_axis',(-0.707106781186547,0.,-0.707106781186548));
#4854=DIRECTION('center_axis',(0.,-1.,0.));
#4855=DIRECTION('ref_axis',(0.,0.,-1.));
#4856=DIRECTION('',(-1.,0.,5.86730338269561E-17));
#4857=DIRECTION('',(-0.000236508037964727,0.,-0.999999972031974));
#4858=DIRECTION('',(0.999999991826235,0.,-0.000127857462092997));
#4859=DIRECTION('',(0.,0.,1.));
#4860=DIRECTION('center_axis',(0.,-1.,0.));
#4861=DIRECTION('ref_axis',(0.866025403784438,0.,0.5));
#4862=DIRECTION('',(0.,0.,1.));
#4863=DIRECTION('center_axis',(0.,-1.,0.));
#4864=DIRECTION('ref_axis',(0.707106781186547,0.,-0.707106781186547));
#4865=DIRECTION('',(1.,0.,0.));
#4866=DIRECTION('center_axis',(0.,-1.,0.));
#4867=DIRECTION('ref_axis',(-0.707106781186547,0.,-0.707106781186547));
#4868=DIRECTION('',(0.,0.,-1.));
#4869=DIRECTION('center_axis',(0.,-1.,0.));
#4870=DIRECTION('ref_axis',(-0.866025403784438,0.,0.5));
#4871=DIRECTION('',(-1.,0.,0.));
#4872=DIRECTION('center_axis',(0.,-1.,0.));
#4873=DIRECTION('ref_axis',(0.,0.,-1.));
#4874=DIRECTION('',(0.,0.,1.));
#4875=DIRECTION('',(0.999999991826235,0.,-0.000127857462092997));
#4876=DIRECTION('',(-0.000236508037964727,0.,-0.999999972031974));
#4877=DIRECTION('',(-1.,0.,5.86730338269561E-17));
#4878=DIRECTION('center_axis',(0.,1.,0.));
#4879=DIRECTION('ref_axis',(-0.707106781186547,0.,-0.707106781186547));
#4880=DIRECTION('',(-1.,0.,0.));
#4881=DIRECTION('center_axis',(0.,1.,0.));
#4882=DIRECTION('ref_axis',(0.707106781186547,0.,-0.707106781186547));
#4883=DIRECTION('',(0.,0.,-1.));
#4884=DIRECTION('center_axis',(-1.,0.,0.));
#4885=DIRECTION('ref_axis',(0.,0.,1.));
#4886=DIRECTION('',(0.,-1.,0.));
#4887=DIRECTION('',(0.,-1.,0.));
#4888=DIRECTION('center_axis',(0.000127857462092997,0.,0.999999991826235));
#4889=DIRECTION('ref_axis',(0.999999991826235,0.,-0.000127857462092997));
#4890=DIRECTION('center_axis',(0.999999972031974,0.,-0.000236508037964727));
#4891=DIRECTION('ref_axis',(-0.000236508037964727,0.,-0.999999972031974));
#4892=DIRECTION('',(0.,-1.,0.));
#4893=DIRECTION('',(0.,-1.,0.));
#4894=DIRECTION('center_axis',(-5.86730338269561E-17,0.,-1.));
#4895=DIRECTION('ref_axis',(-1.,0.,5.86730338269561E-17));
#4896=DIRECTION('',(0.,-1.,0.));
#4897=DIRECTION('center_axis',(0.,1.,0.));
#4898=DIRECTION('ref_axis',(-0.707106781186547,0.,-0.707106781186547));
#4899=DIRECTION('',(0.,-1.,0.));
#4900=DIRECTION('center_axis',(0.,1.,0.));
#4901=DIRECTION('ref_axis',(-0.707106781186547,0.,-0.707106781186547));
#4902=DIRECTION('',(0.,-1.,0.));
#4903=DIRECTION('center_axis',(0.,1.,0.));
#4904=DIRECTION('ref_axis',(-0.707106781186547,0.,-0.707106781186547));
#4905=DIRECTION('',(0.,1.,0.));
#4906=DIRECTION('center_axis',(0.,0.,-1.));
#4907=DIRECTION('ref_axis',(-1.,0.,0.));
#4908=DIRECTION('',(0.,1.,0.));
#4909=DIRECTION('center_axis',(0.,0.,-1.));
#4910=DIRECTION('ref_axis',(-1.,0.,0.));
#4911=DIRECTION('',(0.,1.,0.));
#4912=DIRECTION('',(-1.,0.,0.));
#4913=DIRECTION('center_axis',(0.,-1.,0.));
#4914=DIRECTION('ref_axis',(0.707106781186547,0.,-0.707106781186547));
#4915=DIRECTION('',(0.,-1.,0.));
#4916=DIRECTION('center_axis',(0.,-1.,0.));
#4917=DIRECTION('ref_axis',(0.707106781186547,0.,-0.707106781186547));
#4918=DIRECTION('',(0.,-1.,0.));
#4919=DIRECTION('center_axis',(0.,1.,0.));
#4920=DIRECTION('ref_axis',(0.707106781186547,0.,-0.707106781186547));
#4921=DIRECTION('center_axis',(1.,0.,0.));
#4922=DIRECTION('ref_axis',(0.,1.,0.));
#4923=DIRECTION('center_axis',(1.,0.,0.));
#4924=DIRECTION('ref_axis',(0.,1.,0.));
#4925=DIRECTION('',(7.40148683083438E-17,1.,0.));
#4926=DIRECTION('',(0.,0.,-1.));
#4927=DIRECTION('center_axis',(0.,-1.,0.));
#4928=DIRECTION('ref_axis',(0.,0.,-1.));
#4929=DIRECTION('',(-1.,0.,5.86730338269561E-17));
#4930=DIRECTION('',(-0.000236508037964727,0.,-0.999999972031974));
#4931=DIRECTION('',(0.999999991826235,0.,-0.000127857462092997));
#4932=DIRECTION('',(0.,0.,1.));
#4933=DIRECTION('center_axis',(0.,-1.,0.));
#4934=DIRECTION('ref_axis',(-0.707106781186547,0.,-0.707106781186547));
#4935=DIRECTION('',(0.,0.,-1.));
#4936=DIRECTION('center_axis',(0.,-1.,0.));
#4937=DIRECTION('ref_axis',(-0.866025403784438,0.,0.5));
#4938=DIRECTION('',(-1.,0.,0.));
#4939=DIRECTION('center_axis',(0.,-1.,0.));
#4940=DIRECTION('ref_axis',(0.866025403784438,0.,0.5));
#4941=DIRECTION('',(0.,0.,1.));
#4942=DIRECTION('center_axis',(0.,-1.,0.));
#4943=DIRECTION('ref_axis',(0.707106781186547,0.,-0.707106781186547));
#4944=DIRECTION('',(1.,0.,0.));
#4945=DIRECTION('center_axis',(0.,-1.,0.));
#4946=DIRECTION('ref_axis',(0.,0.,-1.));
#4947=DIRECTION('',(0.,0.,1.));
#4948=DIRECTION('',(0.999999991826235,0.,-0.000127857462092997));
#4949=DIRECTION('',(-0.000236508037964727,0.,-0.999999972031974));
#4950=DIRECTION('',(-1.,0.,5.86730338269561E-17));
#4951=DIRECTION('center_axis',(0.,1.,0.));
#4952=DIRECTION('ref_axis',(0.866025403784438,0.,0.5));
#4953=DIRECTION('',(1.,0.,0.));
#4954=DIRECTION('center_axis',(0.,1.,0.));
#4955=DIRECTION('ref_axis',(-0.866025403784438,0.,0.5));
#4956=DIRECTION('',(0.,0.,1.));
#4957=DIRECTION('center_axis',(-1.,0.,0.));
#4958=DIRECTION('ref_axis',(0.,0.,1.));
#4959=DIRECTION('',(0.,-1.,0.));
#4960=DIRECTION('',(0.,-1.,0.));
#4961=DIRECTION('center_axis',(0.000127857462092997,0.,0.999999991826235));
#4962=DIRECTION('ref_axis',(0.999999991826235,0.,-0.000127857462092997));
#4963=DIRECTION('center_axis',(0.999999972031974,0.,-0.000236508037964727));
#4964=DIRECTION('ref_axis',(-0.000236508037964727,0.,-0.999999972031974));
#4965=DIRECTION('',(0.,-1.,0.));
#4966=DIRECTION('',(0.,-1.,0.));
#4967=DIRECTION('center_axis',(-5.86730338269561E-17,0.,-1.));
#4968=DIRECTION('ref_axis',(-1.,0.,5.86730338269561E-17));
#4969=DIRECTION('',(0.,-1.,0.));
#4970=DIRECTION('center_axis',(0.,-1.,0.));
#4971=DIRECTION('ref_axis',(0.866025403784438,0.,0.5));
#4972=DIRECTION('',(0.,-1.,0.));
#4973=DIRECTION('center_axis',(0.,-1.,0.));
#4974=DIRECTION('ref_axis',(0.866025403784438,0.,0.5));
#4975=DIRECTION('',(0.,-1.,0.));
#4976=DIRECTION('center_axis',(0.,1.,0.));
#4977=DIRECTION('ref_axis',(0.866025403784438,0.,0.5));
#4978=DIRECTION('',(7.40148683083438E-17,1.,0.));
#4979=DIRECTION('center_axis',(0.,0.,1.));
#4980=DIRECTION('ref_axis',(1.,0.,0.));
#4981=DIRECTION('',(0.,1.,0.));
#4982=DIRECTION('center_axis',(0.,0.,1.));
#4983=DIRECTION('ref_axis',(1.,0.,0.));
#4984=DIRECTION('',(0.,1.,0.));
#4985=DIRECTION('',(1.,0.,0.));
#4986=DIRECTION('center_axis',(0.,1.,0.));
#4987=DIRECTION('ref_axis',(-0.866025403784438,0.,0.5));
#4988=DIRECTION('',(-8.07214785271564E-17,-1.,0.));
#4989=DIRECTION('center_axis',(0.,1.,0.));
#4990=DIRECTION('ref_axis',(-0.866025403784438,0.,0.5));
#4991=DIRECTION('',(-8.07214785271564E-17,-1.,0.));
#4992=DIRECTION('center_axis',(0.,1.,0.));
#4993=DIRECTION('ref_axis',(-0.866025403784438,0.,0.5));
#4994=DIRECTION('center_axis',(-1.,0.,0.));
#4995=DIRECTION('ref_axis',(0.,-1.,0.));
#4996=DIRECTION('center_axis',(-1.,0.,0.));
#4997=DIRECTION('ref_axis',(0.,-1.,0.));
#4998=DIRECTION('',(0.,1.,0.));
#4999=DIRECTION('',(0.,0.,1.));
#5000=DIRECTION('center_axis',(0.,-1.,0.));
#5001=DIRECTION('ref_axis',(0.,0.,-1.));
#5002=DIRECTION('',(-1.,0.,5.86730338269561E-17));
#5003=DIRECTION('',(-0.000236508037964727,0.,-0.999999972031974));
#5004=DIRECTION('',(0.999999991826235,0.,-0.000127857462092997));
#5005=DIRECTION('',(0.,0.,1.));
#5006=DIRECTION('center_axis',(0.,-1.,0.));
#5007=DIRECTION('ref_axis',(0.866025403784438,0.,0.5));
#5008=DIRECTION('',(0.,0.,1.));
#5009=DIRECTION('center_axis',(0.,-1.,0.));
#5010=DIRECTION('ref_axis',(0.707106781186547,0.,-0.707106781186547));
#5011=DIRECTION('',(1.,0.,0.));
#5012=DIRECTION('center_axis',(0.,-1.,0.));
#5013=DIRECTION('ref_axis',(-0.707106781186547,0.,-0.707106781186547));
#5014=DIRECTION('',(0.,0.,-1.));
#5015=DIRECTION('center_axis',(0.,-1.,0.));
#5016=DIRECTION('ref_axis',(-0.866025403784438,0.,0.5));
#5017=DIRECTION('',(-1.,0.,0.));
#5018=DIRECTION('center_axis',(0.,-1.,0.));
#5019=DIRECTION('ref_axis',(0.,0.,-1.));
#5020=DIRECTION('',(0.,0.,1.));
#5021=DIRECTION('',(0.999999991826235,0.,-0.000127857462092997));
#5022=DIRECTION('',(-0.000236508037964727,0.,-0.999999972031974));
#5023=DIRECTION('',(-1.,0.,5.86730338269561E-17));
#5024=DIRECTION('center_axis',(0.,1.,0.));
#5025=DIRECTION('ref_axis',(-0.707106781186547,0.,-0.707106781186547));
#5026=DIRECTION('',(-1.,0.,0.));
#5027=DIRECTION('center_axis',(0.,1.,0.));
#5028=DIRECTION('ref_axis',(0.707106781186547,0.,-0.707106781186547));
#5029=DIRECTION('',(0.,0.,-1.));
#5030=DIRECTION('center_axis',(-1.,0.,0.));
#5031=DIRECTION('ref_axis',(0.,0.,1.));
#5032=DIRECTION('',(0.,-1.,0.));
#5033=DIRECTION('',(0.,-1.,0.));
#5034=DIRECTION('center_axis',(0.000127857462092997,0.,0.999999991826235));
#5035=DIRECTION('ref_axis',(0.999999991826235,0.,-0.000127857462092997));
#5036=DIRECTION('center_axis',(0.999999972031974,0.,-0.000236508037964727));
#5037=DIRECTION('ref_axis',(-0.000236508037964727,0.,-0.999999972031974));
#5038=DIRECTION('',(0.,-1.,0.));
#5039=DIRECTION('',(0.,-1.,0.));
#5040=DIRECTION('center_axis',(-5.86730338269561E-17,0.,-1.));
#5041=DIRECTION('ref_axis',(-1.,0.,5.86730338269561E-17));
#5042=DIRECTION('',(0.,-1.,0.));
#5043=DIRECTION('center_axis',(0.,1.,0.));
#5044=DIRECTION('ref_axis',(-0.707106781186547,0.,-0.707106781186547));
#5045=DIRECTION('',(0.,-1.,0.));
#5046=DIRECTION('center_axis',(0.,1.,0.));
#5047=DIRECTION('ref_axis',(-0.707106781186547,0.,-0.707106781186547));
#5048=DIRECTION('',(0.,-1.,0.));
#5049=DIRECTION('center_axis',(0.,1.,0.));
#5050=DIRECTION('ref_axis',(-0.707106781186547,0.,-0.707106781186547));
#5051=DIRECTION('',(0.,1.,0.));
#5052=DIRECTION('center_axis',(0.,0.,-1.));
#5053=DIRECTION('ref_axis',(-1.,0.,0.));
#5054=DIRECTION('',(0.,1.,0.));
#5055=DIRECTION('center_axis',(0.,0.,-1.));
#5056=DIRECTION('ref_axis',(-1.,0.,0.));
#5057=DIRECTION('',(0.,1.,0.));
#5058=DIRECTION('',(-1.,0.,0.));
#5059=DIRECTION('center_axis',(0.,-1.,0.));
#5060=DIRECTION('ref_axis',(0.707106781186547,0.,-0.707106781186547));
#5061=DIRECTION('',(0.,-1.,0.));
#5062=DIRECTION('center_axis',(0.,-1.,0.));
#5063=DIRECTION('ref_axis',(0.707106781186547,0.,-0.707106781186547));
#5064=DIRECTION('',(0.,-1.,0.));
#5065=DIRECTION('center_axis',(0.,1.,0.));
#5066=DIRECTION('ref_axis',(0.707106781186547,0.,-0.707106781186547));
#5067=DIRECTION('center_axis',(1.,0.,0.));
#5068=DIRECTION('ref_axis',(0.,1.,0.));
#5069=DIRECTION('center_axis',(1.,0.,0.));
#5070=DIRECTION('ref_axis',(0.,1.,0.));
#5071=DIRECTION('',(7.40148683083438E-17,1.,0.));
#5072=DIRECTION('',(0.,0.,-1.));
#5073=DIRECTION('center_axis',(0.,-1.,0.));
#5074=DIRECTION('ref_axis',(0.,0.,-1.));
#5075=DIRECTION('',(-1.,0.,5.86730338269561E-17));
#5076=DIRECTION('',(-0.000236508037964727,0.,-0.999999972031974));
#5077=DIRECTION('',(0.999999991826235,0.,-0.000127857462092997));
#5078=DIRECTION('',(0.,0.,1.));
#5079=DIRECTION('center_axis',(0.,-1.,0.));
#5080=DIRECTION('ref_axis',(-0.707106781186547,0.,-0.707106781186547));
#5081=DIRECTION('',(0.,0.,-1.));
#5082=DIRECTION('center_axis',(0.,-1.,0.));
#5083=DIRECTION('ref_axis',(-0.866025403784438,0.,0.5));
#5084=DIRECTION('',(-1.,0.,0.));
#5085=DIRECTION('center_axis',(0.,-1.,0.));
#5086=DIRECTION('ref_axis',(0.866025403784438,0.,0.5));
#5087=DIRECTION('',(0.,0.,1.));
#5088=DIRECTION('center_axis',(0.,-1.,0.));
#5089=DIRECTION('ref_axis',(0.707106781186547,0.,-0.707106781186547));
#5090=DIRECTION('',(1.,0.,0.));
#5091=DIRECTION('center_axis',(0.,-1.,0.));
#5092=DIRECTION('ref_axis',(0.,0.,-1.));
#5093=DIRECTION('',(0.,0.,1.));
#5094=DIRECTION('',(0.999999991826235,0.,-0.000127857462092997));
#5095=DIRECTION('',(-0.000236508037964727,0.,-0.999999972031974));
#5096=DIRECTION('',(-1.,0.,5.86730338269561E-17));
#5097=DIRECTION('center_axis',(0.,1.,0.));
#5098=DIRECTION('ref_axis',(0.866025403784438,0.,0.5));
#5099=DIRECTION('',(1.,0.,0.));
#5100=DIRECTION('center_axis',(0.,1.,0.));
#5101=DIRECTION('ref_axis',(-0.866025403784438,0.,0.5));
#5102=DIRECTION('',(0.,0.,1.));
#5103=DIRECTION('center_axis',(-1.,0.,0.));
#5104=DIRECTION('ref_axis',(0.,0.,1.));
#5105=DIRECTION('',(0.,-1.,0.));
#5106=DIRECTION('',(0.,-1.,0.));
#5107=DIRECTION('center_axis',(0.000127857462092997,0.,0.999999991826235));
#5108=DIRECTION('ref_axis',(0.999999991826235,0.,-0.000127857462092997));
#5109=DIRECTION('center_axis',(0.999999972031974,0.,-0.000236508037964727));
#5110=DIRECTION('ref_axis',(-0.000236508037964727,0.,-0.999999972031974));
#5111=DIRECTION('',(0.,-1.,0.));
#5112=DIRECTION('',(0.,-1.,0.));
#5113=DIRECTION('center_axis',(-5.86730338269561E-17,0.,-1.));
#5114=DIRECTION('ref_axis',(-1.,0.,5.86730338269561E-17));
#5115=DIRECTION('',(0.,-1.,0.));
#5116=DIRECTION('center_axis',(0.,-1.,0.));
#5117=DIRECTION('ref_axis',(0.866025403784438,0.,0.5));
#5118=DIRECTION('',(0.,-1.,0.));
#5119=DIRECTION('center_axis',(0.,-1.,0.));
#5120=DIRECTION('ref_axis',(0.866025403784438,0.,0.5));
#5121=DIRECTION('',(0.,-1.,0.));
#5122=DIRECTION('center_axis',(0.,1.,0.));
#5123=DIRECTION('ref_axis',(0.866025403784438,0.,0.5));
#5124=DIRECTION('',(7.40148683083438E-17,1.,0.));
#5125=DIRECTION('center_axis',(0.,0.,1.));
#5126=DIRECTION('ref_axis',(1.,0.,0.));
#5127=DIRECTION('',(0.,1.,0.));
#5128=DIRECTION('center_axis',(0.,0.,1.));
#5129=DIRECTION('ref_axis',(1.,0.,0.));
#5130=DIRECTION('',(0.,1.,0.));
#5131=DIRECTION('',(1.,0.,0.));
#5132=DIRECTION('center_axis',(0.,1.,0.));
#5133=DIRECTION('ref_axis',(-0.866025403784438,0.,0.5));
#5134=DIRECTION('',(-8.07214785271564E-17,-1.,0.));
#5135=DIRECTION('center_axis',(0.,1.,0.));
#5136=DIRECTION('ref_axis',(-0.866025403784438,0.,0.5));
#5137=DIRECTION('',(-8.07214785271564E-17,-1.,0.));
#5138=DIRECTION('center_axis',(0.,1.,0.));
#5139=DIRECTION('ref_axis',(-0.866025403784438,0.,0.5));
#5140=DIRECTION('center_axis',(-1.,0.,0.));
#5141=DIRECTION('ref_axis',(0.,-1.,0.));
#5142=DIRECTION('center_axis',(-1.,0.,0.));
#5143=DIRECTION('ref_axis',(0.,-1.,0.));
#5144=DIRECTION('',(0.,1.,0.));
#5145=DIRECTION('',(0.,0.,1.));
#5146=DIRECTION('center_axis',(0.,-1.,0.));
#5147=DIRECTION('ref_axis',(0.,0.,-1.));
#5148=DIRECTION('',(-1.,0.,5.86730338269561E-17));
#5149=DIRECTION('',(-0.000236508037964727,0.,-0.999999972031974));
#5150=DIRECTION('',(0.999999991826235,0.,-0.000127857462092997));
#5151=DIRECTION('',(0.,0.,1.));
#5152=DIRECTION('center_axis',(0.,-1.,0.));
#5153=DIRECTION('ref_axis',(0.866025403784438,0.,0.5));
#5154=DIRECTION('',(0.,0.,1.));
#5155=DIRECTION('center_axis',(0.,-1.,0.));
#5156=DIRECTION('ref_axis',(0.707106781186547,0.,-0.707106781186547));
#5157=DIRECTION('',(1.,0.,0.));
#5158=DIRECTION('center_axis',(0.,-1.,0.));
#5159=DIRECTION('ref_axis',(-0.707106781186547,0.,-0.707106781186547));
#5160=DIRECTION('',(0.,0.,-1.));
#5161=DIRECTION('center_axis',(0.,-1.,0.));
#5162=DIRECTION('ref_axis',(-0.866025403784438,0.,0.5));
#5163=DIRECTION('',(-1.,0.,0.));
#5164=DIRECTION('center_axis',(0.,-1.,0.));
#5165=DIRECTION('ref_axis',(0.,0.,-1.));
#5166=DIRECTION('',(0.,0.,1.));
#5167=DIRECTION('',(0.999999991826235,0.,-0.000127857462092997));
#5168=DIRECTION('',(-0.000236508037964727,0.,-0.999999972031974));
#5169=DIRECTION('',(-1.,0.,5.86730338269561E-17));
#5170=DIRECTION('center_axis',(0.,1.,0.));
#5171=DIRECTION('ref_axis',(-0.707106781186547,0.,-0.707106781186547));
#5172=DIRECTION('',(-1.,0.,0.));
#5173=DIRECTION('center_axis',(0.,1.,0.));
#5174=DIRECTION('ref_axis',(0.707106781186547,0.,-0.707106781186547));
#5175=DIRECTION('',(0.,0.,-1.));
#5176=DIRECTION('center_axis',(-1.,0.,0.));
#5177=DIRECTION('ref_axis',(0.,0.,1.));
#5178=DIRECTION('',(0.,-1.,0.));
#5179=DIRECTION('',(0.,-1.,0.));
#5180=DIRECTION('center_axis',(0.000127857462092997,0.,0.999999991826235));
#5181=DIRECTION('ref_axis',(0.999999991826235,0.,-0.000127857462092997));
#5182=DIRECTION('center_axis',(0.999999972031974,0.,-0.000236508037964727));
#5183=DIRECTION('ref_axis',(-0.000236508037964727,0.,-0.999999972031974));
#5184=DIRECTION('',(0.,-1.,0.));
#5185=DIRECTION('',(0.,-1.,0.));
#5186=DIRECTION('center_axis',(-5.86730338269561E-17,0.,-1.));
#5187=DIRECTION('ref_axis',(-1.,0.,5.86730338269561E-17));
#5188=DIRECTION('',(0.,-1.,0.));
#5189=DIRECTION('center_axis',(0.,1.,0.));
#5190=DIRECTION('ref_axis',(-0.707106781186547,0.,-0.707106781186547));
#5191=DIRECTION('',(0.,-1.,0.));
#5192=DIRECTION('center_axis',(0.,1.,0.));
#5193=DIRECTION('ref_axis',(-0.707106781186547,0.,-0.707106781186547));
#5194=DIRECTION('',(0.,-1.,0.));
#5195=DIRECTION('center_axis',(0.,1.,0.));
#5196=DIRECTION('ref_axis',(-0.707106781186547,0.,-0.707106781186547));
#5197=DIRECTION('',(0.,1.,0.));
#5198=DIRECTION('center_axis',(0.,0.,-1.));
#5199=DIRECTION('ref_axis',(-1.,0.,0.));
#5200=DIRECTION('',(0.,1.,0.));
#5201=DIRECTION('center_axis',(0.,0.,-1.));
#5202=DIRECTION('ref_axis',(-1.,0.,0.));
#5203=DIRECTION('',(0.,1.,0.));
#5204=DIRECTION('',(-1.,0.,0.));
#5205=DIRECTION('center_axis',(0.,-1.,0.));
#5206=DIRECTION('ref_axis',(0.707106781186547,0.,-0.707106781186547));
#5207=DIRECTION('',(0.,-1.,0.));
#5208=DIRECTION('center_axis',(0.,-1.,0.));
#5209=DIRECTION('ref_axis',(0.707106781186547,0.,-0.707106781186547));
#5210=DIRECTION('',(0.,-1.,0.));
#5211=DIRECTION('center_axis',(0.,1.,0.));
#5212=DIRECTION('ref_axis',(0.707106781186547,0.,-0.707106781186547));
#5213=DIRECTION('center_axis',(1.,0.,0.));
#5214=DIRECTION('ref_axis',(0.,1.,0.));
#5215=DIRECTION('center_axis',(1.,0.,0.));
#5216=DIRECTION('ref_axis',(0.,1.,0.));
#5217=DIRECTION('',(7.40148683083438E-17,1.,0.));
#5218=DIRECTION('',(0.,0.,-1.));
#5219=DIRECTION('center_axis',(0.,-1.,0.));
#5220=DIRECTION('ref_axis',(0.,0.,-1.));
#5221=DIRECTION('',(-1.,0.,5.86730338269561E-17));
#5222=DIRECTION('',(-0.000236508037964727,0.,-0.999999972031974));
#5223=DIRECTION('',(0.999999991826235,0.,-0.000127857462092997));
#5224=DIRECTION('',(0.,0.,1.));
#5225=DIRECTION('center_axis',(0.,-1.,0.));
#5226=DIRECTION('ref_axis',(-0.707106781186547,0.,-0.707106781186547));
#5227=DIRECTION('',(0.,0.,-1.));
#5228=DIRECTION('center_axis',(0.,-1.,0.));
#5229=DIRECTION('ref_axis',(-0.866025403784438,0.,0.5));
#5230=DIRECTION('',(-1.,0.,0.));
#5231=DIRECTION('center_axis',(0.,-1.,0.));
#5232=DIRECTION('ref_axis',(0.866025403784438,0.,0.5));
#5233=DIRECTION('',(0.,0.,1.));
#5234=DIRECTION('center_axis',(0.,-1.,0.));
#5235=DIRECTION('ref_axis',(0.707106781186547,0.,-0.707106781186547));
#5236=DIRECTION('',(1.,0.,0.));
#5237=DIRECTION('center_axis',(0.,-1.,0.));
#5238=DIRECTION('ref_axis',(0.,0.,-1.));
#5239=DIRECTION('',(0.,0.,1.));
#5240=DIRECTION('',(0.999999991826235,0.,-0.000127857462092997));
#5241=DIRECTION('',(-0.000236508037964727,0.,-0.999999972031974));
#5242=DIRECTION('',(-1.,0.,5.86730338269561E-17));
#5243=DIRECTION('center_axis',(0.,1.,0.));
#5244=DIRECTION('ref_axis',(0.866025403784438,0.,0.5));
#5245=DIRECTION('',(1.,0.,0.));
#5246=DIRECTION('center_axis',(0.,1.,0.));
#5247=DIRECTION('ref_axis',(-0.866025403784438,0.,0.5));
#5248=DIRECTION('',(0.,0.,1.));
#5249=DIRECTION('center_axis',(-1.,0.,0.));
#5250=DIRECTION('ref_axis',(0.,0.,1.));
#5251=DIRECTION('',(0.,-1.,0.));
#5252=DIRECTION('',(0.,-1.,0.));
#5253=DIRECTION('center_axis',(0.000127857462092997,0.,0.999999991826235));
#5254=DIRECTION('ref_axis',(0.999999991826235,0.,-0.000127857462092997));
#5255=DIRECTION('center_axis',(0.999999972031974,0.,-0.000236508037964727));
#5256=DIRECTION('ref_axis',(-0.000236508037964727,0.,-0.999999972031974));
#5257=DIRECTION('',(0.,-1.,0.));
#5258=DIRECTION('',(0.,-1.,0.));
#5259=DIRECTION('center_axis',(-5.86730338269561E-17,0.,-1.));
#5260=DIRECTION('ref_axis',(-1.,0.,5.86730338269561E-17));
#5261=DIRECTION('',(0.,-1.,0.));
#5262=DIRECTION('center_axis',(0.,-1.,0.));
#5263=DIRECTION('ref_axis',(0.866025403784438,0.,0.5));
#5264=DIRECTION('',(0.,-1.,0.));
#5265=DIRECTION('center_axis',(0.,-1.,0.));
#5266=DIRECTION('ref_axis',(0.866025403784438,0.,0.5));
#5267=DIRECTION('',(0.,-1.,0.));
#5268=DIRECTION('center_axis',(0.,1.,0.));
#5269=DIRECTION('ref_axis',(0.866025403784438,0.,0.5));
#5270=DIRECTION('',(7.40148683083438E-17,1.,0.));
#5271=DIRECTION('center_axis',(0.,0.,1.));
#5272=DIRECTION('ref_axis',(1.,0.,0.));
#5273=DIRECTION('',(0.,1.,0.));
#5274=DIRECTION('center_axis',(0.,0.,1.));
#5275=DIRECTION('ref_axis',(1.,0.,0.));
#5276=DIRECTION('',(0.,1.,0.));
#5277=DIRECTION('',(1.,0.,0.));
#5278=DIRECTION('center_axis',(0.,1.,0.));
#5279=DIRECTION('ref_axis',(-0.866025403784438,0.,0.5));
#5280=DIRECTION('',(-8.07214785271564E-17,-1.,0.));
#5281=DIRECTION('center_axis',(0.,1.,0.));
#5282=DIRECTION('ref_axis',(-0.866025403784438,0.,0.5));
#5283=DIRECTION('',(-8.07214785271564E-17,-1.,0.));
#5284=DIRECTION('center_axis',(0.,1.,0.));
#5285=DIRECTION('ref_axis',(-0.866025403784438,0.,0.5));
#5286=DIRECTION('center_axis',(-1.,0.,0.));
#5287=DIRECTION('ref_axis',(0.,-1.,0.));
#5288=DIRECTION('center_axis',(-1.,0.,0.));
#5289=DIRECTION('ref_axis',(0.,-1.,0.));
#5290=DIRECTION('',(0.,1.,0.));
#5291=DIRECTION('',(0.,0.,1.));
#5292=DIRECTION('center_axis',(0.,-1.,0.));
#5293=DIRECTION('ref_axis',(0.,0.,-1.));
#5294=DIRECTION('',(-1.,0.,5.86730338269561E-17));
#5295=DIRECTION('',(-0.000236508037964727,0.,-0.999999972031974));
#5296=DIRECTION('',(0.999999991826235,0.,-0.000127857462092997));
#5297=DIRECTION('',(0.,0.,1.));
#5298=DIRECTION('center_axis',(0.,-1.,0.));
#5299=DIRECTION('ref_axis',(0.866025403784438,0.,0.5));
#5300=DIRECTION('',(0.,0.,1.));
#5301=DIRECTION('center_axis',(0.,-1.,0.));
#5302=DIRECTION('ref_axis',(0.707106781186547,0.,-0.707106781186547));
#5303=DIRECTION('',(1.,0.,0.));
#5304=DIRECTION('center_axis',(0.,-1.,0.));
#5305=DIRECTION('ref_axis',(-0.707106781186547,0.,-0.707106781186547));
#5306=DIRECTION('',(0.,0.,-1.));
#5307=DIRECTION('center_axis',(0.,-1.,0.));
#5308=DIRECTION('ref_axis',(-0.866025403784438,0.,0.5));
#5309=DIRECTION('',(-1.,0.,0.));
#5310=DIRECTION('center_axis',(0.,-1.,0.));
#5311=DIRECTION('ref_axis',(0.,0.,-1.));
#5312=DIRECTION('',(0.,0.,1.));
#5313=DIRECTION('',(0.999999991826235,0.,-0.000127857462092997));
#5314=DIRECTION('',(-0.000236508037964727,0.,-0.999999972031974));
#5315=DIRECTION('',(-1.,0.,5.86730338269561E-17));
#5316=DIRECTION('center_axis',(0.,1.,0.));
#5317=DIRECTION('ref_axis',(-0.707106781186547,0.,-0.707106781186547));
#5318=DIRECTION('',(-1.,0.,0.));
#5319=DIRECTION('center_axis',(0.,1.,0.));
#5320=DIRECTION('ref_axis',(0.707106781186547,0.,-0.707106781186547));
#5321=DIRECTION('',(0.,0.,-1.));
#5322=DIRECTION('center_axis',(-1.,0.,0.));
#5323=DIRECTION('ref_axis',(0.,0.,1.));
#5324=DIRECTION('',(0.,-1.,0.));
#5325=DIRECTION('',(0.,-1.,0.));
#5326=DIRECTION('center_axis',(0.000127857462092997,0.,0.999999991826235));
#5327=DIRECTION('ref_axis',(0.999999991826235,0.,-0.000127857462092997));
#5328=DIRECTION('center_axis',(0.999999972031974,0.,-0.000236508037964727));
#5329=DIRECTION('ref_axis',(-0.000236508037964727,0.,-0.999999972031974));
#5330=DIRECTION('',(0.,-1.,0.));
#5331=DIRECTION('',(0.,-1.,0.));
#5332=DIRECTION('center_axis',(-5.86730338269561E-17,0.,-1.));
#5333=DIRECTION('ref_axis',(-1.,0.,5.86730338269561E-17));
#5334=DIRECTION('',(0.,-1.,0.));
#5335=DIRECTION('center_axis',(0.,1.,0.));
#5336=DIRECTION('ref_axis',(-0.707106781186547,0.,-0.707106781186547));
#5337=DIRECTION('',(0.,-1.,0.));
#5338=DIRECTION('center_axis',(0.,1.,0.));
#5339=DIRECTION('ref_axis',(-0.707106781186547,0.,-0.707106781186547));
#5340=DIRECTION('',(0.,-1.,0.));
#5341=DIRECTION('center_axis',(0.,1.,0.));
#5342=DIRECTION('ref_axis',(-0.707106781186547,0.,-0.707106781186547));
#5343=DIRECTION('',(0.,1.,0.));
#5344=DIRECTION('center_axis',(0.,0.,-1.));
#5345=DIRECTION('ref_axis',(-1.,0.,0.));
#5346=DIRECTION('',(0.,1.,0.));
#5347=DIRECTION('center_axis',(0.,0.,-1.));
#5348=DIRECTION('ref_axis',(-1.,0.,0.));
#5349=DIRECTION('',(0.,1.,0.));
#5350=DIRECTION('',(-1.,0.,0.));
#5351=DIRECTION('center_axis',(0.,-1.,0.));
#5352=DIRECTION('ref_axis',(0.707106781186547,0.,-0.707106781186547));
#5353=DIRECTION('',(0.,-1.,0.));
#5354=DIRECTION('center_axis',(0.,-1.,0.));
#5355=DIRECTION('ref_axis',(0.707106781186547,0.,-0.707106781186547));
#5356=DIRECTION('',(0.,-1.,0.));
#5357=DIRECTION('center_axis',(0.,1.,0.));
#5358=DIRECTION('ref_axis',(0.707106781186547,0.,-0.707106781186547));
#5359=DIRECTION('center_axis',(1.,0.,0.));
#5360=DIRECTION('ref_axis',(0.,1.,0.));
#5361=DIRECTION('center_axis',(1.,0.,0.));
#5362=DIRECTION('ref_axis',(0.,1.,0.));
#5363=DIRECTION('',(7.40148683083438E-17,1.,0.));
#5364=DIRECTION('',(0.,0.,-1.));
#5365=DIRECTION('center_axis',(0.,-1.,0.));
#5366=DIRECTION('ref_axis',(0.,0.,-1.));
#5367=DIRECTION('',(-1.,0.,5.86730338269561E-17));
#5368=DIRECTION('',(-0.000236508037964727,0.,-0.999999972031974));
#5369=DIRECTION('',(0.999999991826235,0.,-0.000127857462092997));
#5370=DIRECTION('',(0.,0.,1.));
#5371=DIRECTION('center_axis',(0.,-1.,0.));
#5372=DIRECTION('ref_axis',(-0.707106781186547,0.,-0.707106781186547));
#5373=DIRECTION('',(0.,0.,-1.));
#5374=DIRECTION('center_axis',(0.,-1.,0.));
#5375=DIRECTION('ref_axis',(-0.866025403784438,0.,0.5));
#5376=DIRECTION('',(-1.,0.,0.));
#5377=DIRECTION('center_axis',(0.,-1.,0.));
#5378=DIRECTION('ref_axis',(0.866025403784438,0.,0.5));
#5379=DIRECTION('',(0.,0.,1.));
#5380=DIRECTION('center_axis',(0.,-1.,0.));
#5381=DIRECTION('ref_axis',(0.707106781186547,0.,-0.707106781186547));
#5382=DIRECTION('',(1.,0.,0.));
#5383=DIRECTION('center_axis',(0.,-1.,0.));
#5384=DIRECTION('ref_axis',(0.,0.,-1.));
#5385=DIRECTION('',(0.,0.,1.));
#5386=DIRECTION('',(0.999999991826235,0.,-0.000127857462092997));
#5387=DIRECTION('',(-0.000236508037964727,0.,-0.999999972031974));
#5388=DIRECTION('',(-1.,0.,5.86730338269561E-17));
#5389=DIRECTION('center_axis',(0.,1.,0.));
#5390=DIRECTION('ref_axis',(0.866025403784438,0.,0.5));
#5391=DIRECTION('',(1.,0.,0.));
#5392=DIRECTION('center_axis',(0.,1.,0.));
#5393=DIRECTION('ref_axis',(-0.866025403784438,0.,0.5));
#5394=DIRECTION('',(0.,0.,1.));
#5395=DIRECTION('center_axis',(-1.,0.,0.));
#5396=DIRECTION('ref_axis',(0.,0.,1.));
#5397=DIRECTION('',(0.,-1.,0.));
#5398=DIRECTION('',(0.,-1.,0.));
#5399=DIRECTION('center_axis',(0.000127857462092997,0.,0.999999991826235));
#5400=DIRECTION('ref_axis',(0.999999991826235,0.,-0.000127857462092997));
#5401=DIRECTION('center_axis',(0.999999972031974,0.,-0.000236508037964727));
#5402=DIRECTION('ref_axis',(-0.000236508037964727,0.,-0.999999972031974));
#5403=DIRECTION('',(0.,-1.,0.));
#5404=DIRECTION('',(0.,-1.,0.));
#5405=DIRECTION('center_axis',(-5.86730338269561E-17,0.,-1.));
#5406=DIRECTION('ref_axis',(-1.,0.,5.86730338269561E-17));
#5407=DIRECTION('',(0.,-1.,0.));
#5408=DIRECTION('center_axis',(0.,-1.,0.));
#5409=DIRECTION('ref_axis',(0.866025403784438,0.,0.5));
#5410=DIRECTION('',(0.,-1.,0.));
#5411=DIRECTION('center_axis',(0.,-1.,0.));
#5412=DIRECTION('ref_axis',(0.866025403784438,0.,0.5));
#5413=DIRECTION('',(0.,-1.,0.));
#5414=DIRECTION('center_axis',(0.,1.,0.));
#5415=DIRECTION('ref_axis',(0.866025403784438,0.,0.5));
#5416=DIRECTION('',(7.40148683083438E-17,1.,0.));
#5417=DIRECTION('center_axis',(0.,0.,1.));
#5418=DIRECTION('ref_axis',(1.,0.,0.));
#5419=DIRECTION('',(0.,1.,0.));
#5420=DIRECTION('center_axis',(0.,0.,1.));
#5421=DIRECTION('ref_axis',(1.,0.,0.));
#5422=DIRECTION('',(0.,1.,0.));
#5423=DIRECTION('',(1.,0.,0.));
#5424=DIRECTION('center_axis',(0.,1.,0.));
#5425=DIRECTION('ref_axis',(-0.866025403784438,0.,0.5));
#5426=DIRECTION('',(-8.07214785271564E-17,-1.,0.));
#5427=DIRECTION('center_axis',(0.,1.,0.));
#5428=DIRECTION('ref_axis',(-0.866025403784438,0.,0.5));
#5429=DIRECTION('',(-8.07214785271564E-17,-1.,0.));
#5430=DIRECTION('center_axis',(0.,1.,0.));
#5431=DIRECTION('ref_axis',(-0.866025403784438,0.,0.5));
#5432=DIRECTION('center_axis',(-1.,0.,0.));
#5433=DIRECTION('ref_axis',(0.,-1.,0.));
#5434=DIRECTION('center_axis',(-1.,0.,0.));
#5435=DIRECTION('ref_axis',(0.,-1.,0.));
#5436=DIRECTION('',(0.,1.,0.));
#5437=DIRECTION('',(0.,0.,1.));
#5438=DIRECTION('center_axis',(0.,-1.,0.));
#5439=DIRECTION('ref_axis',(0.,0.,-1.));
#5440=DIRECTION('',(-1.,0.,5.86730338269561E-17));
#5441=DIRECTION('',(-0.000236508037964727,0.,-0.999999972031974));
#5442=DIRECTION('',(0.999999991826235,0.,-0.000127857462092997));
#5443=DIRECTION('',(0.,0.,1.));
#5444=DIRECTION('',(0.,0.,1.));
#5445=DIRECTION('center_axis',(0.,-1.,0.));
#5446=DIRECTION('ref_axis',(0.,0.,-1.));
#5447=DIRECTION('',(0.,0.,1.));
#5448=DIRECTION('',(0.999999991826235,0.,-0.000127857462092997));
#5449=DIRECTION('',(-0.000236508037964727,0.,-0.999999972031974));
#5450=DIRECTION('',(-1.,0.,5.86730338269561E-17));
#5451=DIRECTION('center_axis',(0.,1.,0.));
#5452=DIRECTION('ref_axis',(-0.707106781186547,0.,-0.707106781186547));
#5453=DIRECTION('',(-1.,0.,0.));
#5454=DIRECTION('center_axis',(0.,1.,0.));
#5455=DIRECTION('ref_axis',(0.707106781186547,0.,-0.707106781186547));
#5456=DIRECTION('',(0.,0.,-1.));
#5457=DIRECTION('center_axis',(-1.,0.,0.));
#5458=DIRECTION('ref_axis',(0.,0.,1.));
#5459=DIRECTION('',(0.,-1.,0.));
#5460=DIRECTION('',(0.,-1.,0.));
#5461=DIRECTION('center_axis',(0.000127857462092997,0.,0.999999991826235));
#5462=DIRECTION('ref_axis',(0.999999991826235,0.,-0.000127857462092997));
#5463=DIRECTION('center_axis',(0.999999972031974,0.,-0.000236508037964727));
#5464=DIRECTION('ref_axis',(-0.000236508037964727,0.,-0.999999972031974));
#5465=DIRECTION('',(0.,-1.,0.));
#5466=DIRECTION('',(0.,-1.,0.));
#5467=DIRECTION('center_axis',(-5.86730338269561E-17,0.,-1.));
#5468=DIRECTION('ref_axis',(-1.,0.,5.86730338269561E-17));
#5469=DIRECTION('',(0.,-1.,0.));
#5470=DIRECTION('center_axis',(0.,1.,0.));
#5471=DIRECTION('ref_axis',(-0.707106781186547,0.,-0.707106781186547));
#5472=DIRECTION('',(0.,-1.,0.));
#5473=DIRECTION('center_axis',(0.,0.,-1.));
#5474=DIRECTION('ref_axis',(-1.,0.,0.));
#5475=DIRECTION('',(0.,1.,0.));
#5476=DIRECTION('center_axis',(0.,-1.,0.));
#5477=DIRECTION('ref_axis',(0.707106781186547,0.,-0.707106781186547));
#5478=DIRECTION('',(0.,-1.,0.));
#5479=DIRECTION('center_axis',(1.,0.,0.));
#5480=DIRECTION('ref_axis',(0.,1.,0.));
#5481=DIRECTION('center_axis',(1.,0.,0.));
#5482=DIRECTION('ref_axis',(0.,1.,0.));
#5483=DIRECTION('center_axis',(0.,0.,1.));
#5484=DIRECTION('ref_axis',(-1.,0.,0.));
#5485=DIRECTION('',(0.,1.,0.));
#5486=DIRECTION('',(1.,0.,0.));
#5487=DIRECTION('',(0.,-1.,0.));
#5488=DIRECTION('',(0.,-1.,0.));
#5489=DIRECTION('',(0.,1.,0.));
#5490=DIRECTION('center_axis',(0.,1.,0.));
#5491=DIRECTION('ref_axis',(-0.866025403784438,0.,0.5));
#5492=DIRECTION('',(0.,1.,0.));
#5493=DIRECTION('center_axis',(0.,-1.,0.));
#5494=DIRECTION('ref_axis',(0.,0.,-1.));
#5495=DIRECTION('center_axis',(1.,0.,-1.77635683940025E-15));
#5496=DIRECTION('ref_axis',(0.,1.,0.));
#5497=DIRECTION('center_axis',(0.,-1.,0.));
#5498=DIRECTION('ref_axis',(-0.5,0.,0.866025403784439));
#5499=DIRECTION('center_axis',(-1.,0.,0.));
#5500=DIRECTION('ref_axis',(0.,0.707106781186547,0.707106781186547));
#5501=DIRECTION('center_axis',(1.,0.,0.));
#5502=DIRECTION('ref_axis',(0.,1.,0.));
#5503=DIRECTION('',(-1.,0.,0.));
#5504=DIRECTION('center_axis',(0.,-1.,0.));
#5505=DIRECTION('ref_axis',(0.,0.,-1.));
#5506=DIRECTION('center_axis',(0.,-1.,0.));
#5507=DIRECTION('ref_axis',(0.5,0.,0.866025403784439));
#5508=DIRECTION('center_axis',(0.,-1.,0.));
#5509=DIRECTION('ref_axis',(0.866025403784438,0.,0.5));
#5510=DIRECTION('',(0.,-1.,0.));
#5511=DIRECTION('center_axis',(0.,0.,1.));
#5512=DIRECTION('ref_axis',(1.,0.,0.));
#5513=DIRECTION('center_axis',(0.,0.,1.));
#5514=DIRECTION('ref_axis',(1.,0.,0.));
#5515=DIRECTION('center_axis',(0.,0.,-1.));
#5516=DIRECTION('ref_axis',(0.707106781186547,0.707106781186547,0.));
#5517=DIRECTION('',(-1.,0.,0.));
#5518=DIRECTION('center_axis',(0.,0.,1.));
#5519=DIRECTION('ref_axis',(1.,0.,0.));
#5520=DIRECTION('',(-1.,0.,0.));
#5521=DIRECTION('center_axis',(0.,0.,-1.));
#5522=DIRECTION('ref_axis',(-0.707106781186547,0.707106781186547,0.));
#5523=DIRECTION('center_axis',(0.,-1.,0.));
#5524=DIRECTION('ref_axis',(1.,0.,6.07153216591882E-18));
#5525=DIRECTION('',(0.,0.,1.));
#5526=DIRECTION('',(0.,0.,1.));
#5527=DIRECTION('',(1.,0.,6.07153216591882E-18));
#5528=DIRECTION('',(2.30814299982927E-33,0.,1.));
#5529=DIRECTION('',(1.,0.,1.75436267541484E-32));
#5530=DIRECTION('',(-2.30814299982927E-33,0.,-1.));
#5531=DIRECTION('',(-1.,0.,-1.75436267541484E-32));
#5532=DIRECTION('center_axis',(1.,0.,0.));
#5533=DIRECTION('ref_axis',(0.,1.,0.));
#5534=DIRECTION('',(0.,1.,0.));
#5535=DIRECTION('center_axis',(-1.,0.,0.));
#5536=DIRECTION('ref_axis',(0.,-1.,0.));
#5537=DIRECTION('',(0.,-1.,0.));
#5538=DIRECTION('center_axis',(1.75436267541484E-32,1.43254583822601E-16,
-1.));
#5539=DIRECTION('ref_axis',(-1.,1.224646799147E-16,-3.5591076456458E-47));
#5540=DIRECTION('',(1.,0.,1.75436267541484E-32));
#5541=DIRECTION('',(1.43254583822601E-16,1.,1.43254583822601E-16));
#5542=DIRECTION('',(1.43254583822601E-16,1.,1.43254583822601E-16));
#5543=DIRECTION('center_axis',(-1.,1.43254583822601E-16,2.30814299982927E-33));
#5544=DIRECTION('ref_axis',(-1.35963107344631E-32,-1.110223024625E-16,1.));
#5545=DIRECTION('',(-2.30814299982927E-33,0.,-1.));
#5546=DIRECTION('',(1.43254583822601E-16,1.,1.43254583822601E-16));
#5547=DIRECTION('center_axis',(-1.75436267541484E-32,-1.43254583822601E-16,
1.));
#5548=DIRECTION('ref_axis',(1.,-1.224646799147E-16,3.55798438207423E-47));
#5549=DIRECTION('',(-1.,0.,-1.75436267541484E-32));
#5550=DIRECTION('',(1.43254583822601E-16,1.,1.43254583822601E-16));
#5551=DIRECTION('center_axis',(1.,-1.43254583822601E-16,-2.30814299982927E-33));
#5552=DIRECTION('ref_axis',(1.35963107344631E-32,1.110223024625E-16,-1.));
#5553=DIRECTION('',(2.30814299982927E-33,0.,1.));
#5554=DIRECTION('center_axis',(0.,0.,1.));
#5555=DIRECTION('ref_axis',(-0.707106781186547,0.707106781186547,0.));
#5556=DIRECTION('',(0.,0.,-1.));
#5557=DIRECTION('center_axis',(0.,0.,-1.));
#5558=DIRECTION('ref_axis',(-1.,0.,0.));
#5559=DIRECTION('center_axis',(0.,1.,0.));
#5560=DIRECTION('ref_axis',(-1.,0.,-6.07153216591882E-18));
#5561=DIRECTION('',(0.,0.,1.));
#5562=DIRECTION('center_axis',(0.,-1.,0.));
#5563=DIRECTION('ref_axis',(0.707106781186547,0.,-0.707106781186548));
#5564=DIRECTION('',(1.,0.,0.));
#5565=DIRECTION('center_axis',(0.,-1.,0.));
#5566=DIRECTION('ref_axis',(-0.707106781186547,0.,-0.707106781186548));
#5567=DIRECTION('center_axis',(0.,0.,-1.));
#5568=DIRECTION('ref_axis',(0.707106781186547,0.707106781186547,0.));
#5569=DIRECTION('center_axis',(0.,0.,1.));
#5570=DIRECTION('ref_axis',(1.,0.,0.));
#5571=DIRECTION('center_axis',(0.,0.,-1.));
#5572=DIRECTION('ref_axis',(1.,0.,0.));
#5573=DIRECTION('center_axis',(0.,-1.,0.));
#5574=DIRECTION('ref_axis',(0.,0.,-1.));
#5575=DIRECTION('center_axis',(1.,0.,0.));
#5576=DIRECTION('ref_axis',(0.,0.,-1.));
#5577=DIRECTION('center_axis',(1.,0.,0.));
#5578=DIRECTION('ref_axis',(0.,0.707106781186547,-0.707106781186547));
#5579=DIRECTION('center_axis',(1.,0.,0.));
#5580=DIRECTION('ref_axis',(0.,0.,-1.));
#5581=DIRECTION('center_axis',(0.,-1.,0.));
#5582=DIRECTION('ref_axis',(0.,0.,-1.));
#5583=CARTESIAN_POINT('',(0.,0.,0.));
#5584=CARTESIAN_POINT('Origin',(48.0000007152557,-45.77,10.0000001490116));
#5585=CARTESIAN_POINT('',(46.4000007152557,-45.77,10.0000001490116));
#5586=CARTESIAN_POINT('Origin',(48.0000007152557,-45.77,10.0000001490116));
#5587=CARTESIAN_POINT('',(46.4000007152557,-41.77,10.0000001490116));
#5588=CARTESIAN_POINT('',(46.4000007152557,-45.77,10.0000001490116));
#5589=CARTESIAN_POINT('Origin',(48.0000007152557,-41.77,10.0000001490116));
#5590=CARTESIAN_POINT('Origin',(48.0000007152557,-41.77,10.0000001490116));
#5591=CARTESIAN_POINT('Origin',(0.,-45.77,-28.0000004172325));
#5592=CARTESIAN_POINT('',(-1.6,-45.77,-28.0000004172325));
#5593=CARTESIAN_POINT('Origin',(0.,-45.77,-28.0000004172325));
#5594=CARTESIAN_POINT('',(-1.6,-41.77,-28.0000004172325));
#5595=CARTESIAN_POINT('',(-1.6,-45.77,-28.0000004172325));
#5596=CARTESIAN_POINT('Origin',(0.,-41.77,-28.0000004172325));
#5597=CARTESIAN_POINT('Origin',(0.,-41.77,-28.0000004172325));
#5598=CARTESIAN_POINT('Origin',(-45.0000006705523,-45.77,10.0000001490116));
#5599=CARTESIAN_POINT('',(-46.6000006705522,-45.77,10.0000001490116));
#5600=CARTESIAN_POINT('Origin',(-45.0000006705523,-45.77,10.0000001490116));
#5601=CARTESIAN_POINT('',(-46.6000006705522,-41.77,10.0000001490116));
#5602=CARTESIAN_POINT('',(-46.6000006705522,-45.77,10.0000001490116));
#5603=CARTESIAN_POINT('Origin',(-45.0000006705523,-41.77,10.0000001490116));
#5604=CARTESIAN_POINT('Origin',(-45.0000006705523,-41.77,10.0000001490116));
#5605=CARTESIAN_POINT('Origin',(1.45732413165733,-47.77,-5.27852471741136));
#5606=CARTESIAN_POINT('',(-49.3890084405592,-47.77,-23.7290018352806));
#5607=CARTESIAN_POINT('',(-38.4197419261159,-47.77,-35.2555758822852));
#5608=CARTESIAN_POINT('Ctrl Pts',(-38.4197419261159,-47.77,-35.2555758822852));
#5609=CARTESIAN_POINT('Ctrl Pts',(-40.0682982772615,-47.77,-35.2555758822852));
#5610=CARTESIAN_POINT('Ctrl Pts',(-43.3573007972596,-47.77,-34.457446683764));
#5611=CARTESIAN_POINT('Ctrl Pts',(-47.9653040218084,-47.77,-30.5832932936647));
#5612=CARTESIAN_POINT('Ctrl Pts',(-49.3867722932671,-47.77,-26.3043246131167));
#5613=CARTESIAN_POINT('Ctrl Pts',(-49.389008851528,-47.77,-23.7290018356375));
#5614=CARTESIAN_POINT('',(41.3343819822362,-47.77,-35.2555758822852));
#5615=CARTESIAN_POINT('',(-18.4812088972293,-47.77,-35.2555758822852));
#5616=CARTESIAN_POINT('',(52.2936857393235,-47.77,-23.7292392265288));
#5617=CARTESIAN_POINT('Ctrl Pts',(52.2936857647786,-47.77,-23.7292392265093));
#5618=CARTESIAN_POINT('Ctrl Pts',(52.293632354133,-47.77,-26.3036246789434));
#5619=CARTESIAN_POINT('Ctrl Pts',(50.8754277720383,-47.77,-30.5823577884844));
#5620=CARTESIAN_POINT('Ctrl Pts',(46.270327162118,-47.77,-34.4572099698874));
#5621=CARTESIAN_POINT('Ctrl Pts',(42.9824104824807,-47.77,-35.2555758822852));
#5622=CARTESIAN_POINT('Ctrl Pts',(41.3343819822362,-47.77,-35.2555758822852));
#5623=CARTESIAN_POINT('',(52.3037150687923,-47.77,18.6766310968794));
#5624=CARTESIAN_POINT('',(52.2958661886136,-47.77,-14.5098940919026));
#5625=CARTESIAN_POINT('',(42.6669610544643,-47.77,24.6879880359764));
#5626=CARTESIAN_POINT('Ctrl Pts',(42.6669610544641,-47.77,24.6879880359764));
#5627=CARTESIAN_POINT('Ctrl Pts',(44.3541574745654,-47.77,24.6990783462895));
#5628=CARTESIAN_POINT('Ctrl Pts',(48.2978531129377,-47.77,23.7432958124643));
#5629=CARTESIAN_POINT('Ctrl Pts',(51.2460436483049,-47.77,20.7433585728863));
#5630=CARTESIAN_POINT('Ctrl Pts',(52.3037150687924,-47.77,18.676631096879));
#5631=CARTESIAN_POINT('',(-39.7554957815892,-47.77,24.6985263622131));
#5632=CARTESIAN_POINT('',(22.0657765135204,-47.77,24.6906220511695));
#5633=CARTESIAN_POINT('',(-49.3890084405591,-47.77,18.6791625948205));
#5634=CARTESIAN_POINT('Ctrl Pts',(-49.3890084405592,-47.77,18.6791625948201));
#5635=CARTESIAN_POINT('Ctrl Pts',(-48.5894916356837,-47.77,20.2240516981004));
#5636=CARTESIAN_POINT('Ctrl Pts',(-45.9242172275649,-47.77,23.3838096231751));
#5637=CARTESIAN_POINT('Ctrl Pts',(-42.0030265513163,-47.77,24.6988137257956));
#5638=CARTESIAN_POINT('Ctrl Pts',(-39.7554957815892,-47.77,24.6985263622131));
#5639=CARTESIAN_POINT('',(-49.3890084405592,-47.77,6.57572345136629));
#5640=CARTESIAN_POINT('',(-39.8797459621557,-47.77,22.51));
#5641=CARTESIAN_POINT('',(-48.5399975557812,-47.77,17.5100000242237));
#5642=CARTESIAN_POINT('Origin',(-39.8797459621557,-47.77,12.51));
#5643=CARTESIAN_POINT('',(42.7997484063745,-47.77,22.51));
#5644=CARTESIAN_POINT('',(1.45866267688335,-47.77,22.51));
#5645=CARTESIAN_POINT('',(51.4600024442188,-47.77,17.5100000242237));
#5646=CARTESIAN_POINT('Origin',(42.7997484063745,-47.77,12.51));
#5647=CARTESIAN_POINT('',(51.4599999999999,-47.77,-22.49));
#5648=CARTESIAN_POINT('',(51.4599999999999,-47.77,6.11573765340617));
#5649=CARTESIAN_POINT('',(41.4599999999999,-47.77,-32.49));
#5650=CARTESIAN_POINT('Origin',(41.4599999999999,-47.77,-22.49));
#5651=CARTESIAN_POINT('',(-38.5400000000001,-47.77,-32.49));
#5652=CARTESIAN_POINT('',(21.4586620658286,-47.77,-32.49));
#5653=CARTESIAN_POINT('',(-48.5400000000001,-47.77,-22.49));
#5654=CARTESIAN_POINT('Origin',(-38.5400000000001,-47.77,-22.49));
#5655=CARTESIAN_POINT('',(-48.5400000000001,-47.77,-13.8842623587057));
#5656=CARTESIAN_POINT('Origin',(1.45732413165733,-42.5014455,-5.27852471741136));
#5657=CARTESIAN_POINT('',(-49.3890084405592,-42.5014455,-23.7290018352806));
#5658=CARTESIAN_POINT('',(-38.4197419261159,-42.5014455,-35.2555758822852));
#5659=CARTESIAN_POINT('Ctrl Pts',(-38.4197419261159,-42.5014455,-35.2555758822852));
#5660=CARTESIAN_POINT('Ctrl Pts',(-40.0682982772615,-42.5014455,-35.2555758822852));
#5661=CARTESIAN_POINT('Ctrl Pts',(-43.3573007972596,-42.5014455,-34.457446683764));
#5662=CARTESIAN_POINT('Ctrl Pts',(-47.9653040218084,-42.5014455,-30.5832932936647));
#5663=CARTESIAN_POINT('Ctrl Pts',(-49.3867722932671,-42.5014455,-26.3043246131167));
#5664=CARTESIAN_POINT('Ctrl Pts',(-49.389008851528,-42.5014455,-23.7290018356375));
#5665=CARTESIAN_POINT('',(-49.3890084405591,-42.5014455,18.6791625948205));
#5666=CARTESIAN_POINT('',(-49.3890084405592,-42.5014455,6.57572345136629));
#5667=CARTESIAN_POINT('',(-39.7554957815892,-42.5014455,24.6985263622131));
#5668=CARTESIAN_POINT('Ctrl Pts',(-49.3890084405592,-42.5014455,18.6791625948201));
#5669=CARTESIAN_POINT('Ctrl Pts',(-48.5894916356837,-42.5014455,20.2240516981004));
#5670=CARTESIAN_POINT('Ctrl Pts',(-45.9242172275649,-42.5014455,23.3838096231751));
#5671=CARTESIAN_POINT('Ctrl Pts',(-42.0030265513163,-42.5014455,24.6988137257956));
#5672=CARTESIAN_POINT('Ctrl Pts',(-39.7554957815892,-42.5014455,24.6985263622131));
#5673=CARTESIAN_POINT('',(42.6669610544643,-42.5014455,24.6879880359764));
#5674=CARTESIAN_POINT('',(22.0657765135204,-42.5014455,24.6906220511695));
#5675=CARTESIAN_POINT('',(52.3037150687923,-42.5014455,18.6766310968794));
#5676=CARTESIAN_POINT('Ctrl Pts',(42.6669610544641,-42.5014455,24.6879880359764));
#5677=CARTESIAN_POINT('Ctrl Pts',(44.3541574745654,-42.5014455,24.6990783462895));
#5678=CARTESIAN_POINT('Ctrl Pts',(48.2978531129377,-42.5014455,23.7432958124643));
#5679=CARTESIAN_POINT('Ctrl Pts',(51.2460436483049,-42.5014455,20.7433585728863));
#5680=CARTESIAN_POINT('Ctrl Pts',(52.3037150687924,-42.5014455,18.676631096879));
#5681=CARTESIAN_POINT('',(52.2936857393235,-42.5014455,-23.7292392265288));
#5682=CARTESIAN_POINT('',(52.2958661886136,-42.5014455,-14.5098940919026));
#5683=CARTESIAN_POINT('',(41.3343819822362,-42.5014455,-35.2555758822852));
#5684=CARTESIAN_POINT('Ctrl Pts',(52.2936857647786,-42.5014455,-23.7292392265093));
#5685=CARTESIAN_POINT('Ctrl Pts',(52.293632354133,-42.5014455,-26.3036246789434));
#5686=CARTESIAN_POINT('Ctrl Pts',(50.8754277720383,-42.5014455,-30.5823577884844));
#5687=CARTESIAN_POINT('Ctrl Pts',(46.270327162118,-42.5014455,-34.4572099698874));
#5688=CARTESIAN_POINT('Ctrl Pts',(42.9824104824807,-42.5014455,-35.2555758822852));
#5689=CARTESIAN_POINT('Ctrl Pts',(41.3343819822362,-42.5014455,-35.2555758822852));
#5690=CARTESIAN_POINT('',(-18.4812088972293,-42.5014455,-35.2555758822852));
#5691=CARTESIAN_POINT('',(-48.5400000000001,-42.5014455,17.51));
#5692=CARTESIAN_POINT('',(-39.8797459621557,-42.5014455,22.51));
#5693=CARTESIAN_POINT('Origin',(-39.8797459621557,-42.5014455,12.51));
#5694=CARTESIAN_POINT('',(-48.5400000000001,-42.5014455,-22.49));
#5695=CARTESIAN_POINT('',(-48.5400000000001,-42.5014455,-13.8842623587057));
#5696=CARTESIAN_POINT('',(-38.5400000000001,-42.5014455,-32.49));
#5697=CARTESIAN_POINT('Origin',(-38.5400000000001,-42.5014455,-22.49));
#5698=CARTESIAN_POINT('',(41.4599999999999,-42.5014455,-32.49));
#5699=CARTESIAN_POINT('',(1.4586620658286,-42.5014455,-32.49));
#5700=CARTESIAN_POINT('',(51.4599999999999,-42.5014455,-22.49));
#5701=CARTESIAN_POINT('Origin',(41.4599999999999,-42.5014455,-22.49));
#5702=CARTESIAN_POINT('',(51.4599999999999,-42.5014455,17.51));
#5703=CARTESIAN_POINT('',(51.4599999999999,-42.5014455,-13.8842623587057));
#5704=CARTESIAN_POINT('',(42.7997484063745,-42.5014455,22.51));
#5705=CARTESIAN_POINT('Origin',(42.7997484063745,-42.5014455,12.51));
#5706=CARTESIAN_POINT('',(1.45866267688335,-42.5014455,22.51));
#5707=CARTESIAN_POINT('Origin',(41.4599999999999,-47.77,-32.49));
#5708=CARTESIAN_POINT('',(41.4599999999999,-45.77,-32.49));
#5709=CARTESIAN_POINT('',(41.4599999999999,-47.77,-32.49));
#5710=CARTESIAN_POINT('',(-38.5400000000001,-45.77,-32.49));
#5711=CARTESIAN_POINT('',(1.46000061105461,-45.77,-32.49));
#5712=CARTESIAN_POINT('',(-38.5400000000001,-47.77,-32.49));
#5713=CARTESIAN_POINT('Origin',(41.4599999999999,-47.77,-22.49));
#5714=CARTESIAN_POINT('',(51.4599999999999,-45.77,-22.49));
#5715=CARTESIAN_POINT('',(51.4599999999999,-47.77,-22.49));
#5716=CARTESIAN_POINT('Origin',(41.4599999999999,-45.77,-22.49));
#5717=CARTESIAN_POINT('Origin',(51.4599999999999,-47.77,17.5100000242237));
#5718=CARTESIAN_POINT('',(51.4600024442189,-45.77,17.5100000242237));
#5719=CARTESIAN_POINT('',(51.4600024442188,62.73,17.51));
#5720=CARTESIAN_POINT('',(51.4599999999999,-45.77,-13.74));
#5721=CARTESIAN_POINT('Origin',(-48.5400000000001,-47.77,-22.49));
#5722=CARTESIAN_POINT('',(-48.5400000000001,-45.77,-22.49));
#5723=CARTESIAN_POINT('',(-48.5400000000001,-47.77,-22.49));
#5724=CARTESIAN_POINT('',(-48.5399975557812,-45.77,17.5100000242237));
#5725=CARTESIAN_POINT('',(-48.5400000000001,-45.77,-13.74));
#5726=CARTESIAN_POINT('',(-48.5400000000001,-57.270002720179,17.51));
#5727=CARTESIAN_POINT('Origin',(-38.5400000000001,-47.77,-22.49));
#5728=CARTESIAN_POINT('Origin',(-38.5400000000001,-45.77,-22.49));
#5729=CARTESIAN_POINT('Origin',(-49.3890084405592,-42.5014455,18.4299716201439));
#5730=CARTESIAN_POINT('',(-49.3890084405592,-42.5014455,-23.7290018352806));
#5731=CARTESIAN_POINT('Ctrl Pts',(-49.3890084405592,-42.5014455,18.6791625948201));
#5732=CARTESIAN_POINT('Ctrl Pts',(-49.3890084405592,-43.3795379166667,18.6791625948201));
#5733=CARTESIAN_POINT('Ctrl Pts',(-49.3890084405592,-44.2576303333334,18.6791625948201));
#5734=CARTESIAN_POINT('Ctrl Pts',(-49.3890084405592,-46.0138151666667,18.6791625948201));
#5735=CARTESIAN_POINT('Ctrl Pts',(-49.3890084405592,-46.8919075833334,18.6791625948201));
#5736=CARTESIAN_POINT('Ctrl Pts',(-49.3890084405592,-47.77,18.6791625948201));
#5737=CARTESIAN_POINT('Ctrl Pts',(-49.3890084405592,-47.77,18.6791625948201));
#5738=CARTESIAN_POINT('Ctrl Pts',(-48.5894916356837,-47.77,20.2240516981004));
#5739=CARTESIAN_POINT('Ctrl Pts',(-45.9242172275649,-47.77,23.3838096231751));
#5740=CARTESIAN_POINT('Ctrl Pts',(-42.0030265513163,-47.77,24.6988137257956));
#5741=CARTESIAN_POINT('Ctrl Pts',(-39.7554957815892,-47.77,24.6985263622131));
#5742=CARTESIAN_POINT('Ctrl Pts',(-49.3890084405592,-42.5014455,18.6791625948201));
#5743=CARTESIAN_POINT('Ctrl Pts',(-48.5894916356837,-42.5014455,20.2240516981004));
#5744=CARTESIAN_POINT('Ctrl Pts',(-45.9242172275649,-42.5014455,23.3838096231751));
#5745=CARTESIAN_POINT('Ctrl Pts',(-42.0030265513163,-42.5014455,24.6988137257956));
#5746=CARTESIAN_POINT('Ctrl Pts',(-39.7554957815892,-42.5014455,24.6985263622131));
#5747=CARTESIAN_POINT('',(-39.7554957815892,-42.5014455,24.6985263622131));
#5748=CARTESIAN_POINT('Origin',(42.6703967794706,-42.5014455,24.6879875966933));
#5749=CARTESIAN_POINT('Ctrl Pts',(42.6669610544643,-42.5014455,24.6879880359764));
#5750=CARTESIAN_POINT('Ctrl Pts',(42.6669610544643,-43.3596803205377,24.6879880359764));
#5751=CARTESIAN_POINT('Ctrl Pts',(42.6669610544643,-44.2179151410755,24.6879880359764));
#5752=CARTESIAN_POINT('Ctrl Pts',(42.6669610544643,-45.9542423782798,24.6879880359764));
#5753=CARTESIAN_POINT('Ctrl Pts',(42.6669610544643,-46.8323347949465,24.6879880359764));
#5754=CARTESIAN_POINT('Ctrl Pts',(42.6669610544643,-47.7302848077421,24.6879880359764));
#5755=CARTESIAN_POINT('Ctrl Pts',(42.6669610544643,-47.7501424038711,24.6879880359764));
#5756=CARTESIAN_POINT('Ctrl Pts',(42.6669610544643,-47.77,24.6879880359764));
#5757=CARTESIAN_POINT('Ctrl Pts',(42.6669610544641,-47.77,24.6879880359764));
#5758=CARTESIAN_POINT('Ctrl Pts',(44.3541574745654,-47.77,24.6990783462895));
#5759=CARTESIAN_POINT('Ctrl Pts',(48.2978531129377,-47.77,23.7432958124643));
#5760=CARTESIAN_POINT('Ctrl Pts',(51.2460436483049,-47.77,20.7433585728863));
#5761=CARTESIAN_POINT('Ctrl Pts',(52.3037150687924,-47.77,18.676631096879));
#5762=CARTESIAN_POINT('Ctrl Pts',(42.6669610544641,-42.5014455,24.6879880359764));
#5763=CARTESIAN_POINT('Ctrl Pts',(44.3541574745654,-42.5014455,24.6990783462895));
#5764=CARTESIAN_POINT('Ctrl Pts',(48.2978531129377,-42.5014455,23.7432958124643));
#5765=CARTESIAN_POINT('Ctrl Pts',(51.2460436483049,-42.5014455,20.7433585728863));
#5766=CARTESIAN_POINT('Ctrl Pts',(52.3037150687924,-42.5014455,18.676631096879));
#5767=CARTESIAN_POINT('Ctrl Pts',(52.3037150687924,-47.77,18.676631096879));
#5768=CARTESIAN_POINT('Ctrl Pts',(52.3037150687924,-46.8919075833334,18.676631096879));
#5769=CARTESIAN_POINT('Ctrl Pts',(52.3037150687924,-46.0138151666667,18.676631096879));
#5770=CARTESIAN_POINT('Ctrl Pts',(52.3037150687924,-44.2576303333334,18.676631096879));
#5771=CARTESIAN_POINT('Ctrl Pts',(52.3037150687924,-43.3795379166667,18.676631096879));
#5772=CARTESIAN_POINT('Ctrl Pts',(52.3037150687924,-42.5014455,18.676631096879));
#5773=CARTESIAN_POINT('Origin',(52.2936857393235,-42.5014455,-23.7292392265288));
#5774=CARTESIAN_POINT('',(52.2936857393235,-42.5014455,-23.7292392265288));
#5775=CARTESIAN_POINT('Ctrl Pts',(52.2936857672914,-47.77,-23.7290032700438));
#5776=CARTESIAN_POINT('Ctrl Pts',(52.2936843473379,-47.77,-26.303467812677));
#5777=CARTESIAN_POINT('Ctrl Pts',(50.8754880684924,-47.77,-30.5823070534697));
#5778=CARTESIAN_POINT('Ctrl Pts',(46.270327162118,-47.77,-34.4572099698874));
#5779=CARTESIAN_POINT('Ctrl Pts',(42.9824104824807,-47.77,-35.2555758822852));
#5780=CARTESIAN_POINT('Ctrl Pts',(41.3343819822362,-47.77,-35.2555758822852));
#5781=CARTESIAN_POINT('Ctrl Pts',(52.2936857672914,-42.5014455,-23.7290032700438));
#5782=CARTESIAN_POINT('Ctrl Pts',(52.2936843473379,-42.5014455,-26.303467812677));
#5783=CARTESIAN_POINT('Ctrl Pts',(50.8754880684924,-42.5014455,-30.5823070534697));
#5784=CARTESIAN_POINT('Ctrl Pts',(46.270327162118,-42.5014455,-34.4572099698874));
#5785=CARTESIAN_POINT('Ctrl Pts',(42.9824104824807,-42.5014455,-35.2555758822852));
#5786=CARTESIAN_POINT('Ctrl Pts',(41.3343819822362,-42.5014455,-35.2555758822852));
#5787=CARTESIAN_POINT('',(41.3343819822362,-42.5014455,-35.2555758822852));
#5788=CARTESIAN_POINT('Origin',(-38.4197419261159,-42.5014455,-35.2555758822852));
#5789=CARTESIAN_POINT('',(-38.4197419261159,-42.5014455,-35.2555758822852));
#5790=CARTESIAN_POINT('Ctrl Pts',(-38.4197419261159,-47.77,-35.2555758822852));
#5791=CARTESIAN_POINT('Ctrl Pts',(-40.0682982772615,-47.77,-35.2555758822852));
#5792=CARTESIAN_POINT('Ctrl Pts',(-43.3573007972596,-47.77,-34.457446683764));
#5793=CARTESIAN_POINT('Ctrl Pts',(-47.9653040218084,-47.77,-30.5832932936647));
#5794=CARTESIAN_POINT('Ctrl Pts',(-49.3867722932671,-47.77,-26.3043246131167));
#5795=CARTESIAN_POINT('Ctrl Pts',(-49.389008851528,-47.77,-23.7290018356375));
#5796=CARTESIAN_POINT('Ctrl Pts',(-38.4197419261159,-42.5014455,-35.2555758822852));
#5797=CARTESIAN_POINT('Ctrl Pts',(-40.0682982772615,-42.5014455,-35.2555758822852));
#5798=CARTESIAN_POINT('Ctrl Pts',(-43.3573007972596,-42.5014455,-34.457446683764));
#5799=CARTESIAN_POINT('Ctrl Pts',(-47.9653040218084,-42.5014455,-30.5832932936647));
#5800=CARTESIAN_POINT('Ctrl Pts',(-49.3867722932671,-42.5014455,-26.3043246131167));
#5801=CARTESIAN_POINT('Ctrl Pts',(-49.389008851528,-42.5014455,-23.7290018356375));
#5802=CARTESIAN_POINT('Origin',(1.46000122210935,-45.77,-4.99));
#5803=CARTESIAN_POINT('',(-41.2900000000001,-45.77,17.5100000242237));
#5804=CARTESIAN_POINT('',(1.46000061105462,-45.77,17.51));
#5805=CARTESIAN_POINT('',(44.0599999999998,-45.77,17.5100000242237));
#5806=CARTESIAN_POINT('',(1.46000061105462,-45.77,17.51));
#5807=CARTESIAN_POINT('',(44.0599999999998,-45.77,-22.49));
#5808=CARTESIAN_POINT('',(44.0599999999998,-45.77,-13.74));
#5809=CARTESIAN_POINT('',(-41.2900000000001,-45.77,-22.49));
#5810=CARTESIAN_POINT('',(1.46000061105461,-45.77,-22.49));
#5811=CARTESIAN_POINT('',(-41.2900000000001,-45.77,-13.74));
#5812=CARTESIAN_POINT('Origin',(41.4599999999999,-27.27,-22.49));
#5813=CARTESIAN_POINT('',(41.4599999999999,-37.77,-32.49));
#5814=CARTESIAN_POINT('',(41.4599999999999,-27.27,-32.49));
#5815=CARTESIAN_POINT('',(51.4599999999999,-37.77,-22.49));
#5816=CARTESIAN_POINT('Origin',(41.4599999999999,-37.77,-22.49));
#5817=CARTESIAN_POINT('',(51.4599999999999,-27.27,-22.49));
#5818=CARTESIAN_POINT('Origin',(1.45999999999987,2.72999999999998,-32.49));
#5819=CARTESIAN_POINT('',(-38.5400000000001,-37.77,-32.49));
#5820=CARTESIAN_POINT('',(-38.5400000000001,32.73,-32.49));
#5821=CARTESIAN_POINT('',(1.4586620658286,-37.77,-32.49));
#5822=CARTESIAN_POINT('Origin',(42.7997484063745,62.73,12.51));
#5823=CARTESIAN_POINT('',(51.4599999999999,-37.77,17.51));
#5824=CARTESIAN_POINT('',(51.4599999999999,-57.27,17.51));
#5825=CARTESIAN_POINT('',(42.7997484063745,-37.77,22.51));
#5826=CARTESIAN_POINT('Origin',(42.7997484063745,-37.77,12.51));
#5827=CARTESIAN_POINT('',(42.7997484063745,62.73,22.51));
#5828=CARTESIAN_POINT('Origin',(-38.5400000000001,32.73,-22.49));
#5829=CARTESIAN_POINT('',(-48.5400000000001,-37.77,-22.49));
#5830=CARTESIAN_POINT('',(-48.5400000000001,32.73,-22.49));
#5831=CARTESIAN_POINT('Origin',(-38.5400000000001,-37.77,-22.49));
#5832=CARTESIAN_POINT('Origin',(1.46000122210936,2.72999863991047,22.51));
#5833=CARTESIAN_POINT('',(-39.8797459621557,-37.77,22.51));
#5834=CARTESIAN_POINT('',(1.45866267688335,-37.77,22.51));
#5835=CARTESIAN_POINT('',(-39.8797459621557,-57.270002720179,22.51));
#5836=CARTESIAN_POINT('Origin',(-48.5400000000001,62.73,-22.49));
#5837=CARTESIAN_POINT('',(-48.5400000000001,-37.77,17.51));
#5838=CARTESIAN_POINT('',(-48.5400000000001,62.73,17.51));
#5839=CARTESIAN_POINT('',(-48.5400000000001,-37.77,-13.8842623587057));
#5840=CARTESIAN_POINT('Origin',(-39.8797459621557,-57.270002720179,12.51));
#5841=CARTESIAN_POINT('Origin',(-39.8797459621557,-37.77,12.51));
#5842=CARTESIAN_POINT('Origin',(-23.5399993889454,-55.270002720179,19.51));
#5843=CARTESIAN_POINT('',(-48.5400000000001,-55.270002720179,17.51));
#5844=CARTESIAN_POINT('',(51.4600024442188,-55.270002720179,17.51));
#5845=CARTESIAN_POINT('',(-23.5399993889454,-55.270002720179,17.51));
#5846=CARTESIAN_POINT('',(46.6727317525819,-57.270002720179,19.51));
#5847=CARTESIAN_POINT('Ctrl Pts',(51.4600024442188,-55.270002720179,17.51));
#5848=CARTESIAN_POINT('Ctrl Pts',(51.4600024442188,-55.4028098595826,17.51));
#5849=CARTESIAN_POINT('Ctrl Pts',(51.4371301548159,-55.5320747630928,17.5232477821129));
#5850=CARTESIAN_POINT('Ctrl Pts',(51.3443821412285,-55.8024990863683,17.5763923414482));
#5851=CARTESIAN_POINT('Ctrl Pts',(51.2683811168799,-55.9359291881873,17.619684407331));
#5852=CARTESIAN_POINT('Ctrl Pts',(51.0419046191361,-56.2323496729719,17.7461742648484));
#5853=CARTESIAN_POINT('Ctrl Pts',(50.8717196287834,-56.3799690107253,17.8391879051709));
#5854=CARTESIAN_POINT('Ctrl Pts',(50.4149311774042,-56.6876597855163,18.0795223343227));
#5855=CARTESIAN_POINT('Ctrl Pts',(50.0649217053677,-56.8457601557374,18.2567776676681));
#5856=CARTESIAN_POINT('Ctrl Pts',(48.8266977109337,-57.1968117190379,18.8208969503031));
#5857=CARTESIAN_POINT('Ctrl Pts',(47.8415464178949,-57.2695318674208,19.2072760334251));
#5858=CARTESIAN_POINT('Ctrl Pts',(46.6807932346722,-57.2700019077571,19.5079169094241));
#5859=CARTESIAN_POINT('Ctrl Pts',(46.6767626863951,-57.270002720179,19.5089592173648));
#5860=CARTESIAN_POINT('Ctrl Pts',(46.6727317525819,-57.270002720179,19.51));
#5861=CARTESIAN_POINT('',(-43.7527293083631,-57.270002720179,19.51));
#5862=CARTESIAN_POINT('',(-23.5399993889454,-57.270002720179,19.51));
#5863=CARTESIAN_POINT('Ctrl Pts',(-43.7527293083631,-57.270002720179,19.51));
#5864=CARTESIAN_POINT('Ctrl Pts',(-43.7567602421721,-57.270002720179,19.5089592173659));
#5865=CARTESIAN_POINT('Ctrl Pts',(-43.7607907904632,-57.2700019077572,19.5079169094216));
#5866=CARTESIAN_POINT('Ctrl Pts',(-44.921543971609,-57.2695318674214,19.2072760339608));
#5867=CARTESIAN_POINT('Ctrl Pts',(-45.9066952654953,-57.1968117193837,18.8208969508588));
#5868=CARTESIAN_POINT('Ctrl Pts',(-47.1449192611503,-56.845760155737,18.2567776676674));
#5869=CARTESIAN_POINT('Ctrl Pts',(-47.4949287331864,-56.6876597855157,18.0795223343222));
#5870=CARTESIAN_POINT('Ctrl Pts',(-47.9517171845646,-56.3799690107253,17.8391879051709));
#5871=CARTESIAN_POINT('Ctrl Pts',(-48.1219021749174,-56.2323496729719,17.7461742648484));
#5872=CARTESIAN_POINT('Ctrl Pts',(-48.3483786726612,-55.9359291881873,17.619684407331));
#5873=CARTESIAN_POINT('Ctrl Pts',(-48.4243796970098,-55.8024990863683,17.5763923414482));
#5874=CARTESIAN_POINT('Ctrl Pts',(-48.5171277105971,-55.5320747630928,17.5232477821129));
#5875=CARTESIAN_POINT('Ctrl Pts',(-48.5400000000001,-55.4028098595826,17.51));
#5876=CARTESIAN_POINT('Ctrl Pts',(-48.5400000000001,-55.270002720179,17.51));
#5877=CARTESIAN_POINT('Origin',(-39.8797459621557,-55.270002720179,12.51));
#5878=CARTESIAN_POINT('',(-39.8797459621557,-57.270002720179,20.51));
#5879=CARTESIAN_POINT('Origin',(-39.8797459621557,-57.270002720179,12.51));
#5880=CARTESIAN_POINT('',(-39.8797459621557,-55.270002720179,22.51));
#5881=CARTESIAN_POINT('Origin',(-39.8797459621557,-55.270002720179,20.51));
#5882=CARTESIAN_POINT('Origin',(-39.8797459621557,-55.270002720179,12.51));
#5883=CARTESIAN_POINT('Origin',(-23.5399993889454,-55.270002720179,20.51));
#5884=CARTESIAN_POINT('',(42.7997484063745,-57.270002720179,20.51));
#5885=CARTESIAN_POINT('',(42.7997484063745,-55.270002720179,22.51));
#5886=CARTESIAN_POINT('Origin',(42.7997484063745,-55.270002720179,20.51));
#5887=CARTESIAN_POINT('',(-23.5399993889454,-55.270002720179,22.51));
#5888=CARTESIAN_POINT('',(-23.5399993889454,-57.270002720179,20.51));
#5889=CARTESIAN_POINT('Origin',(42.7997484063745,-55.270002720179,12.51));
#5890=CARTESIAN_POINT('Origin',(42.7997484063745,-55.270002720179,12.51));
#5891=CARTESIAN_POINT('Origin',(42.7997484063745,-57.270002720179,12.51));
#5892=CARTESIAN_POINT('Origin',(-48.5400000000001,-57.270002720179,17.51));
#5893=CARTESIAN_POINT('Origin',(1.45732413165733,52.23,-5.27852471741136));
#5894=CARTESIAN_POINT('',(-49.3890084405592,52.23,-23.7290018352806));
#5895=CARTESIAN_POINT('',(-38.4197419261159,52.23,-35.2555758822852));
#5896=CARTESIAN_POINT('Ctrl Pts',(-38.4197419261159,52.23,-35.2555758822852));
#5897=CARTESIAN_POINT('Ctrl Pts',(-40.0682982772615,52.23,-35.2555758822852));
#5898=CARTESIAN_POINT('Ctrl Pts',(-43.357246771478,52.23,-34.4574142348555));
#5899=CARTESIAN_POINT('Ctrl Pts',(-47.9651872793427,52.23,-30.5832550977859));
#5900=CARTESIAN_POINT('Ctrl Pts',(-49.3867722932671,52.23,-26.3043246131167));
#5901=CARTESIAN_POINT('Ctrl Pts',(-49.389008851528,52.23,-23.7290018356375));
#5902=CARTESIAN_POINT('',(41.3343819822362,52.23,-35.2555758822852));
#5903=CARTESIAN_POINT('',(-18.4812088972293,52.23,-35.2555758822852));
#5904=CARTESIAN_POINT('',(52.2936857393235,52.23,-23.7292392265288));
#5905=CARTESIAN_POINT('Ctrl Pts',(52.2936857647784,52.23,-23.7292392265092));
#5906=CARTESIAN_POINT('Ctrl Pts',(52.2936323499795,52.23,-26.3036246775852));
#5907=CARTESIAN_POINT('Ctrl Pts',(50.8753144778707,52.23,-30.5823207422672));
#5908=CARTESIAN_POINT('Ctrl Pts',(46.270274608935,52.23,-34.4571785500854));
#5909=CARTESIAN_POINT('Ctrl Pts',(42.9824104824807,52.23,-35.2555758822852));
#5910=CARTESIAN_POINT('Ctrl Pts',(41.3343819822362,52.23,-35.2555758822852));
#5911=CARTESIAN_POINT('',(52.3037150687923,52.23,18.6766310968794));
#5912=CARTESIAN_POINT('',(52.2958661886136,52.23,-14.5098940919026));
#5913=CARTESIAN_POINT('',(42.6669610544643,52.23,24.6879880359764));
#5914=CARTESIAN_POINT('Ctrl Pts',(42.6669610544641,52.23,24.6879880359764));
#5915=CARTESIAN_POINT('Ctrl Pts',(44.3541574745654,52.23,24.6990783462895));
#5916=CARTESIAN_POINT('Ctrl Pts',(48.2978089801085,52.23,23.743244834385));
#5917=CARTESIAN_POINT('Ctrl Pts',(51.2460436483049,52.23,20.7433585728863));
#5918=CARTESIAN_POINT('Ctrl Pts',(52.3037150687924,52.23,18.676631096879));
#5919=CARTESIAN_POINT('',(-39.7554957815892,52.23,24.6985263622131));
#5920=CARTESIAN_POINT('',(22.0657765135204,52.23,24.6906220511695));
#5921=CARTESIAN_POINT('',(-49.3890084405591,52.23,18.6791625948205));
#5922=CARTESIAN_POINT('Ctrl Pts',(-49.3890084405592,52.23,18.6791625948201));
#5923=CARTESIAN_POINT('Ctrl Pts',(-48.5894916356837,52.23,20.2240516981004));
#5924=CARTESIAN_POINT('Ctrl Pts',(-45.9241891226063,52.23,23.3837558736231));
#5925=CARTESIAN_POINT('Ctrl Pts',(-42.0030265513163,52.23,24.6988137257956));
#5926=CARTESIAN_POINT('Ctrl Pts',(-39.7554957815892,52.23,24.6985263622131));
#5927=CARTESIAN_POINT('',(-49.3890084405592,52.23,6.57572345136629));
#5928=CARTESIAN_POINT('',(-48.5400000000001,52.23,-22.49));
#5929=CARTESIAN_POINT('',(-38.5400000000001,52.23,-32.49));
#5930=CARTESIAN_POINT('Origin',(-38.5400000000001,52.23,-22.49));
#5931=CARTESIAN_POINT('',(-48.5400000000001,52.23,17.51));
#5932=CARTESIAN_POINT('',(-48.5400000000001,52.23,-13.8842623587057));
#5933=CARTESIAN_POINT('',(-39.8797459621557,52.23,22.51));
#5934=CARTESIAN_POINT('Origin',(-39.8797459621557,52.23,12.51));
#5935=CARTESIAN_POINT('',(42.7997484063745,52.23,22.51));
#5936=CARTESIAN_POINT('',(1.45866267688335,52.23,22.51));
#5937=CARTESIAN_POINT('',(51.4599999999999,52.23,17.51));
#5938=CARTESIAN_POINT('Origin',(42.7997484063745,52.23,12.51));
#5939=CARTESIAN_POINT('',(51.4599999999999,52.23,-22.49));
#5940=CARTESIAN_POINT('',(51.4599999999999,52.23,-13.8842623587057));
#5941=CARTESIAN_POINT('',(41.4599999999999,52.23,-32.49));
#5942=CARTESIAN_POINT('Origin',(41.4599999999999,52.23,-22.49));
#5943=CARTESIAN_POINT('',(1.4586620658286,52.23,-32.49));
#5944=CARTESIAN_POINT('Origin',(1.45732413165733,57.4985545,-5.27852471741136));
#5945=CARTESIAN_POINT('',(-49.3890084405592,57.4985545,-23.7290018352806));
#5946=CARTESIAN_POINT('',(-38.4197419261159,57.4985545,-35.2555758822852));
#5947=CARTESIAN_POINT('Ctrl Pts',(-38.4197419261159,57.4985545,-35.2555758822852));
#5948=CARTESIAN_POINT('Ctrl Pts',(-40.0682982772615,57.4985545,-35.2555758822852));
#5949=CARTESIAN_POINT('Ctrl Pts',(-43.357246771478,57.4985545,-34.4574142348555));
#5950=CARTESIAN_POINT('Ctrl Pts',(-47.9651872793427,57.4985545,-30.5832550977859));
#5951=CARTESIAN_POINT('Ctrl Pts',(-49.3867722932671,57.4985545,-26.3043246131167));
#5952=CARTESIAN_POINT('Ctrl Pts',(-49.389008851528,57.4985545,-23.7290018356375));
#5953=CARTESIAN_POINT('',(-49.3890084405591,57.4985545,18.6791625948205));
#5954=CARTESIAN_POINT('',(-49.3890084405592,57.4985545,6.57572345136629));
#5955=CARTESIAN_POINT('',(-39.7554957815892,57.4985545,24.6985263622131));
#5956=CARTESIAN_POINT('Ctrl Pts',(-49.3890084405592,57.4985545,18.6791625948201));
#5957=CARTESIAN_POINT('Ctrl Pts',(-48.5894916356837,57.4985545,20.2240516981004));
#5958=CARTESIAN_POINT('Ctrl Pts',(-45.9241891226063,57.4985545,23.3837558736231));
#5959=CARTESIAN_POINT('Ctrl Pts',(-42.0030265513163,57.4985545,24.6988137257956));
#5960=CARTESIAN_POINT('Ctrl Pts',(-39.7554957815892,57.4985545,24.6985263622131));
#5961=CARTESIAN_POINT('',(42.6669610544643,57.4985545,24.6879880359764));
#5962=CARTESIAN_POINT('',(22.0657765135204,57.4985545,24.6906220511695));
#5963=CARTESIAN_POINT('',(52.3037150687923,57.4985545,18.6766310968794));
#5964=CARTESIAN_POINT('Ctrl Pts',(42.6669610544641,57.4985545,24.6879880359764));
#5965=CARTESIAN_POINT('Ctrl Pts',(44.3541574745654,57.4985545,24.6990783462895));
#5966=CARTESIAN_POINT('Ctrl Pts',(48.2978089801085,57.4985545,23.743244834385));
#5967=CARTESIAN_POINT('Ctrl Pts',(51.2460436483049,57.4985545,20.7433585728863));
#5968=CARTESIAN_POINT('Ctrl Pts',(52.3037150687924,57.4985545,18.676631096879));
#5969=CARTESIAN_POINT('',(52.2936857393235,57.4985545,-23.7292392265288));
#5970=CARTESIAN_POINT('',(52.2958661886136,57.4985545,-14.5098940919026));
#5971=CARTESIAN_POINT('',(41.3343819822362,57.4985545,-35.2555758822852));
#5972=CARTESIAN_POINT('Ctrl Pts',(52.2936857647784,57.4985545,-23.7292392265092));
#5973=CARTESIAN_POINT('Ctrl Pts',(52.2936323499795,57.4985545,-26.3036246775852));
#5974=CARTESIAN_POINT('Ctrl Pts',(50.8753144778707,57.4985545,-30.5823207422672));
#5975=CARTESIAN_POINT('Ctrl Pts',(46.270274608935,57.4985545,-34.4571785500854));
#5976=CARTESIAN_POINT('Ctrl Pts',(42.9824104824807,57.4985545,-35.2555758822852));
#5977=CARTESIAN_POINT('Ctrl Pts',(41.3343819822362,57.4985545,-35.2555758822852));
#5978=CARTESIAN_POINT('',(-18.4812088972293,57.4985545,-35.2555758822852));
#5979=CARTESIAN_POINT('',(-38.5400000000001,57.4985545,-32.49));
#5980=CARTESIAN_POINT('',(-48.5400000000001,57.4985545,-22.49));
#5981=CARTESIAN_POINT('Origin',(-38.5400000000001,57.4985545,-22.49));
#5982=CARTESIAN_POINT('',(41.4599999999999,57.4985545,-32.49));
#5983=CARTESIAN_POINT('',(1.4586620658286,57.4985545,-32.49));
#5984=CARTESIAN_POINT('',(51.4599999999999,57.4985545,-22.49));
#5985=CARTESIAN_POINT('Origin',(41.4599999999999,57.4985545,-22.49));
#5986=CARTESIAN_POINT('',(51.4599999999999,57.4985545,17.51));
#5987=CARTESIAN_POINT('',(51.4599999999999,57.4985545,-13.8842623587057));
#5988=CARTESIAN_POINT('',(42.7997484063745,57.4985545,22.51));
#5989=CARTESIAN_POINT('Origin',(42.7997484063745,57.4985545,12.51));
#5990=CARTESIAN_POINT('',(-39.8797459621557,57.4985545,22.51));
#5991=CARTESIAN_POINT('',(1.45866267688335,57.4985545,22.51));
#5992=CARTESIAN_POINT('',(-48.5400000000001,57.4985545,17.51));
#5993=CARTESIAN_POINT('Origin',(-39.8797459621557,57.4985545,12.51));
#5994=CARTESIAN_POINT('',(-48.5400000000001,57.4985545,-13.8842623587057));
#5995=CARTESIAN_POINT('Origin',(-49.3890084405592,57.4985545,18.4299716201439));
#5996=CARTESIAN_POINT('',(-49.3890084405592,57.4985545,-23.7290018352806));
#5997=CARTESIAN_POINT('Ctrl Pts',(-49.3890084405592,57.4985545,18.6791625948201));
#5998=CARTESIAN_POINT('Ctrl Pts',(-49.3890084405592,56.6204620833333,18.6791625948201));
#5999=CARTESIAN_POINT('Ctrl Pts',(-49.3890084405592,55.7423696666666,18.6791625948201));
#6000=CARTESIAN_POINT('Ctrl Pts',(-49.3890084405592,53.9861848333333,18.6791625948201));
#6001=CARTESIAN_POINT('Ctrl Pts',(-49.3890084405592,53.1080924166666,18.6791625948201));
#6002=CARTESIAN_POINT('Ctrl Pts',(-49.3890084405592,52.23,18.6791625948201));
#6003=CARTESIAN_POINT('Ctrl Pts',(-49.3890084405592,52.23,18.6791625948201));
#6004=CARTESIAN_POINT('Ctrl Pts',(-48.5894916356837,52.23,20.2240516981004));
#6005=CARTESIAN_POINT('Ctrl Pts',(-45.9241891226063,52.23,23.3837558736231));
#6006=CARTESIAN_POINT('Ctrl Pts',(-42.0030265513163,52.23,24.6988137257956));
#6007=CARTESIAN_POINT('Ctrl Pts',(-39.7554957815892,52.23,24.6985263622131));
#6008=CARTESIAN_POINT('Ctrl Pts',(-49.3890084405592,57.4985545,18.6791625948201));
#6009=CARTESIAN_POINT('Ctrl Pts',(-48.5894916356837,57.4985545,20.2240516981004));
#6010=CARTESIAN_POINT('Ctrl Pts',(-45.9241891226063,57.4985545,23.3837558736231));
#6011=CARTESIAN_POINT('Ctrl Pts',(-42.0030265513163,57.4985545,24.6988137257956));
#6012=CARTESIAN_POINT('Ctrl Pts',(-39.7554957815892,57.4985545,24.6985263622131));
#6013=CARTESIAN_POINT('',(-39.7554957815892,57.4985545,24.6985263622131));
#6014=CARTESIAN_POINT('Origin',(42.6703967794706,57.4985545,24.6879875966933));
#6015=CARTESIAN_POINT('Ctrl Pts',(42.6669610544643,57.4985545,24.6879880359764));
#6016=CARTESIAN_POINT('Ctrl Pts',(42.6669610544643,56.6403196794623,24.6879880359764));
#6017=CARTESIAN_POINT('Ctrl Pts',(42.6669610544643,55.7820848589245,24.6879880359764));
#6018=CARTESIAN_POINT('Ctrl Pts',(42.6669610544643,54.0457576217202,24.6879880359764));
#6019=CARTESIAN_POINT('Ctrl Pts',(42.6669610544643,53.1676652050535,24.6879880359764));
#6020=CARTESIAN_POINT('Ctrl Pts',(42.6669610544643,52.2697151922579,24.6879880359764));
#6021=CARTESIAN_POINT('Ctrl Pts',(42.6669610544643,52.2498575961289,24.6879880359764));
#6022=CARTESIAN_POINT('Ctrl Pts',(42.6669610544643,52.23,24.6879880359764));
#6023=CARTESIAN_POINT('Ctrl Pts',(42.6669610544641,52.23,24.6879880359764));
#6024=CARTESIAN_POINT('Ctrl Pts',(44.3541574745654,52.23,24.6990783462895));
#6025=CARTESIAN_POINT('Ctrl Pts',(48.2978089801085,52.23,23.743244834385));
#6026=CARTESIAN_POINT('Ctrl Pts',(51.2460436483049,52.23,20.7433585728863));
#6027=CARTESIAN_POINT('Ctrl Pts',(52.3037150687924,52.23,18.676631096879));
#6028=CARTESIAN_POINT('Ctrl Pts',(42.6669610544641,57.4985545,24.6879880359764));
#6029=CARTESIAN_POINT('Ctrl Pts',(44.3541574745654,57.4985545,24.6990783462895));
#6030=CARTESIAN_POINT('Ctrl Pts',(48.2978089801085,57.4985545,23.743244834385));
#6031=CARTESIAN_POINT('Ctrl Pts',(51.2460436483049,57.4985545,20.7433585728863));
#6032=CARTESIAN_POINT('Ctrl Pts',(52.3037150687924,57.4985545,18.676631096879));
#6033=CARTESIAN_POINT('Ctrl Pts',(52.3037150687924,52.23,18.676631096879));
#6034=CARTESIAN_POINT('Ctrl Pts',(52.3037150687924,53.1080924166666,18.676631096879));
#6035=CARTESIAN_POINT('Ctrl Pts',(52.3037150687924,53.9861848333333,18.676631096879));
#6036=CARTESIAN_POINT('Ctrl Pts',(52.3037150687924,55.7423696666666,18.676631096879));
#6037=CARTESIAN_POINT('Ctrl Pts',(52.3037150687924,56.6204620833333,18.676631096879));
#6038=CARTESIAN_POINT('Ctrl Pts',(52.3037150687924,57.4985545,18.676631096879));
#6039=CARTESIAN_POINT('Origin',(52.2936857393235,57.4985545,-23.7292392265288));
#6040=CARTESIAN_POINT('',(52.2936857393235,57.4985545,-23.7292392265288));
#6041=CARTESIAN_POINT('Ctrl Pts',(52.2936857672914,52.23,-23.7290032700438));
#6042=CARTESIAN_POINT('Ctrl Pts',(52.2936843473379,52.23,-26.303467812677));
#6043=CARTESIAN_POINT('Ctrl Pts',(50.8753747735295,52.23,-30.5822700071789));
#6044=CARTESIAN_POINT('Ctrl Pts',(46.270274608935,52.23,-34.4571785500854));
#6045=CARTESIAN_POINT('Ctrl Pts',(42.9824104824807,52.23,-35.2555758822852));
#6046=CARTESIAN_POINT('Ctrl Pts',(41.3343819822362,52.23,-35.2555758822852));
#6047=CARTESIAN_POINT('Ctrl Pts',(52.2936857672914,57.4985545,-23.7290032700438));
#6048=CARTESIAN_POINT('Ctrl Pts',(52.2936843473379,57.4985545,-26.303467812677));
#6049=CARTESIAN_POINT('Ctrl Pts',(50.8753747735295,57.4985545,-30.5822700071789));
#6050=CARTESIAN_POINT('Ctrl Pts',(46.270274608935,57.4985545,-34.4571785500854));
#6051=CARTESIAN_POINT('Ctrl Pts',(42.9824104824807,57.4985545,-35.2555758822852));
#6052=CARTESIAN_POINT('Ctrl Pts',(41.3343819822362,57.4985545,-35.2555758822852));
#6053=CARTESIAN_POINT('',(41.3343819822362,57.4985545,-35.2555758822852));
#6054=CARTESIAN_POINT('Origin',(-38.4197419261159,57.4985545,-35.2555758822852));
#6055=CARTESIAN_POINT('',(-38.4197419261159,57.4985545,-35.2555758822852));
#6056=CARTESIAN_POINT('Ctrl Pts',(-38.4197419261159,52.23,-35.2555758822852));
#6057=CARTESIAN_POINT('Ctrl Pts',(-40.0682982772615,52.23,-35.2555758822852));
#6058=CARTESIAN_POINT('Ctrl Pts',(-43.357246771478,52.23,-34.4574142348555));
#6059=CARTESIAN_POINT('Ctrl Pts',(-47.9651872793427,52.23,-30.5832550977859));
#6060=CARTESIAN_POINT('Ctrl Pts',(-49.3867722932671,52.23,-26.3043246131167));
#6061=CARTESIAN_POINT('Ctrl Pts',(-49.389008851528,52.23,-23.7290018356375));
#6062=CARTESIAN_POINT('Ctrl Pts',(-38.4197419261159,57.4985545,-35.2555758822852));
#6063=CARTESIAN_POINT('Ctrl Pts',(-40.0682982772615,57.4985545,-35.2555758822852));
#6064=CARTESIAN_POINT('Ctrl Pts',(-43.357246771478,57.4985545,-34.4574142348555));
#6065=CARTESIAN_POINT('Ctrl Pts',(-47.9651872793427,57.4985545,-30.5832550977859));
#6066=CARTESIAN_POINT('Ctrl Pts',(-49.3867722932671,57.4985545,-26.3043246131167));
#6067=CARTESIAN_POINT('Ctrl Pts',(-49.389008851528,57.4985545,-23.7290018356375));
#6068=CARTESIAN_POINT('Origin',(42.7997484063745,62.73,12.51));
#6069=CARTESIAN_POINT('',(51.4599999999999,60.23,17.51));
#6070=CARTESIAN_POINT('',(51.4599999999999,-57.27,17.51));
#6071=CARTESIAN_POINT('',(42.7997484063745,60.23,22.51));
#6072=CARTESIAN_POINT('Origin',(42.7997484063745,60.23,12.51));
#6073=CARTESIAN_POINT('',(42.7997484063745,62.73,22.51));
#6074=CARTESIAN_POINT('Origin',(42.7997484063745,62.73,12.51));
#6075=CARTESIAN_POINT('',(42.7997484063745,47.4985545,22.51));
#6076=CARTESIAN_POINT('',(42.7997484063745,62.73,22.51));
#6077=CARTESIAN_POINT('',(51.4599999999999,47.4985545,17.51));
#6078=CARTESIAN_POINT('Origin',(42.7997484063745,47.4985545,12.51));
#6079=CARTESIAN_POINT('',(51.4599999999999,-57.27,17.51));
#6080=CARTESIAN_POINT('Origin',(1.46000122210936,2.72999863991047,22.51));
#6081=CARTESIAN_POINT('',(-39.8797459621557,60.23,22.51));
#6082=CARTESIAN_POINT('',(26.4600018331641,60.23,22.51));
#6083=CARTESIAN_POINT('',(-39.8797459621557,-57.270002720179,22.51));
#6084=CARTESIAN_POINT('Origin',(1.46000122210936,2.72999863991047,22.51));
#6085=CARTESIAN_POINT('',(-39.8797459621557,47.4985545,22.51));
#6086=CARTESIAN_POINT('',(-39.8797459621557,-57.270002720179,22.51));
#6087=CARTESIAN_POINT('',(1.45866267688335,47.4985545,22.51));
#6088=CARTESIAN_POINT('Origin',(51.4599999999999,-57.27,-22.49));
#6089=CARTESIAN_POINT('',(51.4599999999999,60.23,-22.49));
#6090=CARTESIAN_POINT('',(51.4599999999999,-27.27,-22.49));
#6091=CARTESIAN_POINT('',(51.4599999999999,60.23,-22.49));
#6092=CARTESIAN_POINT('Origin',(-39.8797459621557,-57.270002720179,12.51));
#6093=CARTESIAN_POINT('',(-48.5400000000001,60.23,17.51));
#6094=CARTESIAN_POINT('Origin',(-39.8797459621557,60.23,12.51));
#6095=CARTESIAN_POINT('',(-48.5400000000001,62.73,17.51));
#6096=CARTESIAN_POINT('Origin',(-39.8797459621557,-57.270002720179,12.51));
#6097=CARTESIAN_POINT('',(-48.5400000000001,47.4985545,17.51));
#6098=CARTESIAN_POINT('',(-48.5400000000001,62.73,17.51));
#6099=CARTESIAN_POINT('Origin',(-39.8797459621557,47.4985545,12.51));
#6100=CARTESIAN_POINT('Origin',(41.4599999999999,-27.27,-22.49));
#6101=CARTESIAN_POINT('',(41.4599999999999,60.23,-32.49));
#6102=CARTESIAN_POINT('',(41.4599999999999,-27.27,-32.49));
#6103=CARTESIAN_POINT('Origin',(41.4599999999999,60.23,-22.49));
#6104=CARTESIAN_POINT('Origin',(-48.5400000000001,62.73,-22.49));
#6105=CARTESIAN_POINT('',(-48.5400000000001,60.23,-22.49));
#6106=CARTESIAN_POINT('',(-48.5400000000001,60.23,-22.49));
#6107=CARTESIAN_POINT('',(-48.5400000000001,32.73,-22.49));
#6108=CARTESIAN_POINT('Origin',(-48.5400000000001,62.73,-22.49));
#6109=CARTESIAN_POINT('',(-48.5400000000001,47.4985545,-22.49));
#6110=CARTESIAN_POINT('',(-48.5400000000001,32.73,-22.49));
#6111=CARTESIAN_POINT('',(-48.5400000000001,47.4985545,-13.8842623587057));
#6112=CARTESIAN_POINT('Origin',(1.45999999999987,2.72999999999998,-32.49));
#6113=CARTESIAN_POINT('',(-38.5400000000001,60.23,-32.49));
#6114=CARTESIAN_POINT('',(-38.5400000000001,32.73,-32.49));
#6115=CARTESIAN_POINT('',(26.4599999999999,60.23,-32.49));
#6116=CARTESIAN_POINT('Origin',(-38.5400000000001,32.73,-22.49));
#6117=CARTESIAN_POINT('Origin',(-38.5400000000001,60.23,-22.49));
#6118=CARTESIAN_POINT('Origin',(1.45732413165733,42.23,-5.27852471741136));
#6119=CARTESIAN_POINT('',(-49.3890084405592,42.23,-23.7290018352806));
#6120=CARTESIAN_POINT('',(-38.4197419261159,42.23,-35.2555758822852));
#6121=CARTESIAN_POINT('Ctrl Pts',(-38.4197419261159,42.23,-35.2555758822852));
#6122=CARTESIAN_POINT('Ctrl Pts',(-40.0682982772615,42.23,-35.2555758822852));
#6123=CARTESIAN_POINT('Ctrl Pts',(-43.3573023828231,42.23,-34.4574476418567));
#6124=CARTESIAN_POINT('Ctrl Pts',(-47.9653074621308,42.23,-30.583294415821));
#6125=CARTESIAN_POINT('Ctrl Pts',(-49.3867722932671,42.23,-26.3043246131167));
#6126=CARTESIAN_POINT('Ctrl Pts',(-49.389008851528,42.23,-23.7290018356375));
#6127=CARTESIAN_POINT('',(41.3343819822362,42.23,-35.2555758822852));
#6128=CARTESIAN_POINT('',(-18.4812088972293,42.23,-35.2555758822852));
#6129=CARTESIAN_POINT('',(52.2936857393235,42.23,-23.7292392265288));
#6130=CARTESIAN_POINT('Ctrl Pts',(52.2936857647786,42.23,-23.7292392265093));
#6131=CARTESIAN_POINT('Ctrl Pts',(52.2936323542553,42.23,-26.3036246789833));
#6132=CARTESIAN_POINT('Ctrl Pts',(50.8754311078294,42.23,-30.5823588760523));
#6133=CARTESIAN_POINT('Ctrl Pts',(46.2703287033974,42.23,-34.4572108967203));
#6134=CARTESIAN_POINT('Ctrl Pts',(42.9824104824807,42.23,-35.2555758822852));
#6135=CARTESIAN_POINT('Ctrl Pts',(41.3343819822362,42.23,-35.2555758822852));
#6136=CARTESIAN_POINT('',(52.3037150687923,42.23,18.6766310968794));
#6137=CARTESIAN_POINT('',(52.2958661886136,42.23,-14.5098940919026));
#6138=CARTESIAN_POINT('',(42.6669610544643,42.23,24.6879880359764));
#6139=CARTESIAN_POINT('Ctrl Pts',(42.6669610544641,42.23,24.6879880359764));
#6140=CARTESIAN_POINT('Ctrl Pts',(44.3541574745654,42.23,24.6990783462895));
#6141=CARTESIAN_POINT('Ctrl Pts',(48.2978544289974,42.23,23.7432973326522));
#6142=CARTESIAN_POINT('Ctrl Pts',(51.2460436483049,42.23,20.7433585728863));
#6143=CARTESIAN_POINT('Ctrl Pts',(52.3037150687924,42.23,18.676631096879));
#6144=CARTESIAN_POINT('',(-39.7554957815892,42.23,24.6985263622131));
#6145=CARTESIAN_POINT('',(22.0657765135204,42.23,24.6906220511695));
#6146=CARTESIAN_POINT('',(-49.3890084405591,42.23,18.6791625948205));
#6147=CARTESIAN_POINT('Ctrl Pts',(-49.3890084405592,42.23,18.6791625948201));
#6148=CARTESIAN_POINT('Ctrl Pts',(-48.5894916356837,42.23,20.2240516981004));
#6149=CARTESIAN_POINT('Ctrl Pts',(-45.9242180664404,42.23,23.3838112274892));
#6150=CARTESIAN_POINT('Ctrl Pts',(-42.0030265513163,42.23,24.6988137257956));
#6151=CARTESIAN_POINT('Ctrl Pts',(-39.7554957815892,42.23,24.6985263622131));
#6152=CARTESIAN_POINT('',(-49.3890084405592,42.23,6.57572345136629));
#6153=CARTESIAN_POINT('',(51.4599999999999,42.23,17.51));
#6154=CARTESIAN_POINT('',(42.7997484063745,42.23,22.51));
#6155=CARTESIAN_POINT('Origin',(42.7997484063745,42.23,12.51));
#6156=CARTESIAN_POINT('',(51.4599999999999,42.23,-22.49));
#6157=CARTESIAN_POINT('',(51.4599999999999,42.23,-13.8842623587057));
#6158=CARTESIAN_POINT('',(41.4599999999999,42.23,-32.49));
#6159=CARTESIAN_POINT('Origin',(41.4599999999999,42.23,-22.49));
#6160=CARTESIAN_POINT('',(-38.5400000000001,42.23,-32.49));
#6161=CARTESIAN_POINT('',(1.4586620658286,42.23,-32.49));
#6162=CARTESIAN_POINT('',(-48.5400000000001,42.23,-22.49));
#6163=CARTESIAN_POINT('Origin',(-38.5400000000001,42.23,-22.49));
#6164=CARTESIAN_POINT('',(-48.5400000000001,42.23,17.51));
#6165=CARTESIAN_POINT('',(-48.5400000000001,42.23,-13.8842623587057));
#6166=CARTESIAN_POINT('',(-39.8797459621557,42.23,22.51));
#6167=CARTESIAN_POINT('Origin',(-39.8797459621557,42.23,12.51));
#6168=CARTESIAN_POINT('',(1.45866267688335,42.23,22.51));
#6169=CARTESIAN_POINT('Origin',(1.45732413165733,47.4985545,-5.27852471741136));
#6170=CARTESIAN_POINT('',(-49.3890084405592,47.4985545,-23.7290018352806));
#6171=CARTESIAN_POINT('',(-38.4197419261159,47.4985545,-35.2555758822852));
#6172=CARTESIAN_POINT('Ctrl Pts',(-38.4197419261159,47.4985545,-35.2555758822852));
#6173=CARTESIAN_POINT('Ctrl Pts',(-40.0682982772615,47.4985545,-35.2555758822852));
#6174=CARTESIAN_POINT('Ctrl Pts',(-43.3573023828231,47.4985545,-34.4574476418567));
#6175=CARTESIAN_POINT('Ctrl Pts',(-47.9653074621308,47.4985545,-30.583294415821));
#6176=CARTESIAN_POINT('Ctrl Pts',(-49.3867722932671,47.4985545,-26.3043246131167));
#6177=CARTESIAN_POINT('Ctrl Pts',(-49.389008851528,47.4985545,-23.7290018356375));
#6178=CARTESIAN_POINT('',(-49.3890084405591,47.4985545,18.6791625948205));
#6179=CARTESIAN_POINT('',(-49.3890084405592,47.4985545,6.57572345136629));
#6180=CARTESIAN_POINT('',(-39.7554957815892,47.4985545,24.6985263622131));
#6181=CARTESIAN_POINT('Ctrl Pts',(-49.3890084405592,47.4985545,18.6791625948201));
#6182=CARTESIAN_POINT('Ctrl Pts',(-48.5894916356837,47.4985545,20.2240516981004));
#6183=CARTESIAN_POINT('Ctrl Pts',(-45.9242180664404,47.4985545,23.3838112274892));
#6184=CARTESIAN_POINT('Ctrl Pts',(-42.0030265513163,47.4985545,24.6988137257956));
#6185=CARTESIAN_POINT('Ctrl Pts',(-39.7554957815892,47.4985545,24.6985263622131));
#6186=CARTESIAN_POINT('',(42.6669610544643,47.4985545,24.6879880359764));
#6187=CARTESIAN_POINT('',(22.0657765135204,47.4985545,24.6906220511695));
#6188=CARTESIAN_POINT('',(52.3037150687923,47.4985545,18.6766310968794));
#6189=CARTESIAN_POINT('Ctrl Pts',(42.6669610544641,47.4985545,24.6879880359764));
#6190=CARTESIAN_POINT('Ctrl Pts',(44.3541574745654,47.4985545,24.6990783462895));
#6191=CARTESIAN_POINT('Ctrl Pts',(48.2978544289974,47.4985545,23.7432973326522));
#6192=CARTESIAN_POINT('Ctrl Pts',(51.2460436483049,47.4985545,20.7433585728863));
#6193=CARTESIAN_POINT('Ctrl Pts',(52.3037150687924,47.4985545,18.676631096879));
#6194=CARTESIAN_POINT('',(52.2936857393235,47.4985545,-23.7292392265288));
#6195=CARTESIAN_POINT('',(52.2958661886136,47.4985545,-14.5098940919026));
#6196=CARTESIAN_POINT('',(41.3343819822362,47.4985545,-35.2555758822852));
#6197=CARTESIAN_POINT('Ctrl Pts',(52.2936857647786,47.4985545,-23.7292392265093));
#6198=CARTESIAN_POINT('Ctrl Pts',(52.2936323542553,47.4985545,-26.3036246789833));
#6199=CARTESIAN_POINT('Ctrl Pts',(50.8754311078294,47.4985545,-30.5823588760523));
#6200=CARTESIAN_POINT('Ctrl Pts',(46.2703287033974,47.4985545,-34.4572108967203));
#6201=CARTESIAN_POINT('Ctrl Pts',(42.9824104824807,47.4985545,-35.2555758822852));
#6202=CARTESIAN_POINT('Ctrl Pts',(41.3343819822362,47.4985545,-35.2555758822852));
#6203=CARTESIAN_POINT('',(-18.4812088972293,47.4985545,-35.2555758822852));
#6204=CARTESIAN_POINT('',(-38.5400000000001,47.4985545,-32.49));
#6205=CARTESIAN_POINT('Origin',(-38.5400000000001,47.4985545,-22.49));
#6206=CARTESIAN_POINT('',(41.4599999999999,47.4985545,-32.49));
#6207=CARTESIAN_POINT('',(1.4586620658286,47.4985545,-32.49));
#6208=CARTESIAN_POINT('',(51.4599999999999,47.4985545,-22.49));
#6209=CARTESIAN_POINT('Origin',(41.4599999999999,47.4985545,-22.49));
#6210=CARTESIAN_POINT('',(51.4599999999999,47.4985545,-13.8842623587057));
#6211=CARTESIAN_POINT('Origin',(-49.3890084405592,47.4985545,18.4299716201439));
#6212=CARTESIAN_POINT('',(-49.3890084405592,47.4985545,-23.7290018352806));
#6213=CARTESIAN_POINT('Ctrl Pts',(-49.3890084405592,47.4985545,18.6791625948201));
#6214=CARTESIAN_POINT('Ctrl Pts',(-49.3890084405592,46.6204620833333,18.6791625948201));
#6215=CARTESIAN_POINT('Ctrl Pts',(-49.3890084405592,45.7423696666666,18.6791625948201));
#6216=CARTESIAN_POINT('Ctrl Pts',(-49.3890084405592,43.9861848333333,18.6791625948201));
#6217=CARTESIAN_POINT('Ctrl Pts',(-49.3890084405592,43.1080924166666,18.6791625948201));
#6218=CARTESIAN_POINT('Ctrl Pts',(-49.3890084405592,42.23,18.6791625948201));
#6219=CARTESIAN_POINT('Ctrl Pts',(-49.3890084405592,42.23,18.6791625948201));
#6220=CARTESIAN_POINT('Ctrl Pts',(-48.5894916356837,42.23,20.2240516981004));
#6221=CARTESIAN_POINT('Ctrl Pts',(-45.9242180664404,42.23,23.3838112274892));
#6222=CARTESIAN_POINT('Ctrl Pts',(-42.0030265513163,42.23,24.6988137257956));
#6223=CARTESIAN_POINT('Ctrl Pts',(-39.7554957815892,42.23,24.6985263622131));
#6224=CARTESIAN_POINT('Ctrl Pts',(-49.3890084405592,47.4985545,18.6791625948201));
#6225=CARTESIAN_POINT('Ctrl Pts',(-48.5894916356837,47.4985545,20.2240516981004));
#6226=CARTESIAN_POINT('Ctrl Pts',(-45.9242180664404,47.4985545,23.3838112274892));
#6227=CARTESIAN_POINT('Ctrl Pts',(-42.0030265513163,47.4985545,24.6988137257956));
#6228=CARTESIAN_POINT('Ctrl Pts',(-39.7554957815892,47.4985545,24.6985263622131));
#6229=CARTESIAN_POINT('',(-39.7554957815892,47.4985545,24.6985263622131));
#6230=CARTESIAN_POINT('Origin',(42.6703967794706,47.4985545,24.6879875966933));
#6231=CARTESIAN_POINT('Ctrl Pts',(42.6669610544643,47.4985545,24.6879880359764));
#6232=CARTESIAN_POINT('Ctrl Pts',(42.6669610544643,46.6403196794623,24.6879880359764));
#6233=CARTESIAN_POINT('Ctrl Pts',(42.6669610544643,45.7820848589245,24.6879880359764));
#6234=CARTESIAN_POINT('Ctrl Pts',(42.6669610544643,44.0457576217202,24.6879880359764));
#6235=CARTESIAN_POINT('Ctrl Pts',(42.6669610544643,43.1676652050535,24.6879880359764));
#6236=CARTESIAN_POINT('Ctrl Pts',(42.6669610544643,42.2697151922579,24.6879880359764));
#6237=CARTESIAN_POINT('Ctrl Pts',(42.6669610544643,42.2498575961289,24.6879880359764));
#6238=CARTESIAN_POINT('Ctrl Pts',(42.6669610544643,42.23,24.6879880359764));
#6239=CARTESIAN_POINT('Ctrl Pts',(42.6669610544641,42.23,24.6879880359764));
#6240=CARTESIAN_POINT('Ctrl Pts',(44.3541574745654,42.23,24.6990783462895));
#6241=CARTESIAN_POINT('Ctrl Pts',(48.2978544289974,42.23,23.7432973326522));
#6242=CARTESIAN_POINT('Ctrl Pts',(51.2460436483049,42.23,20.7433585728863));
#6243=CARTESIAN_POINT('Ctrl Pts',(52.3037150687924,42.23,18.676631096879));
#6244=CARTESIAN_POINT('Ctrl Pts',(42.6669610544641,47.4985545,24.6879880359764));
#6245=CARTESIAN_POINT('Ctrl Pts',(44.3541574745654,47.4985545,24.6990783462895));
#6246=CARTESIAN_POINT('Ctrl Pts',(48.2978544289974,47.4985545,23.7432973326522));
#6247=CARTESIAN_POINT('Ctrl Pts',(51.2460436483049,47.4985545,20.7433585728863));
#6248=CARTESIAN_POINT('Ctrl Pts',(52.3037150687924,47.4985545,18.676631096879));
#6249=CARTESIAN_POINT('Ctrl Pts',(52.3037150687924,42.23,18.676631096879));
#6250=CARTESIAN_POINT('Ctrl Pts',(52.3037150687924,43.1080924166666,18.676631096879));
#6251=CARTESIAN_POINT('Ctrl Pts',(52.3037150687924,43.9861848333333,18.676631096879));
#6252=CARTESIAN_POINT('Ctrl Pts',(52.3037150687924,45.7423696666666,18.676631096879));
#6253=CARTESIAN_POINT('Ctrl Pts',(52.3037150687924,46.6204620833333,18.676631096879));
#6254=CARTESIAN_POINT('Ctrl Pts',(52.3037150687924,47.4985545,18.676631096879));
#6255=CARTESIAN_POINT('Origin',(52.2936857393235,47.4985545,-23.7292392265288));
#6256=CARTESIAN_POINT('',(52.2936857393235,47.4985545,-23.7292392265288));
#6257=CARTESIAN_POINT('Ctrl Pts',(52.2936857672914,42.23,-23.7290032700438));
#6258=CARTESIAN_POINT('Ctrl Pts',(52.2936843473379,42.23,-26.303467812677));
#6259=CARTESIAN_POINT('Ctrl Pts',(50.8754914043071,42.23,-30.5823081410398));
#6260=CARTESIAN_POINT('Ctrl Pts',(46.2703287033974,42.23,-34.4572108967203));
#6261=CARTESIAN_POINT('Ctrl Pts',(42.9824104824807,42.23,-35.2555758822852));
#6262=CARTESIAN_POINT('Ctrl Pts',(41.3343819822362,42.23,-35.2555758822852));
#6263=CARTESIAN_POINT('Ctrl Pts',(52.2936857672914,47.4985545,-23.7290032700438));
#6264=CARTESIAN_POINT('Ctrl Pts',(52.2936843473379,47.4985545,-26.303467812677));
#6265=CARTESIAN_POINT('Ctrl Pts',(50.8754914043071,47.4985545,-30.5823081410398));
#6266=CARTESIAN_POINT('Ctrl Pts',(46.2703287033974,47.4985545,-34.4572108967203));
#6267=CARTESIAN_POINT('Ctrl Pts',(42.9824104824807,47.4985545,-35.2555758822852));
#6268=CARTESIAN_POINT('Ctrl Pts',(41.3343819822362,47.4985545,-35.2555758822852));
#6269=CARTESIAN_POINT('',(41.3343819822362,47.4985545,-35.2555758822852));
#6270=CARTESIAN_POINT('Origin',(-38.4197419261159,47.4985545,-35.2555758822852));
#6271=CARTESIAN_POINT('',(-38.4197419261159,47.4985545,-35.2555758822852));
#6272=CARTESIAN_POINT('Ctrl Pts',(-38.4197419261159,42.23,-35.2555758822852));
#6273=CARTESIAN_POINT('Ctrl Pts',(-40.0682982772615,42.23,-35.2555758822852));
#6274=CARTESIAN_POINT('Ctrl Pts',(-43.3573023828231,42.23,-34.4574476418567));
#6275=CARTESIAN_POINT('Ctrl Pts',(-47.9653074621308,42.23,-30.583294415821));
#6276=CARTESIAN_POINT('Ctrl Pts',(-49.3867722932671,42.23,-26.3043246131167));
#6277=CARTESIAN_POINT('Ctrl Pts',(-49.389008851528,42.23,-23.7290018356375));
#6278=CARTESIAN_POINT('Ctrl Pts',(-38.4197419261159,47.4985545,-35.2555758822852));
#6279=CARTESIAN_POINT('Ctrl Pts',(-40.0682982772615,47.4985545,-35.2555758822852));
#6280=CARTESIAN_POINT('Ctrl Pts',(-43.3573023828231,47.4985545,-34.4574476418567));
#6281=CARTESIAN_POINT('Ctrl Pts',(-47.9653074621308,47.4985545,-30.583294415821));
#6282=CARTESIAN_POINT('Ctrl Pts',(-49.3867722932671,47.4985545,-26.3043246131167));
#6283=CARTESIAN_POINT('Ctrl Pts',(-49.389008851528,47.4985545,-23.7290018356375));
#6284=CARTESIAN_POINT('Origin',(-38.5400000000001,32.73,-22.49));
#6285=CARTESIAN_POINT('',(-38.5400000000001,32.73,-32.49));
#6286=CARTESIAN_POINT('Origin',(-38.5400000000001,32.73,-22.49));
#6287=CARTESIAN_POINT('',(-38.5400000000001,37.4985545,-32.49));
#6288=CARTESIAN_POINT('',(-38.5400000000001,32.73,-32.49));
#6289=CARTESIAN_POINT('',(-48.5400000000001,37.4985545,-22.49));
#6290=CARTESIAN_POINT('Origin',(-38.5400000000001,37.4985545,-22.49));
#6291=CARTESIAN_POINT('',(-48.5400000000001,32.73,-22.49));
#6292=CARTESIAN_POINT('Origin',(1.45999999999987,2.72999999999998,-32.49));
#6293=CARTESIAN_POINT('',(41.4599999999999,-27.27,-32.49));
#6294=CARTESIAN_POINT('Origin',(1.45999999999987,2.72999999999998,-32.49));
#6295=CARTESIAN_POINT('',(41.4599999999999,37.4985545,-32.49));
#6296=CARTESIAN_POINT('',(41.4599999999999,-27.27,-32.49));
#6297=CARTESIAN_POINT('',(1.4586620658286,37.4985545,-32.49));
#6298=CARTESIAN_POINT('Origin',(41.4599999999999,-27.27,-22.49));
#6299=CARTESIAN_POINT('',(51.4599999999999,-27.27,-22.49));
#6300=CARTESIAN_POINT('Origin',(41.4599999999999,-27.27,-22.49));
#6301=CARTESIAN_POINT('',(51.4599999999999,37.4985545,-22.49));
#6302=CARTESIAN_POINT('',(51.4599999999999,-27.27,-22.49));
#6303=CARTESIAN_POINT('Origin',(41.4599999999999,37.4985545,-22.49));
#6304=CARTESIAN_POINT('Origin',(51.4599999999999,-57.27,-22.49));
#6305=CARTESIAN_POINT('Origin',(51.4599999999999,-57.27,-22.49));
#6306=CARTESIAN_POINT('',(51.4599999999999,37.4985545,17.51));
#6307=CARTESIAN_POINT('',(51.4599999999999,-57.27,17.51));
#6308=CARTESIAN_POINT('',(51.4599999999999,37.4985545,-13.8842623587057));
#6309=CARTESIAN_POINT('Origin',(1.45732413165733,32.23,-5.27852471741136));
#6310=CARTESIAN_POINT('',(-49.3890084405592,32.23,-23.7290018352806));
#6311=CARTESIAN_POINT('',(-38.4197419261159,32.23,-35.2555758822852));
#6312=CARTESIAN_POINT('Ctrl Pts',(-38.4197419261159,32.23,-35.2555758822852));
#6313=CARTESIAN_POINT('Ctrl Pts',(-40.0682982772615,32.23,-35.2555758822852));
#6314=CARTESIAN_POINT('Ctrl Pts',(-43.3573640664297,32.23,-34.4574851820495));
#6315=CARTESIAN_POINT('Ctrl Pts',(-47.9654419561477,32.23,-30.583338125687));
#6316=CARTESIAN_POINT('Ctrl Pts',(-49.3867722932671,32.23,-26.3043246131167));
#6317=CARTESIAN_POINT('Ctrl Pts',(-49.389008851528,32.23,-23.7290018356375));
#6318=CARTESIAN_POINT('',(41.3343819822362,32.23,-35.2555758822852));
#6319=CARTESIAN_POINT('',(-18.4812088972293,32.23,-35.2555758822852));
#6320=CARTESIAN_POINT('',(52.2936857393235,32.23,-23.7292392265288));
#6321=CARTESIAN_POINT('Ctrl Pts',(52.2936857647788,32.23,-23.7292392265094));
#6322=CARTESIAN_POINT('Ctrl Pts',(52.2936323590313,32.23,-26.303624680535));
#6323=CARTESIAN_POINT('Ctrl Pts',(50.8755613845663,32.23,-30.5824012028834));
#6324=CARTESIAN_POINT('Ctrl Pts',(46.2703886177659,32.23,-34.4572471724603));
#6325=CARTESIAN_POINT('Ctrl Pts',(42.9824104824807,32.23,-35.2555758822852));
#6326=CARTESIAN_POINT('Ctrl Pts',(41.3343819822362,32.23,-35.2555758822852));
#6327=CARTESIAN_POINT('',(52.3037150687923,32.23,18.6766310968794));
#6328=CARTESIAN_POINT('',(52.2958661886136,32.23,-14.5098940919026));
#6329=CARTESIAN_POINT('',(42.6669610544643,32.23,24.6879880359764));
#6330=CARTESIAN_POINT('Ctrl Pts',(42.6669610544641,32.23,24.6879880359764));
#6331=CARTESIAN_POINT('Ctrl Pts',(44.3541574745654,32.23,24.6990783462895));
#6332=CARTESIAN_POINT('Ctrl Pts',(48.2979065893251,32.23,23.7433575833402));
#6333=CARTESIAN_POINT('Ctrl Pts',(51.2460436483049,32.23,20.7433585728863));
#6334=CARTESIAN_POINT('Ctrl Pts',(52.3037150687924,32.23,18.676631096879));
#6335=CARTESIAN_POINT('',(-39.7554957815892,32.23,24.6985263622131));
#6336=CARTESIAN_POINT('',(22.0657765135204,32.23,24.6906220511695));
#6337=CARTESIAN_POINT('',(-49.3890084405591,32.23,18.6791625948205));
#6338=CARTESIAN_POINT('Ctrl Pts',(-49.3890084405592,32.23,18.6791625948201));
#6339=CARTESIAN_POINT('Ctrl Pts',(-48.5894916356837,32.23,20.2240516981004));
#6340=CARTESIAN_POINT('Ctrl Pts',(-45.9242513503405,32.23,23.3838748815493));
#6341=CARTESIAN_POINT('Ctrl Pts',(-42.0030265513163,32.23,24.6988137257956));
#6342=CARTESIAN_POINT('Ctrl Pts',(-39.7554957815892,32.23,24.6985263622131));
#6343=CARTESIAN_POINT('',(-49.3890084405592,32.23,6.57572345136629));
#6344=CARTESIAN_POINT('',(-48.5400000000001,32.23,-22.49));
#6345=CARTESIAN_POINT('',(-38.5400000000001,32.23,-32.49));
#6346=CARTESIAN_POINT('Origin',(-38.5400000000001,32.23,-22.49));
#6347=CARTESIAN_POINT('',(-48.5400000000001,32.23,17.51));
#6348=CARTESIAN_POINT('',(-48.5400000000001,32.23,-13.8842623587057));
#6349=CARTESIAN_POINT('',(-39.8797459621557,32.23,22.51));
#6350=CARTESIAN_POINT('Origin',(-39.8797459621557,32.23,12.51));
#6351=CARTESIAN_POINT('',(42.7997484063745,32.23,22.51));
#6352=CARTESIAN_POINT('',(1.45866267688335,32.23,22.51));
#6353=CARTESIAN_POINT('',(51.4599999999999,32.23,17.51));
#6354=CARTESIAN_POINT('Origin',(42.7997484063745,32.23,12.51));
#6355=CARTESIAN_POINT('',(51.4599999999999,32.23,-22.49));
#6356=CARTESIAN_POINT('',(51.4599999999999,32.23,-13.8842623587057));
#6357=CARTESIAN_POINT('',(41.4599999999999,32.23,-32.49));
#6358=CARTESIAN_POINT('Origin',(41.4599999999999,32.23,-22.49));
#6359=CARTESIAN_POINT('',(1.4586620658286,32.23,-32.49));
#6360=CARTESIAN_POINT('Origin',(1.45732413165733,37.4985545,-5.27852471741136));
#6361=CARTESIAN_POINT('',(-49.3890084405592,37.4985545,-23.7290018352806));
#6362=CARTESIAN_POINT('',(-38.4197419261159,37.4985545,-35.2555758822852));
#6363=CARTESIAN_POINT('Ctrl Pts',(-38.4197419261159,37.4985545,-35.2555758822852));
#6364=CARTESIAN_POINT('Ctrl Pts',(-40.0682982772615,37.4985545,-35.2555758822852));
#6365=CARTESIAN_POINT('Ctrl Pts',(-43.3573640664297,37.4985545,-34.4574851820495));
#6366=CARTESIAN_POINT('Ctrl Pts',(-47.9654419561477,37.4985545,-30.583338125687));
#6367=CARTESIAN_POINT('Ctrl Pts',(-49.3867722932671,37.4985545,-26.3043246131167));
#6368=CARTESIAN_POINT('Ctrl Pts',(-49.389008851528,37.4985545,-23.7290018356375));
#6369=CARTESIAN_POINT('',(-49.3890084405591,37.4985545,18.6791625948205));
#6370=CARTESIAN_POINT('',(-49.3890084405592,37.4985545,6.57572345136629));
#6371=CARTESIAN_POINT('',(-39.7554957815892,37.4985545,24.6985263622131));
#6372=CARTESIAN_POINT('Ctrl Pts',(-49.3890084405592,37.4985545,18.6791625948201));
#6373=CARTESIAN_POINT('Ctrl Pts',(-48.5894916356837,37.4985545,20.2240516981004));
#6374=CARTESIAN_POINT('Ctrl Pts',(-45.9242513503405,37.4985545,23.3838748815493));
#6375=CARTESIAN_POINT('Ctrl Pts',(-42.0030265513163,37.4985545,24.6988137257956));
#6376=CARTESIAN_POINT('Ctrl Pts',(-39.7554957815892,37.4985545,24.6985263622131));
#6377=CARTESIAN_POINT('',(42.6669610544643,37.4985545,24.6879880359764));
#6378=CARTESIAN_POINT('',(22.0657765135204,37.4985545,24.6906220511695));
#6379=CARTESIAN_POINT('',(52.3037150687923,37.4985545,18.6766310968794));
#6380=CARTESIAN_POINT('Ctrl Pts',(42.6669610544641,37.4985545,24.6879880359764));
#6381=CARTESIAN_POINT('Ctrl Pts',(44.3541574745654,37.4985545,24.6990783462895));
#6382=CARTESIAN_POINT('Ctrl Pts',(48.2979065893251,37.4985545,23.7433575833402));
#6383=CARTESIAN_POINT('Ctrl Pts',(51.2460436483049,37.4985545,20.7433585728863));
#6384=CARTESIAN_POINT('Ctrl Pts',(52.3037150687924,37.4985545,18.676631096879));
#6385=CARTESIAN_POINT('',(52.2936857393235,37.4985545,-23.7292392265288));
#6386=CARTESIAN_POINT('',(52.2958661886136,37.4985545,-14.5098940919026));
#6387=CARTESIAN_POINT('',(41.3343819822362,37.4985545,-35.2555758822852));
#6388=CARTESIAN_POINT('Ctrl Pts',(52.2936857647788,37.4985545,-23.7292392265094));
#6389=CARTESIAN_POINT('Ctrl Pts',(52.2936323590313,37.4985545,-26.303624680535));
#6390=CARTESIAN_POINT('Ctrl Pts',(50.8755613845663,37.4985545,-30.5824012028834));
#6391=CARTESIAN_POINT('Ctrl Pts',(46.2703886177659,37.4985545,-34.4572471724603));
#6392=CARTESIAN_POINT('Ctrl Pts',(42.9824104824807,37.4985545,-35.2555758822852));
#6393=CARTESIAN_POINT('Ctrl Pts',(41.3343819822362,37.4985545,-35.2555758822852));
#6394=CARTESIAN_POINT('',(-18.4812088972293,37.4985545,-35.2555758822852));
#6395=CARTESIAN_POINT('',(42.7997484063745,37.4985545,22.51));
#6396=CARTESIAN_POINT('Origin',(42.7997484063745,37.4985545,12.51));
#6397=CARTESIAN_POINT('',(-39.8797459621557,37.4985545,22.51));
#6398=CARTESIAN_POINT('',(1.45866267688335,37.4985545,22.51));
#6399=CARTESIAN_POINT('',(-48.5400000000001,37.4985545,17.51));
#6400=CARTESIAN_POINT('Origin',(-39.8797459621557,37.4985545,12.51));
#6401=CARTESIAN_POINT('',(-48.5400000000001,37.4985545,-13.8842623587057));
#6402=CARTESIAN_POINT('Origin',(-49.3890084405592,37.4985545,18.4299716201439));
#6403=CARTESIAN_POINT('',(-49.3890084405592,37.4985545,-23.7290018352806));
#6404=CARTESIAN_POINT('Ctrl Pts',(-49.3890084405592,37.4985545,18.6791625948201));
#6405=CARTESIAN_POINT('Ctrl Pts',(-49.3890084405592,36.6204620833333,18.6791625948201));
#6406=CARTESIAN_POINT('Ctrl Pts',(-49.3890084405592,35.7423696666666,18.6791625948201));
#6407=CARTESIAN_POINT('Ctrl Pts',(-49.3890084405592,33.9861848333333,18.6791625948201));
#6408=CARTESIAN_POINT('Ctrl Pts',(-49.3890084405592,33.1080924166666,18.6791625948201));
#6409=CARTESIAN_POINT('Ctrl Pts',(-49.3890084405592,32.23,18.6791625948201));
#6410=CARTESIAN_POINT('Ctrl Pts',(-49.3890084405592,32.23,18.6791625948201));
#6411=CARTESIAN_POINT('Ctrl Pts',(-48.5894916356837,32.23,20.2240516981004));
#6412=CARTESIAN_POINT('Ctrl Pts',(-45.9242513503405,32.23,23.3838748815493));
#6413=CARTESIAN_POINT('Ctrl Pts',(-42.0030265513163,32.23,24.6988137257956));
#6414=CARTESIAN_POINT('Ctrl Pts',(-39.7554957815892,32.23,24.6985263622131));
#6415=CARTESIAN_POINT('Ctrl Pts',(-49.3890084405592,37.4985545,18.6791625948201));
#6416=CARTESIAN_POINT('Ctrl Pts',(-48.5894916356837,37.4985545,20.2240516981004));
#6417=CARTESIAN_POINT('Ctrl Pts',(-45.9242513503405,37.4985545,23.3838748815493));
#6418=CARTESIAN_POINT('Ctrl Pts',(-42.0030265513163,37.4985545,24.6988137257956));
#6419=CARTESIAN_POINT('Ctrl Pts',(-39.7554957815892,37.4985545,24.6985263622131));
#6420=CARTESIAN_POINT('',(-39.7554957815892,37.4985545,24.6985263622131));
#6421=CARTESIAN_POINT('Origin',(42.6703967794706,37.4985545,24.6879875966933));
#6422=CARTESIAN_POINT('Ctrl Pts',(42.6669610544643,37.4985545,24.6879880359764));
#6423=CARTESIAN_POINT('Ctrl Pts',(42.6669610544643,36.6403196794623,24.6879880359764));
#6424=CARTESIAN_POINT('Ctrl Pts',(42.6669610544643,35.7820848589245,24.6879880359764));
#6425=CARTESIAN_POINT('Ctrl Pts',(42.6669610544643,34.0457576217202,24.6879880359764));
#6426=CARTESIAN_POINT('Ctrl Pts',(42.6669610544643,33.1676652050535,24.6879880359764));
#6427=CARTESIAN_POINT('Ctrl Pts',(42.6669610544643,32.2697151922579,24.6879880359764));
#6428=CARTESIAN_POINT('Ctrl Pts',(42.6669610544643,32.2498575961289,24.6879880359764));
#6429=CARTESIAN_POINT('Ctrl Pts',(42.6669610544643,32.23,24.6879880359764));
#6430=CARTESIAN_POINT('Ctrl Pts',(42.6669610544641,32.23,24.6879880359764));
#6431=CARTESIAN_POINT('Ctrl Pts',(44.3541574745654,32.23,24.6990783462895));
#6432=CARTESIAN_POINT('Ctrl Pts',(48.2979065893251,32.23,23.7433575833402));
#6433=CARTESIAN_POINT('Ctrl Pts',(51.2460436483049,32.23,20.7433585728863));
#6434=CARTESIAN_POINT('Ctrl Pts',(52.3037150687924,32.23,18.676631096879));
#6435=CARTESIAN_POINT('Ctrl Pts',(42.6669610544641,37.4985545,24.6879880359764));
#6436=CARTESIAN_POINT('Ctrl Pts',(44.3541574745654,37.4985545,24.6990783462895));
#6437=CARTESIAN_POINT('Ctrl Pts',(48.2979065893251,37.4985545,23.7433575833402));
#6438=CARTESIAN_POINT('Ctrl Pts',(51.2460436483049,37.4985545,20.7433585728863));
#6439=CARTESIAN_POINT('Ctrl Pts',(52.3037150687924,37.4985545,18.676631096879));
#6440=CARTESIAN_POINT('Ctrl Pts',(52.3037150687924,32.23,18.676631096879));
#6441=CARTESIAN_POINT('Ctrl Pts',(52.3037150687924,33.1080924166666,18.676631096879));
#6442=CARTESIAN_POINT('Ctrl Pts',(52.3037150687924,33.9861848333333,18.676631096879));
#6443=CARTESIAN_POINT('Ctrl Pts',(52.3037150687924,35.7423696666666,18.676631096879));
#6444=CARTESIAN_POINT('Ctrl Pts',(52.3037150687924,36.6204620833333,18.676631096879));
#6445=CARTESIAN_POINT('Ctrl Pts',(52.3037150687924,37.4985545,18.676631096879));
#6446=CARTESIAN_POINT('Origin',(52.2936857393235,37.4985545,-23.7292392265288));
#6447=CARTESIAN_POINT('',(52.2936857393235,37.4985545,-23.7292392265288));
#6448=CARTESIAN_POINT('Ctrl Pts',(52.2936857672914,32.23,-23.7290032700438));
#6449=CARTESIAN_POINT('Ctrl Pts',(52.2936843473379,32.23,-26.303467812677));
#6450=CARTESIAN_POINT('Ctrl Pts',(50.8756216819653,32.23,-30.5823504679501));
#6451=CARTESIAN_POINT('Ctrl Pts',(46.2703886177659,32.23,-34.4572471724603));
#6452=CARTESIAN_POINT('Ctrl Pts',(42.9824104824807,32.23,-35.2555758822852));
#6453=CARTESIAN_POINT('Ctrl Pts',(41.3343819822362,32.23,-35.2555758822852));
#6454=CARTESIAN_POINT('Ctrl Pts',(52.2936857672914,37.4985545,-23.7290032700438));
#6455=CARTESIAN_POINT('Ctrl Pts',(52.2936843473379,37.4985545,-26.303467812677));
#6456=CARTESIAN_POINT('Ctrl Pts',(50.8756216819653,37.4985545,-30.5823504679501));
#6457=CARTESIAN_POINT('Ctrl Pts',(46.2703886177659,37.4985545,-34.4572471724603));
#6458=CARTESIAN_POINT('Ctrl Pts',(42.9824104824807,37.4985545,-35.2555758822852));
#6459=CARTESIAN_POINT('Ctrl Pts',(41.3343819822362,37.4985545,-35.2555758822852));
#6460=CARTESIAN_POINT('',(41.3343819822362,37.4985545,-35.2555758822852));
#6461=CARTESIAN_POINT('Origin',(-38.4197419261159,37.4985545,-35.2555758822852));
#6462=CARTESIAN_POINT('',(-38.4197419261159,37.4985545,-35.2555758822852));
#6463=CARTESIAN_POINT('Ctrl Pts',(-38.4197419261159,32.23,-35.2555758822852));
#6464=CARTESIAN_POINT('Ctrl Pts',(-40.0682982772615,32.23,-35.2555758822852));
#6465=CARTESIAN_POINT('Ctrl Pts',(-43.3573640664297,32.23,-34.4574851820495));
#6466=CARTESIAN_POINT('Ctrl Pts',(-47.9654419561477,32.23,-30.583338125687));
#6467=CARTESIAN_POINT('Ctrl Pts',(-49.3867722932671,32.23,-26.3043246131167));
#6468=CARTESIAN_POINT('Ctrl Pts',(-49.389008851528,32.23,-23.7290018356375));
#6469=CARTESIAN_POINT('Ctrl Pts',(-38.4197419261159,37.4985545,-35.2555758822852));
#6470=CARTESIAN_POINT('Ctrl Pts',(-40.0682982772615,37.4985545,-35.2555758822852));
#6471=CARTESIAN_POINT('Ctrl Pts',(-43.3573640664297,37.4985545,-34.4574851820495));
#6472=CARTESIAN_POINT('Ctrl Pts',(-47.9654419561477,37.4985545,-30.583338125687));
#6473=CARTESIAN_POINT('Ctrl Pts',(-49.3867722932671,37.4985545,-26.3043246131167));
#6474=CARTESIAN_POINT('Ctrl Pts',(-49.389008851528,37.4985545,-23.7290018356375));
#6475=CARTESIAN_POINT('Origin',(42.7997484063745,62.73,12.51));
#6476=CARTESIAN_POINT('',(42.7997484063745,62.73,22.51));
#6477=CARTESIAN_POINT('Origin',(42.7997484063745,62.73,12.51));
#6478=CARTESIAN_POINT('',(42.7997484063745,27.4985545,22.51));
#6479=CARTESIAN_POINT('',(42.7997484063745,62.73,22.51));
#6480=CARTESIAN_POINT('',(51.4599999999999,27.4985545,17.51));
#6481=CARTESIAN_POINT('Origin',(42.7997484063745,27.4985545,12.51));
#6482=CARTESIAN_POINT('',(51.4599999999999,-57.27,17.51));
#6483=CARTESIAN_POINT('Origin',(1.46000122210936,2.72999863991047,22.51));
#6484=CARTESIAN_POINT('',(-39.8797459621557,-57.270002720179,22.51));
#6485=CARTESIAN_POINT('Origin',(1.46000122210936,2.72999863991047,22.51));
#6486=CARTESIAN_POINT('',(-39.8797459621557,27.4985545,22.51));
#6487=CARTESIAN_POINT('',(-39.8797459621557,-57.270002720179,22.51));
#6488=CARTESIAN_POINT('',(1.45866267688335,27.4985545,22.51));
#6489=CARTESIAN_POINT('Origin',(-39.8797459621557,-57.270002720179,12.51));
#6490=CARTESIAN_POINT('',(-48.5400000000001,62.73,17.51));
#6491=CARTESIAN_POINT('Origin',(-39.8797459621557,-57.270002720179,12.51));
#6492=CARTESIAN_POINT('',(-48.5400000000001,27.4985545,17.51));
#6493=CARTESIAN_POINT('',(-48.5400000000001,62.73,17.51));
#6494=CARTESIAN_POINT('Origin',(-39.8797459621557,27.4985545,12.51));
#6495=CARTESIAN_POINT('Origin',(-48.5400000000001,62.73,-22.49));
#6496=CARTESIAN_POINT('Origin',(-48.5400000000001,62.73,-22.49));
#6497=CARTESIAN_POINT('',(-48.5400000000001,27.4985545,-22.49));
#6498=CARTESIAN_POINT('',(-48.5400000000001,32.73,-22.49));
#6499=CARTESIAN_POINT('',(-48.5400000000001,27.4985545,-13.8842623587057));
#6500=CARTESIAN_POINT('Origin',(1.45732413165733,22.23,-5.27852471741136));
#6501=CARTESIAN_POINT('',(-49.3890084405592,22.23,-23.7290018352806));
#6502=CARTESIAN_POINT('',(-38.4197419261159,22.23,-35.2555758822852));
#6503=CARTESIAN_POINT('Ctrl Pts',(-38.4197419261159,22.23,-35.2555758822852));
#6504=CARTESIAN_POINT('Ctrl Pts',(-40.0682982772615,22.23,-35.2555758822852));
#6505=CARTESIAN_POINT('Ctrl Pts',(-43.3574328422865,22.23,-34.4575276858929));
#6506=CARTESIAN_POINT('Ctrl Pts',(-47.9655934986982,22.23,-30.5833869927777));
#6507=CARTESIAN_POINT('Ctrl Pts',(-49.3867722932671,22.23,-26.3043246131167));
#6508=CARTESIAN_POINT('Ctrl Pts',(-49.389008851528,22.23,-23.7290018356375));
#6509=CARTESIAN_POINT('',(41.3343819822362,22.23,-35.2555758822852));
#6510=CARTESIAN_POINT('',(-18.4812088972293,22.23,-35.2555758822852));
#6511=CARTESIAN_POINT('',(52.2936857393235,22.23,-23.7292392265288));
#6512=CARTESIAN_POINT('Ctrl Pts',(52.2936857647791,22.23,-23.7292392265094));
#6513=CARTESIAN_POINT('Ctrl Pts',(52.2936323644016,22.23,-26.3036246822668));
#6514=CARTESIAN_POINT('Ctrl Pts',(50.8757078691929,22.23,-30.5824484421407));
#6515=CARTESIAN_POINT('Ctrl Pts',(46.2704553162997,22.23,-34.4572881509078));
#6516=CARTESIAN_POINT('Ctrl Pts',(42.9824104824807,22.23,-35.2555758822852));
#6517=CARTESIAN_POINT('Ctrl Pts',(41.3343819822362,22.23,-35.2555758822852));
#6518=CARTESIAN_POINT('',(52.3037150687923,22.23,18.6766310968794));
#6519=CARTESIAN_POINT('',(52.2958661886136,22.23,-14.5098940919026));
#6520=CARTESIAN_POINT('',(42.6669610544643,22.23,24.6879880359764));
#6521=CARTESIAN_POINT('Ctrl Pts',(42.6669610544641,22.23,24.6879880359764));
#6522=CARTESIAN_POINT('Ctrl Pts',(44.3541574745654,22.23,24.6990783462895));
#6523=CARTESIAN_POINT('Ctrl Pts',(48.2979670662243,22.23,23.7434274405467));
#6524=CARTESIAN_POINT('Ctrl Pts',(51.2460436483049,22.23,20.7433585728863));
#6525=CARTESIAN_POINT('Ctrl Pts',(52.3037150687924,22.23,18.676631096879));
#6526=CARTESIAN_POINT('',(-39.7554957815892,22.23,24.6985263622131));
#6527=CARTESIAN_POINT('',(22.0657765135204,22.23,24.6906220511695));
#6528=CARTESIAN_POINT('',(-49.3890084405591,22.23,18.6791625948205));
#6529=CARTESIAN_POINT('Ctrl Pts',(-49.3890084405592,22.23,18.6791625948201));
#6530=CARTESIAN_POINT('Ctrl Pts',(-48.5894916356837,22.23,20.2240516981004));
#6531=CARTESIAN_POINT('Ctrl Pts',(-45.9242900296017,22.23,23.3839488540107));
#6532=CARTESIAN_POINT('Ctrl Pts',(-42.0030265513163,22.23,24.6988137257956));
#6533=CARTESIAN_POINT('Ctrl Pts',(-39.7554957815892,22.23,24.6985263622131));
#6534=CARTESIAN_POINT('',(-49.3890084405592,22.23,6.57572345136629));
#6535=CARTESIAN_POINT('',(51.4599999999999,22.23,17.51));
#6536=CARTESIAN_POINT('',(42.7997484063745,22.23,22.51));
#6537=CARTESIAN_POINT('Origin',(42.7997484063745,22.23,12.51));
#6538=CARTESIAN_POINT('',(51.4599999999999,22.23,-22.49));
#6539=CARTESIAN_POINT('',(51.4599999999999,22.23,-13.8842623587057));
#6540=CARTESIAN_POINT('',(41.4599999999999,22.23,-32.49));
#6541=CARTESIAN_POINT('Origin',(41.4599999999999,22.23,-22.49));
#6542=CARTESIAN_POINT('',(-38.5400000000001,22.23,-32.49));
#6543=CARTESIAN_POINT('',(1.4586620658286,22.23,-32.49));
#6544=CARTESIAN_POINT('',(-48.5400000000001,22.23,-22.49));
#6545=CARTESIAN_POINT('Origin',(-38.5400000000001,22.23,-22.49));
#6546=CARTESIAN_POINT('',(-48.5400000000001,22.23,17.51));
#6547=CARTESIAN_POINT('',(-48.5400000000001,22.23,-13.8842623587057));
#6548=CARTESIAN_POINT('',(-39.8797459621557,22.23,22.51));
#6549=CARTESIAN_POINT('Origin',(-39.8797459621557,22.23,12.51));
#6550=CARTESIAN_POINT('',(1.45866267688335,22.23,22.51));
#6551=CARTESIAN_POINT('Origin',(1.45732413165733,27.4985545,-5.27852471741136));
#6552=CARTESIAN_POINT('',(-49.3890084405592,27.4985545,-23.7290018352806));
#6553=CARTESIAN_POINT('',(-38.4197419261159,27.4985545,-35.2555758822852));
#6554=CARTESIAN_POINT('Ctrl Pts',(-38.4197419261159,27.4985545,-35.2555758822852));
#6555=CARTESIAN_POINT('Ctrl Pts',(-40.0682982772615,27.4985545,-35.2555758822852));
#6556=CARTESIAN_POINT('Ctrl Pts',(-43.3574328422865,27.4985545,-34.4575276858929));
#6557=CARTESIAN_POINT('Ctrl Pts',(-47.9655934986982,27.4985545,-30.5833869927777));
#6558=CARTESIAN_POINT('Ctrl Pts',(-49.3867722932671,27.4985545,-26.3043246131167));
#6559=CARTESIAN_POINT('Ctrl Pts',(-49.389008851528,27.4985545,-23.7290018356375));
#6560=CARTESIAN_POINT('',(-49.3890084405591,27.4985545,18.6791625948205));
#6561=CARTESIAN_POINT('',(-49.3890084405592,27.4985545,6.57572345136629));
#6562=CARTESIAN_POINT('',(-39.7554957815892,27.4985545,24.6985263622131));
#6563=CARTESIAN_POINT('Ctrl Pts',(-49.3890084405592,27.4985545,18.6791625948201));
#6564=CARTESIAN_POINT('Ctrl Pts',(-48.5894916356837,27.4985545,20.2240516981004));
#6565=CARTESIAN_POINT('Ctrl Pts',(-45.9242900296017,27.4985545,23.3839488540107));
#6566=CARTESIAN_POINT('Ctrl Pts',(-42.0030265513163,27.4985545,24.6988137257956));
#6567=CARTESIAN_POINT('Ctrl Pts',(-39.7554957815892,27.4985545,24.6985263622131));
#6568=CARTESIAN_POINT('',(42.6669610544643,27.4985545,24.6879880359764));
#6569=CARTESIAN_POINT('',(22.0657765135204,27.4985545,24.6906220511695));
#6570=CARTESIAN_POINT('',(52.3037150687923,27.4985545,18.6766310968794));
#6571=CARTESIAN_POINT('Ctrl Pts',(42.6669610544641,27.4985545,24.6879880359764));
#6572=CARTESIAN_POINT('Ctrl Pts',(44.3541574745654,27.4985545,24.6990783462895));
#6573=CARTESIAN_POINT('Ctrl Pts',(48.2979670662243,27.4985545,23.7434274405467));
#6574=CARTESIAN_POINT('Ctrl Pts',(51.2460436483049,27.4985545,20.7433585728863));
#6575=CARTESIAN_POINT('Ctrl Pts',(52.3037150687924,27.4985545,18.676631096879));
#6576=CARTESIAN_POINT('',(52.2936857393235,27.4985545,-23.7292392265288));
#6577=CARTESIAN_POINT('',(52.2958661886136,27.4985545,-14.5098940919026));
#6578=CARTESIAN_POINT('',(41.3343819822362,27.4985545,-35.2555758822852));
#6579=CARTESIAN_POINT('Ctrl Pts',(52.2936857647791,27.4985545,-23.7292392265094));
#6580=CARTESIAN_POINT('Ctrl Pts',(52.2936323644016,27.4985545,-26.3036246822668));
#6581=CARTESIAN_POINT('Ctrl Pts',(50.8757078691929,27.4985545,-30.5824484421407));
#6582=CARTESIAN_POINT('Ctrl Pts',(46.2704553162997,27.4985545,-34.4572881509078));
#6583=CARTESIAN_POINT('Ctrl Pts',(42.9824104824807,27.4985545,-35.2555758822852));
#6584=CARTESIAN_POINT('Ctrl Pts',(41.3343819822362,27.4985545,-35.2555758822852));
#6585=CARTESIAN_POINT('',(-18.4812088972293,27.4985545,-35.2555758822852));
#6586=CARTESIAN_POINT('',(-38.5400000000001,27.4985545,-32.49));
#6587=CARTESIAN_POINT('Origin',(-38.5400000000001,27.4985545,-22.49));
#6588=CARTESIAN_POINT('',(41.4599999999999,27.4985545,-32.49));
#6589=CARTESIAN_POINT('',(1.4586620658286,27.4985545,-32.49));
#6590=CARTESIAN_POINT('',(51.4599999999999,27.4985545,-22.49));
#6591=CARTESIAN_POINT('Origin',(41.4599999999999,27.4985545,-22.49));
#6592=CARTESIAN_POINT('',(51.4599999999999,27.4985545,-13.8842623587057));
#6593=CARTESIAN_POINT('Origin',(-49.3890084405592,27.4985545,18.4299716201439));
#6594=CARTESIAN_POINT('',(-49.3890084405592,27.4985545,-23.7290018352806));
#6595=CARTESIAN_POINT('Ctrl Pts',(-49.3890084405592,27.4985545,18.6791625948201));
#6596=CARTESIAN_POINT('Ctrl Pts',(-49.3890084405592,26.6204620833333,18.6791625948201));
#6597=CARTESIAN_POINT('Ctrl Pts',(-49.3890084405592,25.7423696666666,18.6791625948201));
#6598=CARTESIAN_POINT('Ctrl Pts',(-49.3890084405592,23.9861848333333,18.6791625948201));
#6599=CARTESIAN_POINT('Ctrl Pts',(-49.3890084405592,23.1080924166666,18.6791625948201));
#6600=CARTESIAN_POINT('Ctrl Pts',(-49.3890084405592,22.23,18.6791625948201));
#6601=CARTESIAN_POINT('Ctrl Pts',(-49.3890084405592,22.23,18.6791625948201));
#6602=CARTESIAN_POINT('Ctrl Pts',(-48.5894916356837,22.23,20.2240516981004));
#6603=CARTESIAN_POINT('Ctrl Pts',(-45.9242900296017,22.23,23.3839488540107));
#6604=CARTESIAN_POINT('Ctrl Pts',(-42.0030265513163,22.23,24.6988137257956));
#6605=CARTESIAN_POINT('Ctrl Pts',(-39.7554957815892,22.23,24.6985263622131));
#6606=CARTESIAN_POINT('Ctrl Pts',(-49.3890084405592,27.4985545,18.6791625948201));
#6607=CARTESIAN_POINT('Ctrl Pts',(-48.5894916356837,27.4985545,20.2240516981004));
#6608=CARTESIAN_POINT('Ctrl Pts',(-45.9242900296017,27.4985545,23.3839488540107));
#6609=CARTESIAN_POINT('Ctrl Pts',(-42.0030265513163,27.4985545,24.6988137257956));
#6610=CARTESIAN_POINT('Ctrl Pts',(-39.7554957815892,27.4985545,24.6985263622131));
#6611=CARTESIAN_POINT('',(-39.7554957815892,27.4985545,24.6985263622131));
#6612=CARTESIAN_POINT('Origin',(42.6703967794706,27.4985545,24.6879875966933));
#6613=CARTESIAN_POINT('Ctrl Pts',(42.6669610544643,27.4985545,24.6879880359764));
#6614=CARTESIAN_POINT('Ctrl Pts',(42.6669610544643,26.6403196794623,24.6879880359764));
#6615=CARTESIAN_POINT('Ctrl Pts',(42.6669610544643,25.7820848589245,24.6879880359764));
#6616=CARTESIAN_POINT('Ctrl Pts',(42.6669610544643,24.0457576217202,24.6879880359764));
#6617=CARTESIAN_POINT('Ctrl Pts',(42.6669610544643,23.1676652050535,24.6879880359764));
#6618=CARTESIAN_POINT('Ctrl Pts',(42.6669610544643,22.2697151922579,24.6879880359764));
#6619=CARTESIAN_POINT('Ctrl Pts',(42.6669610544643,22.2498575961289,24.6879880359764));
#6620=CARTESIAN_POINT('Ctrl Pts',(42.6669610544643,22.23,24.6879880359764));
#6621=CARTESIAN_POINT('Ctrl Pts',(42.6669610544641,22.23,24.6879880359764));
#6622=CARTESIAN_POINT('Ctrl Pts',(44.3541574745654,22.23,24.6990783462895));
#6623=CARTESIAN_POINT('Ctrl Pts',(48.2979670662243,22.23,23.7434274405467));
#6624=CARTESIAN_POINT('Ctrl Pts',(51.2460436483049,22.23,20.7433585728863));
#6625=CARTESIAN_POINT('Ctrl Pts',(52.3037150687924,22.23,18.676631096879));
#6626=CARTESIAN_POINT('Ctrl Pts',(42.6669610544641,27.4985545,24.6879880359764));
#6627=CARTESIAN_POINT('Ctrl Pts',(44.3541574745654,27.4985545,24.6990783462895));
#6628=CARTESIAN_POINT('Ctrl Pts',(48.2979670662243,27.4985545,23.7434274405467));
#6629=CARTESIAN_POINT('Ctrl Pts',(51.2460436483049,27.4985545,20.7433585728863));
#6630=CARTESIAN_POINT('Ctrl Pts',(52.3037150687924,27.4985545,18.676631096879));
#6631=CARTESIAN_POINT('Ctrl Pts',(52.3037150687924,22.23,18.676631096879));
#6632=CARTESIAN_POINT('Ctrl Pts',(52.3037150687924,23.1080924166666,18.676631096879));
#6633=CARTESIAN_POINT('Ctrl Pts',(52.3037150687924,23.9861848333333,18.676631096879));
#6634=CARTESIAN_POINT('Ctrl Pts',(52.3037150687924,25.7423696666666,18.676631096879));
#6635=CARTESIAN_POINT('Ctrl Pts',(52.3037150687924,26.6204620833333,18.676631096879));
#6636=CARTESIAN_POINT('Ctrl Pts',(52.3037150687924,27.4985545,18.676631096879));
#6637=CARTESIAN_POINT('Origin',(52.2936857393235,27.4985545,-23.7292392265288));
#6638=CARTESIAN_POINT('',(52.2936857393235,27.4985545,-23.7292392265288));
#6639=CARTESIAN_POINT('Ctrl Pts',(52.2936857672914,22.23,-23.7290032700438));
#6640=CARTESIAN_POINT('Ctrl Pts',(52.2936843473379,22.23,-26.303467812677));
#6641=CARTESIAN_POINT('Ctrl Pts',(50.8757681676365,22.23,-30.5823977072893));
#6642=CARTESIAN_POINT('Ctrl Pts',(46.2704553162997,22.23,-34.4572881509078));
#6643=CARTESIAN_POINT('Ctrl Pts',(42.9824104824807,22.23,-35.2555758822852));
#6644=CARTESIAN_POINT('Ctrl Pts',(41.3343819822362,22.23,-35.2555758822852));
#6645=CARTESIAN_POINT('Ctrl Pts',(52.2936857672914,27.4985545,-23.7290032700438));
#6646=CARTESIAN_POINT('Ctrl Pts',(52.2936843473379,27.4985545,-26.303467812677));
#6647=CARTESIAN_POINT('Ctrl Pts',(50.8757681676365,27.4985545,-30.5823977072893));
#6648=CARTESIAN_POINT('Ctrl Pts',(46.2704553162997,27.4985545,-34.4572881509078));
#6649=CARTESIAN_POINT('Ctrl Pts',(42.9824104824807,27.4985545,-35.2555758822852));
#6650=CARTESIAN_POINT('Ctrl Pts',(41.3343819822362,27.4985545,-35.2555758822852));
#6651=CARTESIAN_POINT('',(41.3343819822362,27.4985545,-35.2555758822852));
#6652=CARTESIAN_POINT('Origin',(-38.4197419261159,27.4985545,-35.2555758822852));
#6653=CARTESIAN_POINT('',(-38.4197419261159,27.4985545,-35.2555758822852));
#6654=CARTESIAN_POINT('Ctrl Pts',(-38.4197419261159,22.23,-35.2555758822852));
#6655=CARTESIAN_POINT('Ctrl Pts',(-40.0682982772615,22.23,-35.2555758822852));
#6656=CARTESIAN_POINT('Ctrl Pts',(-43.3574328422865,22.23,-34.4575276858929));
#6657=CARTESIAN_POINT('Ctrl Pts',(-47.9655934986982,22.23,-30.5833869927777));
#6658=CARTESIAN_POINT('Ctrl Pts',(-49.3867722932671,22.23,-26.3043246131167));
#6659=CARTESIAN_POINT('Ctrl Pts',(-49.389008851528,22.23,-23.7290018356375));
#6660=CARTESIAN_POINT('Ctrl Pts',(-38.4197419261159,27.4985545,-35.2555758822852));
#6661=CARTESIAN_POINT('Ctrl Pts',(-40.0682982772615,27.4985545,-35.2555758822852));
#6662=CARTESIAN_POINT('Ctrl Pts',(-43.3574328422865,27.4985545,-34.4575276858929));
#6663=CARTESIAN_POINT('Ctrl Pts',(-47.9655934986982,27.4985545,-30.5833869927777));
#6664=CARTESIAN_POINT('Ctrl Pts',(-49.3867722932671,27.4985545,-26.3043246131167));
#6665=CARTESIAN_POINT('Ctrl Pts',(-49.389008851528,27.4985545,-23.7290018356375));
#6666=CARTESIAN_POINT('Origin',(-38.5400000000001,32.73,-22.49));
#6667=CARTESIAN_POINT('',(-38.5400000000001,32.73,-32.49));
#6668=CARTESIAN_POINT('Origin',(-38.5400000000001,32.73,-22.49));
#6669=CARTESIAN_POINT('',(-38.5400000000001,17.4985545,-32.49));
#6670=CARTESIAN_POINT('',(-38.5400000000001,32.73,-32.49));
#6671=CARTESIAN_POINT('',(-48.5400000000001,17.4985545,-22.49));
#6672=CARTESIAN_POINT('Origin',(-38.5400000000001,17.4985545,-22.49));
#6673=CARTESIAN_POINT('',(-48.5400000000001,32.73,-22.49));
#6674=CARTESIAN_POINT('Origin',(1.45999999999987,2.72999999999998,-32.49));
#6675=CARTESIAN_POINT('',(41.4599999999999,-27.27,-32.49));
#6676=CARTESIAN_POINT('Origin',(1.45999999999987,2.72999999999998,-32.49));
#6677=CARTESIAN_POINT('',(41.4599999999999,17.4985545,-32.49));
#6678=CARTESIAN_POINT('',(41.4599999999999,-27.27,-32.49));
#6679=CARTESIAN_POINT('',(1.4586620658286,17.4985545,-32.49));
#6680=CARTESIAN_POINT('Origin',(41.4599999999999,-27.27,-22.49));
#6681=CARTESIAN_POINT('',(51.4599999999999,-27.27,-22.49));
#6682=CARTESIAN_POINT('Origin',(41.4599999999999,-27.27,-22.49));
#6683=CARTESIAN_POINT('',(51.4599999999999,17.4985545,-22.49));
#6684=CARTESIAN_POINT('',(51.4599999999999,-27.27,-22.49));
#6685=CARTESIAN_POINT('Origin',(41.4599999999999,17.4985545,-22.49));
#6686=CARTESIAN_POINT('Origin',(51.4599999999999,-57.27,-22.49));
#6687=CARTESIAN_POINT('Origin',(51.4599999999999,-57.27,-22.49));
#6688=CARTESIAN_POINT('',(51.4599999999999,17.4985545,17.51));
#6689=CARTESIAN_POINT('',(51.4599999999999,-57.27,17.51));
#6690=CARTESIAN_POINT('',(51.4599999999999,17.4985545,-13.8842623587057));
#6691=CARTESIAN_POINT('Origin',(1.45732413165733,12.23,-5.27852471741136));
#6692=CARTESIAN_POINT('',(-49.3890084405592,12.23,-23.7290018352806));
#6693=CARTESIAN_POINT('',(-38.4197419261159,12.23,-35.2555758822852));
#6694=CARTESIAN_POINT('Ctrl Pts',(-38.4197419261159,12.23,-35.2555758822852));
#6695=CARTESIAN_POINT('Ctrl Pts',(-40.0682982772615,12.23,-35.2555758822852));
#6696=CARTESIAN_POINT('Ctrl Pts',(-43.3575099584477,12.23,-34.4575762272421));
#6697=CARTESIAN_POINT('Ctrl Pts',(-47.9657655804058,12.23,-30.5834419653539));
#6698=CARTESIAN_POINT('Ctrl Pts',(-49.3867722932671,12.23,-26.3043246131167));
#6699=CARTESIAN_POINT('Ctrl Pts',(-49.389008851528,12.23,-23.7290018356375));
#6700=CARTESIAN_POINT('',(41.3343819822362,12.23,-35.2555758822852));
#6701=CARTESIAN_POINT('',(-18.4812088972293,12.23,-35.2555758822852));
#6702=CARTESIAN_POINT('',(52.2936857393235,12.23,-23.7292392265288));
#6703=CARTESIAN_POINT('Ctrl Pts',(52.2936857647794,12.23,-23.7292392265095));
#6704=CARTESIAN_POINT('Ctrl Pts',(52.2936323704852,12.23,-26.3036246842113));
#6705=CARTESIAN_POINT('Ctrl Pts',(50.875873813099,12.23,-30.5825014826059));
#6706=CARTESIAN_POINT('Ctrl Pts',(46.2705299767468,12.23,-34.4573348273028));
#6707=CARTESIAN_POINT('Ctrl Pts',(42.9824104824807,12.23,-35.2555758822852));
#6708=CARTESIAN_POINT('Ctrl Pts',(41.3343819822362,12.23,-35.2555758822852));
#6709=CARTESIAN_POINT('',(52.3037150687923,12.23,18.6766310968794));
#6710=CARTESIAN_POINT('',(52.2958661886136,12.23,-14.5098940919026));
#6711=CARTESIAN_POINT('',(42.6669610544643,12.23,24.6879880359764));
#6712=CARTESIAN_POINT('Ctrl Pts',(42.6669610544641,12.23,24.6879880359764));
#6713=CARTESIAN_POINT('Ctrl Pts',(44.3541574745654,12.23,24.6990783462895));
#6714=CARTESIAN_POINT('Ctrl Pts',(48.2980380210206,12.23,23.743509400831));
#6715=CARTESIAN_POINT('Ctrl Pts',(51.2460436483049,12.23,20.7433585728863));
#6716=CARTESIAN_POINT('Ctrl Pts',(52.3037150687924,12.23,18.676631096879));
#6717=CARTESIAN_POINT('',(-39.7554957815892,12.23,24.6985263622131));
#6718=CARTESIAN_POINT('',(22.0657765135204,12.23,24.6906220511695));
#6719=CARTESIAN_POINT('',(-49.3890084405591,12.23,18.6791625948205));
#6720=CARTESIAN_POINT('Ctrl Pts',(-49.3890084405592,12.23,18.6791625948201));
#6721=CARTESIAN_POINT('Ctrl Pts',(-48.5894916356837,12.23,20.2240516981004));
#6722=CARTESIAN_POINT('Ctrl Pts',(-45.9243355318238,12.23,23.384035875098));
#6723=CARTESIAN_POINT('Ctrl Pts',(-42.0030265513163,12.23,24.6988137257956));
#6724=CARTESIAN_POINT('Ctrl Pts',(-39.7554957815892,12.23,24.6985263622131));
#6725=CARTESIAN_POINT('',(-49.3890084405592,12.23,6.57572345136629));
#6726=CARTESIAN_POINT('',(-48.5400000000001,12.23,-22.49));
#6727=CARTESIAN_POINT('',(-38.5400000000001,12.23,-32.49));
#6728=CARTESIAN_POINT('Origin',(-38.5400000000001,12.23,-22.49));
#6729=CARTESIAN_POINT('',(-48.5400000000001,12.23,17.51));
#6730=CARTESIAN_POINT('',(-48.5400000000001,12.23,-13.8842623587057));
#6731=CARTESIAN_POINT('',(-39.8797459621557,12.23,22.51));
#6732=CARTESIAN_POINT('Origin',(-39.8797459621557,12.23,12.51));
#6733=CARTESIAN_POINT('',(42.7997484063745,12.23,22.51));
#6734=CARTESIAN_POINT('',(1.45866267688335,12.23,22.51));
#6735=CARTESIAN_POINT('',(51.4599999999999,12.23,17.51));
#6736=CARTESIAN_POINT('Origin',(42.7997484063745,12.23,12.51));
#6737=CARTESIAN_POINT('',(51.4599999999999,12.23,-22.49));
#6738=CARTESIAN_POINT('',(51.4599999999999,12.23,-13.8842623587057));
#6739=CARTESIAN_POINT('',(41.4599999999999,12.23,-32.49));
#6740=CARTESIAN_POINT('Origin',(41.4599999999999,12.23,-22.49));
#6741=CARTESIAN_POINT('',(1.4586620658286,12.23,-32.49));
#6742=CARTESIAN_POINT('Origin',(1.45732413165733,17.4985545,-5.27852471741136));
#6743=CARTESIAN_POINT('',(-49.3890084405592,17.4985545,-23.7290018352806));
#6744=CARTESIAN_POINT('',(-38.4197419261159,17.4985545,-35.2555758822852));
#6745=CARTESIAN_POINT('Ctrl Pts',(-38.4197419261159,17.4985545,-35.2555758822852));
#6746=CARTESIAN_POINT('Ctrl Pts',(-40.0682982772615,17.4985545,-35.2555758822852));
#6747=CARTESIAN_POINT('Ctrl Pts',(-43.3575099584477,17.4985545,-34.4575762272421));
#6748=CARTESIAN_POINT('Ctrl Pts',(-47.9657655804058,17.4985545,-30.5834419653539));
#6749=CARTESIAN_POINT('Ctrl Pts',(-49.3867722932671,17.4985545,-26.3043246131167));
#6750=CARTESIAN_POINT('Ctrl Pts',(-49.389008851528,17.4985545,-23.7290018356375));
#6751=CARTESIAN_POINT('',(-49.3890084405591,17.4985545,18.6791625948205));
#6752=CARTESIAN_POINT('',(-49.3890084405592,17.4985545,6.57572345136629));
#6753=CARTESIAN_POINT('',(-39.7554957815892,17.4985545,24.6985263622131));
#6754=CARTESIAN_POINT('Ctrl Pts',(-49.3890084405592,17.4985545,18.6791625948201));
#6755=CARTESIAN_POINT('Ctrl Pts',(-48.5894916356837,17.4985545,20.2240516981004));
#6756=CARTESIAN_POINT('Ctrl Pts',(-45.9243355318238,17.4985545,23.384035875098));
#6757=CARTESIAN_POINT('Ctrl Pts',(-42.0030265513163,17.4985545,24.6988137257956));
#6758=CARTESIAN_POINT('Ctrl Pts',(-39.7554957815892,17.4985545,24.6985263622131));
#6759=CARTESIAN_POINT('',(42.6669610544643,17.4985545,24.6879880359764));
#6760=CARTESIAN_POINT('',(22.0657765135204,17.4985545,24.6906220511695));
#6761=CARTESIAN_POINT('',(52.3037150687923,17.4985545,18.6766310968794));
#6762=CARTESIAN_POINT('Ctrl Pts',(42.6669610544641,17.4985545,24.6879880359764));
#6763=CARTESIAN_POINT('Ctrl Pts',(44.3541574745654,17.4985545,24.6990783462895));
#6764=CARTESIAN_POINT('Ctrl Pts',(48.2980380210206,17.4985545,23.743509400831));
#6765=CARTESIAN_POINT('Ctrl Pts',(51.2460436483049,17.4985545,20.7433585728863));
#6766=CARTESIAN_POINT('Ctrl Pts',(52.3037150687924,17.4985545,18.676631096879));
#6767=CARTESIAN_POINT('',(52.2936857393235,17.4985545,-23.7292392265288));
#6768=CARTESIAN_POINT('',(52.2958661886136,17.4985545,-14.5098940919026));
#6769=CARTESIAN_POINT('',(41.3343819822362,17.4985545,-35.2555758822852));
#6770=CARTESIAN_POINT('Ctrl Pts',(52.2936857647794,17.4985545,-23.7292392265095));
#6771=CARTESIAN_POINT('Ctrl Pts',(52.2936323704852,17.4985545,-26.3036246842113));
#6772=CARTESIAN_POINT('Ctrl Pts',(50.875873813099,17.4985545,-30.5825014826059));
#6773=CARTESIAN_POINT('Ctrl Pts',(46.2705299767468,17.4985545,-34.4573348273028));
#6774=CARTESIAN_POINT('Ctrl Pts',(42.9824104824807,17.4985545,-35.2555758822852));
#6775=CARTESIAN_POINT('Ctrl Pts',(41.3343819822362,17.4985545,-35.2555758822852));
#6776=CARTESIAN_POINT('',(-18.4812088972293,17.4985545,-35.2555758822852));
#6777=CARTESIAN_POINT('',(42.7997484063745,17.4985545,22.51));
#6778=CARTESIAN_POINT('Origin',(42.7997484063745,17.4985545,12.51));
#6779=CARTESIAN_POINT('',(-39.8797459621557,17.4985545,22.51));
#6780=CARTESIAN_POINT('',(1.45866267688335,17.4985545,22.51));
#6781=CARTESIAN_POINT('',(-48.5400000000001,17.4985545,17.51));
#6782=CARTESIAN_POINT('Origin',(-39.8797459621557,17.4985545,12.51));
#6783=CARTESIAN_POINT('',(-48.5400000000001,17.4985545,-13.8842623587057));
#6784=CARTESIAN_POINT('Origin',(-49.3890084405592,17.4985545,18.4299716201439));
#6785=CARTESIAN_POINT('',(-49.3890084405592,17.4985545,-23.7290018352806));
#6786=CARTESIAN_POINT('Ctrl Pts',(-49.3890084405592,17.4985545,18.6791625948201));
#6787=CARTESIAN_POINT('Ctrl Pts',(-49.3890084405592,16.6204620833333,18.6791625948201));
#6788=CARTESIAN_POINT('Ctrl Pts',(-49.3890084405592,15.7423696666666,18.6791625948201));
#6789=CARTESIAN_POINT('Ctrl Pts',(-49.3890084405592,13.9861848333333,18.6791625948201));
#6790=CARTESIAN_POINT('Ctrl Pts',(-49.3890084405592,13.1080924166666,18.6791625948201));
#6791=CARTESIAN_POINT('Ctrl Pts',(-49.3890084405592,12.23,18.6791625948201));
#6792=CARTESIAN_POINT('Ctrl Pts',(-49.3890084405592,12.23,18.6791625948201));
#6793=CARTESIAN_POINT('Ctrl Pts',(-48.5894916356837,12.23,20.2240516981004));
#6794=CARTESIAN_POINT('Ctrl Pts',(-45.9243355318238,12.23,23.384035875098));
#6795=CARTESIAN_POINT('Ctrl Pts',(-42.0030265513163,12.23,24.6988137257956));
#6796=CARTESIAN_POINT('Ctrl Pts',(-39.7554957815892,12.23,24.6985263622131));
#6797=CARTESIAN_POINT('Ctrl Pts',(-49.3890084405592,17.4985545,18.6791625948201));
#6798=CARTESIAN_POINT('Ctrl Pts',(-48.5894916356837,17.4985545,20.2240516981004));
#6799=CARTESIAN_POINT('Ctrl Pts',(-45.9243355318238,17.4985545,23.384035875098));
#6800=CARTESIAN_POINT('Ctrl Pts',(-42.0030265513163,17.4985545,24.6988137257956));
#6801=CARTESIAN_POINT('Ctrl Pts',(-39.7554957815892,17.4985545,24.6985263622131));
#6802=CARTESIAN_POINT('',(-39.7554957815892,17.4985545,24.6985263622131));
#6803=CARTESIAN_POINT('Origin',(42.6703967794706,17.4985545,24.6879875966933));
#6804=CARTESIAN_POINT('Ctrl Pts',(42.6669610544643,17.4985545,24.6879880359764));
#6805=CARTESIAN_POINT('Ctrl Pts',(42.6669610544643,16.6403196794623,24.6879880359764));
#6806=CARTESIAN_POINT('Ctrl Pts',(42.6669610544643,15.7820848589245,24.6879880359764));
#6807=CARTESIAN_POINT('Ctrl Pts',(42.6669610544643,14.0457576217202,24.6879880359764));
#6808=CARTESIAN_POINT('Ctrl Pts',(42.6669610544643,13.1676652050535,24.6879880359764));
#6809=CARTESIAN_POINT('Ctrl Pts',(42.6669610544643,12.2697151922579,24.6879880359764));
#6810=CARTESIAN_POINT('Ctrl Pts',(42.6669610544643,12.2498575961289,24.6879880359764));
#6811=CARTESIAN_POINT('Ctrl Pts',(42.6669610544643,12.23,24.6879880359764));
#6812=CARTESIAN_POINT('Ctrl Pts',(42.6669610544641,12.23,24.6879880359764));
#6813=CARTESIAN_POINT('Ctrl Pts',(44.3541574745654,12.23,24.6990783462895));
#6814=CARTESIAN_POINT('Ctrl Pts',(48.2980380210206,12.23,23.743509400831));
#6815=CARTESIAN_POINT('Ctrl Pts',(51.2460436483049,12.23,20.7433585728863));
#6816=CARTESIAN_POINT('Ctrl Pts',(52.3037150687924,12.23,18.676631096879));
#6817=CARTESIAN_POINT('Ctrl Pts',(42.6669610544641,17.4985545,24.6879880359764));
#6818=CARTESIAN_POINT('Ctrl Pts',(44.3541574745654,17.4985545,24.6990783462895));
#6819=CARTESIAN_POINT('Ctrl Pts',(48.2980380210206,17.4985545,23.743509400831));
#6820=CARTESIAN_POINT('Ctrl Pts',(51.2460436483049,17.4985545,20.7433585728863));
#6821=CARTESIAN_POINT('Ctrl Pts',(52.3037150687924,17.4985545,18.676631096879));
#6822=CARTESIAN_POINT('Ctrl Pts',(52.3037150687924,12.23,18.676631096879));
#6823=CARTESIAN_POINT('Ctrl Pts',(52.3037150687924,13.1080924166666,18.676631096879));
#6824=CARTESIAN_POINT('Ctrl Pts',(52.3037150687924,13.9861848333333,18.676631096879));
#6825=CARTESIAN_POINT('Ctrl Pts',(52.3037150687924,15.7423696666666,18.676631096879));
#6826=CARTESIAN_POINT('Ctrl Pts',(52.3037150687924,16.6204620833333,18.676631096879));
#6827=CARTESIAN_POINT('Ctrl Pts',(52.3037150687924,17.4985545,18.676631096879));
#6828=CARTESIAN_POINT('Origin',(52.2936857393235,17.4985545,-23.7292392265288));
#6829=CARTESIAN_POINT('',(52.2936857393235,17.4985545,-23.7292392265288));
#6830=CARTESIAN_POINT('Ctrl Pts',(52.2936857672914,12.23,-23.7290032700438));
#6831=CARTESIAN_POINT('Ctrl Pts',(52.2936843473379,12.23,-26.303467812677));
#6832=CARTESIAN_POINT('Ctrl Pts',(50.8759341127379,12.23,-30.5824507478379));
#6833=CARTESIAN_POINT('Ctrl Pts',(46.2705299767468,12.23,-34.4573348273028));
#6834=CARTESIAN_POINT('Ctrl Pts',(42.9824104824807,12.23,-35.2555758822852));
#6835=CARTESIAN_POINT('Ctrl Pts',(41.3343819822362,12.23,-35.2555758822852));
#6836=CARTESIAN_POINT('Ctrl Pts',(52.2936857672914,17.4985545,-23.7290032700438));
#6837=CARTESIAN_POINT('Ctrl Pts',(52.2936843473379,17.4985545,-26.303467812677));
#6838=CARTESIAN_POINT('Ctrl Pts',(50.8759341127379,17.4985545,-30.5824507478379));
#6839=CARTESIAN_POINT('Ctrl Pts',(46.2705299767468,17.4985545,-34.4573348273028));
#6840=CARTESIAN_POINT('Ctrl Pts',(42.9824104824807,17.4985545,-35.2555758822852));
#6841=CARTESIAN_POINT('Ctrl Pts',(41.3343819822362,17.4985545,-35.2555758822852));
#6842=CARTESIAN_POINT('',(41.3343819822362,17.4985545,-35.2555758822852));
#6843=CARTESIAN_POINT('Origin',(-38.4197419261159,17.4985545,-35.2555758822852));
#6844=CARTESIAN_POINT('',(-38.4197419261159,17.4985545,-35.2555758822852));
#6845=CARTESIAN_POINT('Ctrl Pts',(-38.4197419261159,12.23,-35.2555758822852));
#6846=CARTESIAN_POINT('Ctrl Pts',(-40.0682982772615,12.23,-35.2555758822852));
#6847=CARTESIAN_POINT('Ctrl Pts',(-43.3575099584477,12.23,-34.4575762272421));
#6848=CARTESIAN_POINT('Ctrl Pts',(-47.9657655804058,12.23,-30.5834419653539));
#6849=CARTESIAN_POINT('Ctrl Pts',(-49.3867722932671,12.23,-26.3043246131167));
#6850=CARTESIAN_POINT('Ctrl Pts',(-49.389008851528,12.23,-23.7290018356375));
#6851=CARTESIAN_POINT('Ctrl Pts',(-38.4197419261159,17.4985545,-35.2555758822852));
#6852=CARTESIAN_POINT('Ctrl Pts',(-40.0682982772615,17.4985545,-35.2555758822852));
#6853=CARTESIAN_POINT('Ctrl Pts',(-43.3575099584477,17.4985545,-34.4575762272421));
#6854=CARTESIAN_POINT('Ctrl Pts',(-47.9657655804058,17.4985545,-30.5834419653539));
#6855=CARTESIAN_POINT('Ctrl Pts',(-49.3867722932671,17.4985545,-26.3043246131167));
#6856=CARTESIAN_POINT('Ctrl Pts',(-49.389008851528,17.4985545,-23.7290018356375));
#6857=CARTESIAN_POINT('Origin',(42.7997484063745,62.73,12.51));
#6858=CARTESIAN_POINT('',(42.7997484063745,62.73,22.51));
#6859=CARTESIAN_POINT('Origin',(42.7997484063745,62.73,12.51));
#6860=CARTESIAN_POINT('',(42.7997484063745,7.49855449999998,22.51));
#6861=CARTESIAN_POINT('',(42.7997484063745,62.73,22.51));
#6862=CARTESIAN_POINT('',(51.4599999999999,7.49855449999998,17.51));
#6863=CARTESIAN_POINT('Origin',(42.7997484063745,7.49855449999998,12.51));
#6864=CARTESIAN_POINT('',(51.4599999999999,-57.27,17.51));
#6865=CARTESIAN_POINT('Origin',(1.46000122210936,2.72999863991047,22.51));
#6866=CARTESIAN_POINT('',(-39.8797459621557,-57.270002720179,22.51));
#6867=CARTESIAN_POINT('Origin',(1.46000122210936,2.72999863991047,22.51));
#6868=CARTESIAN_POINT('',(-39.8797459621557,7.49855449999998,22.51));
#6869=CARTESIAN_POINT('',(-39.8797459621557,-57.270002720179,22.51));
#6870=CARTESIAN_POINT('',(1.45866267688335,7.49855449999998,22.51));
#6871=CARTESIAN_POINT('Origin',(-39.8797459621557,-57.270002720179,12.51));
#6872=CARTESIAN_POINT('',(-48.5400000000001,62.73,17.51));
#6873=CARTESIAN_POINT('Origin',(-39.8797459621557,-57.270002720179,12.51));
#6874=CARTESIAN_POINT('',(-48.5400000000001,7.49855449999998,17.51));
#6875=CARTESIAN_POINT('',(-48.5400000000001,62.73,17.51));
#6876=CARTESIAN_POINT('Origin',(-39.8797459621557,7.49855449999998,12.51));
#6877=CARTESIAN_POINT('Origin',(-48.5400000000001,62.73,-22.49));
#6878=CARTESIAN_POINT('Origin',(-48.5400000000001,62.73,-22.49));
#6879=CARTESIAN_POINT('',(-48.5400000000001,7.49855449999998,-22.49));
#6880=CARTESIAN_POINT('',(-48.5400000000001,32.73,-22.49));
#6881=CARTESIAN_POINT('',(-48.5400000000001,7.49855449999998,-13.8842623587057));
#6882=CARTESIAN_POINT('Origin',(1.45732413165733,2.22999999999998,-5.27852471741136));
#6883=CARTESIAN_POINT('',(-49.3890084405592,2.22999999999998,-23.7290018352806));
#6884=CARTESIAN_POINT('',(-38.4197419261159,2.22999999999998,-35.2555758822852));
#6885=CARTESIAN_POINT('Ctrl Pts',(-38.4197419261159,2.22999999999998,-35.2555758822852));
#6886=CARTESIAN_POINT('Ctrl Pts',(-40.0682982772615,2.22999999999998,-35.2555758822852));
#6887=CARTESIAN_POINT('Ctrl Pts',(-43.3575969498729,2.22999999999998,-34.4576322221638));
#6888=CARTESIAN_POINT('Ctrl Pts',(-47.9659627277398,2.22999999999998,-30.5835042290421));
#6889=CARTESIAN_POINT('Ctrl Pts',(-49.3867722932671,2.22999999999998,-26.3043246131167));
#6890=CARTESIAN_POINT('Ctrl Pts',(-49.389008851528,2.22999999999998,-23.7290018356375));
#6891=CARTESIAN_POINT('',(41.3343819822362,2.22999999999998,-35.2555758822852));
#6892=CARTESIAN_POINT('',(-18.4812088972293,2.22999999999998,-35.2555758822852));
#6893=CARTESIAN_POINT('',(52.2936857393235,2.22999999999998,-23.7292392265288));
#6894=CARTESIAN_POINT('Ctrl Pts',(52.2936857647797,2.22999999999998,-23.7292392265096));
#6895=CARTESIAN_POINT('Ctrl Pts',(52.293632377436,2.22999999999998,-26.3036246864091));
#6896=CARTESIAN_POINT('Ctrl Pts',(50.8760634108627,2.22999999999998,-30.5825614324541));
#6897=CARTESIAN_POINT('Ctrl Pts',(46.2706140456818,2.22999999999998,-34.4573885062039));
#6898=CARTESIAN_POINT('Ctrl Pts',(42.9824104824807,2.22999999999998,-35.2555758822852));
#6899=CARTESIAN_POINT('Ctrl Pts',(41.3343819822362,2.22999999999998,-35.2555758822852));
#6900=CARTESIAN_POINT('',(52.3037150687923,2.22999999999998,18.6766310968794));
#6901=CARTESIAN_POINT('',(52.2958661886136,2.22999999999998,-14.5098940919026));
#6902=CARTESIAN_POINT('',(42.6669610544643,2.22999999999998,24.6879880359764));
#6903=CARTESIAN_POINT('Ctrl Pts',(42.6669610544641,2.22999999999998,24.6879880359764));
#6904=CARTESIAN_POINT('Ctrl Pts',(44.3541574745654,2.22999999999998,24.6990783462895));
#6905=CARTESIAN_POINT('Ctrl Pts',(48.2981224349883,2.22999999999998,23.74360690788));
#6906=CARTESIAN_POINT('Ctrl Pts',(51.2460436483049,2.22999999999998,20.7433585728863));
#6907=CARTESIAN_POINT('Ctrl Pts',(52.3037150687924,2.22999999999998,18.676631096879));
#6908=CARTESIAN_POINT('',(-39.7554957815892,2.22999999999998,24.6985263622131));
#6909=CARTESIAN_POINT('',(22.0657765135204,2.22999999999998,24.6906220511695));
#6910=CARTESIAN_POINT('',(-49.3890084405591,2.22999999999998,18.6791625948205));
#6911=CARTESIAN_POINT('Ctrl Pts',(-49.3890084405592,2.22999999999998,18.6791625948201));
#6912=CARTESIAN_POINT('Ctrl Pts',(-48.5894916356837,2.22999999999998,20.2240516981004));
#6913=CARTESIAN_POINT('Ctrl Pts',(-45.9243898369782,2.22999999999998,23.3841397314233));
#6914=CARTESIAN_POINT('Ctrl Pts',(-42.0030265513163,2.22999999999998,24.6988137257956));
#6915=CARTESIAN_POINT('Ctrl Pts',(-39.7554957815892,2.22999999999998,24.6985263622131));
#6916=CARTESIAN_POINT('',(-49.3890084405592,2.22999999999998,6.57572345136629));
#6917=CARTESIAN_POINT('',(51.4599999999999,2.22999999999998,17.51));
#6918=CARTESIAN_POINT('',(42.7997484063745,2.22999999999998,22.51));
#6919=CARTESIAN_POINT('Origin',(42.7997484063745,2.22999999999998,12.51));
#6920=CARTESIAN_POINT('',(51.4599999999999,2.22999999999998,-22.49));
#6921=CARTESIAN_POINT('',(51.4599999999999,2.22999999999998,-13.8842623587057));
#6922=CARTESIAN_POINT('',(41.4599999999999,2.22999999999998,-32.49));
#6923=CARTESIAN_POINT('Origin',(41.4599999999999,2.22999999999998,-22.49));
#6924=CARTESIAN_POINT('',(-38.5400000000001,2.22999999999998,-32.49));
#6925=CARTESIAN_POINT('',(1.4586620658286,2.22999999999998,-32.49));
#6926=CARTESIAN_POINT('',(-48.5400000000001,2.22999999999998,-22.49));
#6927=CARTESIAN_POINT('Origin',(-38.5400000000001,2.22999999999998,-22.49));
#6928=CARTESIAN_POINT('',(-48.5400000000001,2.22999999999998,17.51));
#6929=CARTESIAN_POINT('',(-48.5400000000001,2.22999999999998,-13.8842623587057));
#6930=CARTESIAN_POINT('',(-39.8797459621557,2.22999999999998,22.51));
#6931=CARTESIAN_POINT('Origin',(-39.8797459621557,2.22999999999998,12.51));
#6932=CARTESIAN_POINT('',(1.45866267688335,2.22999999999998,22.51));
#6933=CARTESIAN_POINT('Origin',(1.45732413165733,7.49855449999998,-5.27852471741136));
#6934=CARTESIAN_POINT('',(-49.3890084405592,7.49855449999998,-23.7290018352806));
#6935=CARTESIAN_POINT('',(-38.4197419261159,7.49855449999998,-35.2555758822852));
#6936=CARTESIAN_POINT('Ctrl Pts',(-38.4197419261159,7.49855449999998,-35.2555758822852));
#6937=CARTESIAN_POINT('Ctrl Pts',(-40.0682982772615,7.49855449999998,-35.2555758822852));
#6938=CARTESIAN_POINT('Ctrl Pts',(-43.3575969498729,7.49855449999998,-34.4576322221638));
#6939=CARTESIAN_POINT('Ctrl Pts',(-47.9659627277398,7.49855449999998,-30.5835042290421));
#6940=CARTESIAN_POINT('Ctrl Pts',(-49.3867722932671,7.49855449999998,-26.3043246131167));
#6941=CARTESIAN_POINT('Ctrl Pts',(-49.389008851528,7.49855449999998,-23.7290018356375));
#6942=CARTESIAN_POINT('',(-49.3890084405591,7.49855449999998,18.6791625948205));
#6943=CARTESIAN_POINT('',(-49.3890084405592,7.49855449999998,6.57572345136629));
#6944=CARTESIAN_POINT('',(-39.7554957815892,7.49855449999998,24.6985263622131));
#6945=CARTESIAN_POINT('Ctrl Pts',(-49.3890084405592,7.49855449999998,18.6791625948201));
#6946=CARTESIAN_POINT('Ctrl Pts',(-48.5894916356837,7.49855449999998,20.2240516981004));
#6947=CARTESIAN_POINT('Ctrl Pts',(-45.9243898369782,7.49855449999998,23.3841397314233));
#6948=CARTESIAN_POINT('Ctrl Pts',(-42.0030265513163,7.49855449999998,24.6988137257956));
#6949=CARTESIAN_POINT('Ctrl Pts',(-39.7554957815892,7.49855449999998,24.6985263622131));
#6950=CARTESIAN_POINT('',(42.6669610544643,7.49855449999998,24.6879880359764));
#6951=CARTESIAN_POINT('',(22.0657765135204,7.49855449999998,24.6906220511695));
#6952=CARTESIAN_POINT('',(52.3037150687923,7.49855449999998,18.6766310968794));
#6953=CARTESIAN_POINT('Ctrl Pts',(42.6669610544641,7.49855449999998,24.6879880359764));
#6954=CARTESIAN_POINT('Ctrl Pts',(44.3541574745654,7.49855449999998,24.6990783462895));
#6955=CARTESIAN_POINT('Ctrl Pts',(48.2981224349883,7.49855449999998,23.74360690788));
#6956=CARTESIAN_POINT('Ctrl Pts',(51.2460436483049,7.49855449999998,20.7433585728863));
#6957=CARTESIAN_POINT('Ctrl Pts',(52.3037150687924,7.49855449999998,18.676631096879));
#6958=CARTESIAN_POINT('',(52.2936857393235,7.49855449999998,-23.7292392265288));
#6959=CARTESIAN_POINT('',(52.2958661886136,7.49855449999998,-14.5098940919026));
#6960=CARTESIAN_POINT('',(41.3343819822362,7.49855449999998,-35.2555758822852));
#6961=CARTESIAN_POINT('Ctrl Pts',(52.2936857647797,7.49855449999998,-23.7292392265096));
#6962=CARTESIAN_POINT('Ctrl Pts',(52.293632377436,7.49855449999998,-26.3036246864091));
#6963=CARTESIAN_POINT('Ctrl Pts',(50.8760634108627,7.49855449999998,-30.5825614324541));
#6964=CARTESIAN_POINT('Ctrl Pts',(46.2706140456818,7.49855449999998,-34.4573885062039));
#6965=CARTESIAN_POINT('Ctrl Pts',(42.9824104824807,7.49855449999998,-35.2555758822852));
#6966=CARTESIAN_POINT('Ctrl Pts',(41.3343819822362,7.49855449999998,-35.2555758822852));
#6967=CARTESIAN_POINT('',(-18.4812088972293,7.49855449999998,-35.2555758822852));
#6968=CARTESIAN_POINT('',(-38.5400000000001,7.49855449999998,-32.49));
#6969=CARTESIAN_POINT('Origin',(-38.5400000000001,7.49855449999998,-22.49));
#6970=CARTESIAN_POINT('',(41.4599999999999,7.49855449999998,-32.49));
#6971=CARTESIAN_POINT('',(1.4586620658286,7.49855449999998,-32.49));
#6972=CARTESIAN_POINT('',(51.4599999999999,7.49855449999998,-22.49));
#6973=CARTESIAN_POINT('Origin',(41.4599999999999,7.49855449999998,-22.49));
#6974=CARTESIAN_POINT('',(51.4599999999999,7.49855449999998,-13.8842623587057));
#6975=CARTESIAN_POINT('Origin',(-49.3890084405592,7.49855449999998,18.4299716201439));
#6976=CARTESIAN_POINT('',(-49.3890084405592,7.49855449999998,-23.7290018352806));
#6977=CARTESIAN_POINT('Ctrl Pts',(-49.3890084405592,7.49855449999998,18.6791625948201));
#6978=CARTESIAN_POINT('Ctrl Pts',(-49.3890084405592,6.62046208333331,18.6791625948201));
#6979=CARTESIAN_POINT('Ctrl Pts',(-49.3890084405592,5.74236966666665,18.6791625948201));
#6980=CARTESIAN_POINT('Ctrl Pts',(-49.3890084405592,3.98618483333331,18.6791625948201));
#6981=CARTESIAN_POINT('Ctrl Pts',(-49.3890084405592,3.10809241666664,18.6791625948201));
#6982=CARTESIAN_POINT('Ctrl Pts',(-49.3890084405592,2.22999999999998,18.6791625948201));
#6983=CARTESIAN_POINT('Ctrl Pts',(-49.3890084405592,2.22999999999998,18.6791625948201));
#6984=CARTESIAN_POINT('Ctrl Pts',(-48.5894916356837,2.22999999999998,20.2240516981004));
#6985=CARTESIAN_POINT('Ctrl Pts',(-45.9243898369782,2.22999999999998,23.3841397314233));
#6986=CARTESIAN_POINT('Ctrl Pts',(-42.0030265513163,2.22999999999998,24.6988137257956));
#6987=CARTESIAN_POINT('Ctrl Pts',(-39.7554957815892,2.22999999999998,24.6985263622131));
#6988=CARTESIAN_POINT('Ctrl Pts',(-49.3890084405592,7.49855449999998,18.6791625948201));
#6989=CARTESIAN_POINT('Ctrl Pts',(-48.5894916356837,7.49855449999998,20.2240516981004));
#6990=CARTESIAN_POINT('Ctrl Pts',(-45.9243898369782,7.49855449999998,23.3841397314233));
#6991=CARTESIAN_POINT('Ctrl Pts',(-42.0030265513163,7.49855449999998,24.6988137257956));
#6992=CARTESIAN_POINT('Ctrl Pts',(-39.7554957815892,7.49855449999998,24.6985263622131));
#6993=CARTESIAN_POINT('',(-39.7554957815892,7.49855449999998,24.6985263622131));
#6994=CARTESIAN_POINT('Origin',(42.6703967794706,7.49855449999998,24.6879875966933));
#6995=CARTESIAN_POINT('Ctrl Pts',(42.6669610544643,7.49855449999998,24.6879880359764));
#6996=CARTESIAN_POINT('Ctrl Pts',(42.6669610544643,6.64031967946226,24.6879880359764));
#6997=CARTESIAN_POINT('Ctrl Pts',(42.6669610544643,5.78208485892454,24.6879880359764));
#6998=CARTESIAN_POINT('Ctrl Pts',(42.6669610544643,4.04575762172016,24.6879880359764));
#6999=CARTESIAN_POINT('Ctrl Pts',(42.6669610544643,3.16766520505348,24.6879880359764));
#7000=CARTESIAN_POINT('Ctrl Pts',(42.6669610544643,2.26971519225788,24.6879880359764));
#7001=CARTESIAN_POINT('Ctrl Pts',(42.6669610544643,2.24985759612893,24.6879880359764));
#7002=CARTESIAN_POINT('Ctrl Pts',(42.6669610544643,2.22999999999998,24.6879880359764));
#7003=CARTESIAN_POINT('Ctrl Pts',(42.6669610544641,2.22999999999998,24.6879880359764));
#7004=CARTESIAN_POINT('Ctrl Pts',(44.3541574745654,2.22999999999998,24.6990783462895));
#7005=CARTESIAN_POINT('Ctrl Pts',(48.2981224349883,2.22999999999998,23.74360690788));
#7006=CARTESIAN_POINT('Ctrl Pts',(51.2460436483049,2.22999999999998,20.7433585728863));
#7007=CARTESIAN_POINT('Ctrl Pts',(52.3037150687924,2.22999999999998,18.676631096879));
#7008=CARTESIAN_POINT('Ctrl Pts',(42.6669610544641,7.49855449999998,24.6879880359764));
#7009=CARTESIAN_POINT('Ctrl Pts',(44.3541574745654,7.49855449999998,24.6990783462895));
#7010=CARTESIAN_POINT('Ctrl Pts',(48.2981224349883,7.49855449999998,23.74360690788));
#7011=CARTESIAN_POINT('Ctrl Pts',(51.2460436483049,7.49855449999998,20.7433585728863));
#7012=CARTESIAN_POINT('Ctrl Pts',(52.3037150687924,7.49855449999998,18.676631096879));
#7013=CARTESIAN_POINT('Ctrl Pts',(52.3037150687924,2.22999999999998,18.676631096879));
#7014=CARTESIAN_POINT('Ctrl Pts',(52.3037150687924,3.10809241666664,18.676631096879));
#7015=CARTESIAN_POINT('Ctrl Pts',(52.3037150687924,3.98618483333331,18.676631096879));
#7016=CARTESIAN_POINT('Ctrl Pts',(52.3037150687924,5.74236966666665,18.676631096879));
#7017=CARTESIAN_POINT('Ctrl Pts',(52.3037150687924,6.62046208333331,18.676631096879));
#7018=CARTESIAN_POINT('Ctrl Pts',(52.3037150687924,7.49855449999998,18.676631096879));
#7019=CARTESIAN_POINT('Origin',(52.2936857393235,7.49855449999998,-23.7292392265288));
#7020=CARTESIAN_POINT('',(52.2936857393235,7.49855449999998,-23.7292392265288));
#7021=CARTESIAN_POINT('Ctrl Pts',(52.2936857672914,2.22999999999998,-23.7290032700438));
#7022=CARTESIAN_POINT('Ctrl Pts',(52.2936843473379,2.22999999999998,-26.303467812677));
#7023=CARTESIAN_POINT('Ctrl Pts',(50.8761237118832,2.22999999999998,-30.5825106977682));
#7024=CARTESIAN_POINT('Ctrl Pts',(46.2706140456818,2.22999999999998,-34.4573885062039));
#7025=CARTESIAN_POINT('Ctrl Pts',(42.9824104824807,2.22999999999998,-35.2555758822852));
#7026=CARTESIAN_POINT('Ctrl Pts',(41.3343819822362,2.22999999999998,-35.2555758822852));
#7027=CARTESIAN_POINT('Ctrl Pts',(52.2936857672914,7.49855449999998,-23.7290032700438));
#7028=CARTESIAN_POINT('Ctrl Pts',(52.2936843473379,7.49855449999998,-26.303467812677));
#7029=CARTESIAN_POINT('Ctrl Pts',(50.8761237118832,7.49855449999998,-30.5825106977682));
#7030=CARTESIAN_POINT('Ctrl Pts',(46.2706140456818,7.49855449999998,-34.4573885062039));
#7031=CARTESIAN_POINT('Ctrl Pts',(42.9824104824807,7.49855449999998,-35.2555758822852));
#7032=CARTESIAN_POINT('Ctrl Pts',(41.3343819822362,7.49855449999998,-35.2555758822852));
#7033=CARTESIAN_POINT('',(41.3343819822362,7.49855449999998,-35.2555758822852));
#7034=CARTESIAN_POINT('Origin',(-38.4197419261159,7.49855449999998,-35.2555758822852));
#7035=CARTESIAN_POINT('',(-38.4197419261159,7.49855449999998,-35.2555758822852));
#7036=CARTESIAN_POINT('Ctrl Pts',(-38.4197419261159,2.22999999999998,-35.2555758822852));
#7037=CARTESIAN_POINT('Ctrl Pts',(-40.0682982772615,2.22999999999998,-35.2555758822852));
#7038=CARTESIAN_POINT('Ctrl Pts',(-43.3575969498729,2.22999999999998,-34.4576322221638));
#7039=CARTESIAN_POINT('Ctrl Pts',(-47.9659627277398,2.22999999999998,-30.5835042290421));
#7040=CARTESIAN_POINT('Ctrl Pts',(-49.3867722932671,2.22999999999998,-26.3043246131167));
#7041=CARTESIAN_POINT('Ctrl Pts',(-49.389008851528,2.22999999999998,-23.7290018356375));
#7042=CARTESIAN_POINT('Ctrl Pts',(-38.4197419261159,7.49855449999998,-35.2555758822852));
#7043=CARTESIAN_POINT('Ctrl Pts',(-40.0682982772615,7.49855449999998,-35.2555758822852));
#7044=CARTESIAN_POINT('Ctrl Pts',(-43.3575969498729,7.49855449999998,-34.4576322221638));
#7045=CARTESIAN_POINT('Ctrl Pts',(-47.9659627277398,7.49855449999998,-30.5835042290421));
#7046=CARTESIAN_POINT('Ctrl Pts',(-49.3867722932671,7.49855449999998,-26.3043246131167));
#7047=CARTESIAN_POINT('Ctrl Pts',(-49.389008851528,7.49855449999998,-23.7290018356375));
#7048=CARTESIAN_POINT('Origin',(-38.5400000000001,32.73,-22.49));
#7049=CARTESIAN_POINT('',(-38.5400000000001,32.73,-32.49));
#7050=CARTESIAN_POINT('Origin',(-38.5400000000001,32.73,-22.49));
#7051=CARTESIAN_POINT('',(-38.5400000000001,-2.50144550000002,-32.49));
#7052=CARTESIAN_POINT('',(-38.5400000000001,32.73,-32.49));
#7053=CARTESIAN_POINT('',(-48.5400000000001,-2.50144550000002,-22.49));
#7054=CARTESIAN_POINT('Origin',(-38.5400000000001,-2.50144550000002,-22.49));
#7055=CARTESIAN_POINT('',(-48.5400000000001,32.73,-22.49));
#7056=CARTESIAN_POINT('Origin',(1.45999999999987,2.72999999999998,-32.49));
#7057=CARTESIAN_POINT('',(41.4599999999999,-27.27,-32.49));
#7058=CARTESIAN_POINT('Origin',(1.45999999999987,2.72999999999998,-32.49));
#7059=CARTESIAN_POINT('',(41.4599999999999,-2.50144550000002,-32.49));
#7060=CARTESIAN_POINT('',(41.4599999999999,-27.27,-32.49));
#7061=CARTESIAN_POINT('',(1.4586620658286,-2.50144550000002,-32.49));
#7062=CARTESIAN_POINT('Origin',(41.4599999999999,-27.27,-22.49));
#7063=CARTESIAN_POINT('',(51.4599999999999,-27.27,-22.49));
#7064=CARTESIAN_POINT('Origin',(41.4599999999999,-27.27,-22.49));
#7065=CARTESIAN_POINT('',(51.4599999999999,-2.50144550000002,-22.49));
#7066=CARTESIAN_POINT('',(51.4599999999999,-27.27,-22.49));
#7067=CARTESIAN_POINT('Origin',(41.4599999999999,-2.50144550000002,-22.49));
#7068=CARTESIAN_POINT('Origin',(51.4599999999999,-57.27,-22.49));
#7069=CARTESIAN_POINT('Origin',(51.4599999999999,-57.27,-22.49));
#7070=CARTESIAN_POINT('',(51.4599999999999,-2.50144550000002,17.51));
#7071=CARTESIAN_POINT('',(51.4599999999999,-57.27,17.51));
#7072=CARTESIAN_POINT('',(51.4599999999999,-2.50144550000002,-13.8842623587057));
#7073=CARTESIAN_POINT('Origin',(1.45732413165733,-7.77000000000002,-5.27852471741136));
#7074=CARTESIAN_POINT('',(-49.3890084405592,-7.77000000000002,-23.7290018352806));
#7075=CARTESIAN_POINT('',(-38.4197419261159,-7.77000000000002,-35.2555758822852));
#7076=CARTESIAN_POINT('Ctrl Pts',(-38.4197419261159,-7.77000000000002,-35.2555758822852));
#7077=CARTESIAN_POINT('Ctrl Pts',(-40.0682982772615,-7.77000000000002,-35.2555758822852));
#7078=CARTESIAN_POINT('Ctrl Pts',(-43.3575944426054,-7.77000000000002,-34.4576305885701));
#7079=CARTESIAN_POINT('Ctrl Pts',(-47.9659569973144,-7.77000000000002,-30.5835024304726));
#7080=CARTESIAN_POINT('Ctrl Pts',(-49.3867722932671,-7.77000000000002,-26.3043246131167));
#7081=CARTESIAN_POINT('Ctrl Pts',(-49.389008851528,-7.77000000000002,-23.7290018356375));
#7082=CARTESIAN_POINT('',(41.3343819822362,-7.77000000000002,-35.2555758822852));
#7083=CARTESIAN_POINT('',(-18.4812088972293,-7.77000000000002,-35.2555758822852));
#7084=CARTESIAN_POINT('',(52.2936857393235,-7.77000000000002,-23.7292392265288));
#7085=CARTESIAN_POINT('Ctrl Pts',(52.2936857647797,-7.77000000000002,-23.7292392265096));
#7086=CARTESIAN_POINT('Ctrl Pts',(52.2936323772343,-7.77000000000002,-26.3036246863457));
#7087=CARTESIAN_POINT('Ctrl Pts',(50.876057907709,-7.77000000000002,-30.5825597025503));
#7088=CARTESIAN_POINT('Ctrl Pts',(46.2706116248083,-7.77000000000002,-34.4573869426995));
#7089=CARTESIAN_POINT('Ctrl Pts',(42.9824104824807,-7.77000000000002,-35.2555758822852));
#7090=CARTESIAN_POINT('Ctrl Pts',(41.3343819822362,-7.77000000000002,-35.2555758822852));
#7091=CARTESIAN_POINT('',(52.3037150687923,-7.77000000000002,18.6766310968794));
#7092=CARTESIAN_POINT('',(52.2958661886136,-7.77000000000002,-14.5098940919026));
#7093=CARTESIAN_POINT('',(42.6669610544643,-7.77000000000002,24.6879880359764));
#7094=CARTESIAN_POINT('Ctrl Pts',(42.6669610544641,-7.77000000000002,24.6879880359764));
#7095=CARTESIAN_POINT('Ctrl Pts',(44.3541574745654,-7.77000000000002,24.6990783462895));
#7096=CARTESIAN_POINT('Ctrl Pts',(48.2981199327292,-7.77000000000001,23.7436040175065));
#7097=CARTESIAN_POINT('Ctrl Pts',(51.2460436483049,-7.77000000000002,20.7433585728863));
#7098=CARTESIAN_POINT('Ctrl Pts',(52.3037150687924,-7.77000000000002,18.676631096879));
#7099=CARTESIAN_POINT('',(-39.7554957815892,-7.77000000000002,24.6985263622131));
#7100=CARTESIAN_POINT('',(22.0657765135204,-7.77000000000002,24.6906220511695));
#7101=CARTESIAN_POINT('',(-49.3890084405591,-7.77000000000002,18.6791625948205));
#7102=CARTESIAN_POINT('Ctrl Pts',(-49.3890084405592,-7.77000000000002,18.6791625948201));
#7103=CARTESIAN_POINT('Ctrl Pts',(-48.5894916356837,-7.77000000000002,20.2240516981004));
#7104=CARTESIAN_POINT('Ctrl Pts',(-45.9243882245333,-7.77000000000002,23.3841366476901));
#7105=CARTESIAN_POINT('Ctrl Pts',(-42.0030265513163,-7.77000000000002,24.6988137257956));
#7106=CARTESIAN_POINT('Ctrl Pts',(-39.7554957815892,-7.77000000000002,24.6985263622131));
#7107=CARTESIAN_POINT('',(-49.3890084405592,-7.77000000000002,6.57572345136629));
#7108=CARTESIAN_POINT('',(-48.5400000000001,-7.77000000000002,-22.49));
#7109=CARTESIAN_POINT('',(-38.5400000000001,-7.77000000000002,-32.49));
#7110=CARTESIAN_POINT('Origin',(-38.5400000000001,-7.77000000000002,-22.49));
#7111=CARTESIAN_POINT('',(-48.5400000000001,-7.77000000000002,17.51));
#7112=CARTESIAN_POINT('',(-48.5400000000001,-7.77000000000002,-13.8842623587057));
#7113=CARTESIAN_POINT('',(-39.8797459621557,-7.77000000000002,22.51));
#7114=CARTESIAN_POINT('Origin',(-39.8797459621557,-7.77000000000002,12.51));
#7115=CARTESIAN_POINT('',(42.7997484063745,-7.77000000000002,22.51));
#7116=CARTESIAN_POINT('',(1.45866267688335,-7.77000000000002,22.51));
#7117=CARTESIAN_POINT('',(51.4599999999999,-7.77000000000002,17.51));
#7118=CARTESIAN_POINT('Origin',(42.7997484063745,-7.77000000000002,12.51));
#7119=CARTESIAN_POINT('',(51.4599999999999,-7.77000000000002,-22.49));
#7120=CARTESIAN_POINT('',(51.4599999999999,-7.77000000000002,-13.8842623587057));
#7121=CARTESIAN_POINT('',(41.4599999999999,-7.77000000000002,-32.49));
#7122=CARTESIAN_POINT('Origin',(41.4599999999999,-7.77000000000002,-22.49));
#7123=CARTESIAN_POINT('',(1.4586620658286,-7.77000000000002,-32.49));
#7124=CARTESIAN_POINT('Origin',(1.45732413165733,-2.50144550000002,-5.27852471741136));
#7125=CARTESIAN_POINT('',(-49.3890084405592,-2.50144550000002,-23.7290018352806));
#7126=CARTESIAN_POINT('',(-38.4197419261159,-2.50144550000002,-35.2555758822852));
#7127=CARTESIAN_POINT('Ctrl Pts',(-38.4197419261159,-2.50144550000002,-35.2555758822852));
#7128=CARTESIAN_POINT('Ctrl Pts',(-40.0682982772615,-2.50144550000002,-35.2555758822852));
#7129=CARTESIAN_POINT('Ctrl Pts',(-43.3575944426054,-2.50144550000002,-34.4576305885701));
#7130=CARTESIAN_POINT('Ctrl Pts',(-47.9659569973144,-2.50144550000002,-30.5835024304726));
#7131=CARTESIAN_POINT('Ctrl Pts',(-49.3867722932671,-2.50144550000002,-26.3043246131167));
#7132=CARTESIAN_POINT('Ctrl Pts',(-49.389008851528,-2.50144550000002,-23.7290018356375));
#7133=CARTESIAN_POINT('',(-49.3890084405591,-2.50144550000002,18.6791625948205));
#7134=CARTESIAN_POINT('',(-49.3890084405592,-2.50144550000002,6.57572345136629));
#7135=CARTESIAN_POINT('',(-39.7554957815892,-2.50144550000002,24.6985263622131));
#7136=CARTESIAN_POINT('Ctrl Pts',(-49.3890084405592,-2.50144550000002,18.6791625948201));
#7137=CARTESIAN_POINT('Ctrl Pts',(-48.5894916356837,-2.50144550000002,20.2240516981004));
#7138=CARTESIAN_POINT('Ctrl Pts',(-45.9243882245333,-2.50144550000002,23.3841366476901));
#7139=CARTESIAN_POINT('Ctrl Pts',(-42.0030265513163,-2.50144550000002,24.6988137257956));
#7140=CARTESIAN_POINT('Ctrl Pts',(-39.7554957815892,-2.50144550000002,24.6985263622131));
#7141=CARTESIAN_POINT('',(42.6669610544643,-2.50144550000002,24.6879880359764));
#7142=CARTESIAN_POINT('',(22.0657765135204,-2.50144550000002,24.6906220511695));
#7143=CARTESIAN_POINT('',(52.3037150687923,-2.50144550000002,18.6766310968794));
#7144=CARTESIAN_POINT('Ctrl Pts',(42.6669610544641,-2.50144550000002,24.6879880359764));
#7145=CARTESIAN_POINT('Ctrl Pts',(44.3541574745654,-2.50144550000002,24.6990783462895));
#7146=CARTESIAN_POINT('Ctrl Pts',(48.2981199327292,-2.50144550000002,23.7436040175065));
#7147=CARTESIAN_POINT('Ctrl Pts',(51.2460436483049,-2.50144550000002,20.7433585728863));
#7148=CARTESIAN_POINT('Ctrl Pts',(52.3037150687924,-2.50144550000002,18.676631096879));
#7149=CARTESIAN_POINT('',(52.2936857393235,-2.50144550000002,-23.7292392265288));
#7150=CARTESIAN_POINT('',(52.2958661886136,-2.50144550000002,-14.5098940919026));
#7151=CARTESIAN_POINT('',(41.3343819822362,-2.50144550000002,-35.2555758822852));
#7152=CARTESIAN_POINT('Ctrl Pts',(52.2936857647797,-2.50144550000002,-23.7292392265096));
#7153=CARTESIAN_POINT('Ctrl Pts',(52.2936323772343,-2.50144550000002,-26.3036246863457));
#7154=CARTESIAN_POINT('Ctrl Pts',(50.876057907709,-2.50144550000002,-30.5825597025503));
#7155=CARTESIAN_POINT('Ctrl Pts',(46.2706116248083,-2.50144550000002,-34.4573869426995));
#7156=CARTESIAN_POINT('Ctrl Pts',(42.9824104824807,-2.50144550000002,-35.2555758822852));
#7157=CARTESIAN_POINT('Ctrl Pts',(41.3343819822362,-2.50144550000002,-35.2555758822852));
#7158=CARTESIAN_POINT('',(-18.4812088972293,-2.50144550000002,-35.2555758822852));
#7159=CARTESIAN_POINT('',(42.7997484063745,-2.50144550000002,22.51));
#7160=CARTESIAN_POINT('Origin',(42.7997484063745,-2.50144550000002,12.51));
#7161=CARTESIAN_POINT('',(-39.8797459621557,-2.50144550000002,22.51));
#7162=CARTESIAN_POINT('',(1.45866267688335,-2.50144550000002,22.51));
#7163=CARTESIAN_POINT('',(-48.5400000000001,-2.50144550000002,17.51));
#7164=CARTESIAN_POINT('Origin',(-39.8797459621557,-2.50144550000002,12.51));
#7165=CARTESIAN_POINT('',(-48.5400000000001,-2.50144550000002,-13.8842623587057));
#7166=CARTESIAN_POINT('Origin',(-49.3890084405592,-2.50144550000002,18.4299716201439));
#7167=CARTESIAN_POINT('',(-49.3890084405592,-2.50144550000002,-23.7290018352806));
#7168=CARTESIAN_POINT('Ctrl Pts',(-49.3890084405592,-2.50144550000002,18.6791625948201));
#7169=CARTESIAN_POINT('Ctrl Pts',(-49.3890084405592,-3.37953791666669,18.6791625948201));
#7170=CARTESIAN_POINT('Ctrl Pts',(-49.3890084405592,-4.25763033333335,18.6791625948201));
#7171=CARTESIAN_POINT('Ctrl Pts',(-49.3890084405592,-6.01381516666669,18.6791625948201));
#7172=CARTESIAN_POINT('Ctrl Pts',(-49.3890084405592,-6.89190758333336,18.6791625948201));
#7173=CARTESIAN_POINT('Ctrl Pts',(-49.3890084405592,-7.77000000000002,18.6791625948201));
#7174=CARTESIAN_POINT('Ctrl Pts',(-49.3890084405592,-7.77000000000002,18.6791625948201));
#7175=CARTESIAN_POINT('Ctrl Pts',(-48.5894916356837,-7.77000000000002,20.2240516981004));
#7176=CARTESIAN_POINT('Ctrl Pts',(-45.9243882245333,-7.77000000000002,23.3841366476901));
#7177=CARTESIAN_POINT('Ctrl Pts',(-42.0030265513163,-7.77000000000002,24.6988137257956));
#7178=CARTESIAN_POINT('Ctrl Pts',(-39.7554957815892,-7.77000000000002,24.6985263622131));
#7179=CARTESIAN_POINT('Ctrl Pts',(-49.3890084405592,-2.50144550000002,18.6791625948201));
#7180=CARTESIAN_POINT('Ctrl Pts',(-48.5894916356837,-2.50144550000002,20.2240516981004));
#7181=CARTESIAN_POINT('Ctrl Pts',(-45.9243882245333,-2.50144550000002,23.3841366476901));
#7182=CARTESIAN_POINT('Ctrl Pts',(-42.0030265513163,-2.50144550000002,24.6988137257956));
#7183=CARTESIAN_POINT('Ctrl Pts',(-39.7554957815892,-2.50144550000002,24.6985263622131));
#7184=CARTESIAN_POINT('',(-39.7554957815892,-2.50144550000002,24.6985263622131));
#7185=CARTESIAN_POINT('Origin',(42.6703967794706,-2.50144550000002,24.6879875966933));
#7186=CARTESIAN_POINT('Ctrl Pts',(42.6669610544643,-2.50144550000002,24.6879880359764));
#7187=CARTESIAN_POINT('Ctrl Pts',(42.6669610544643,-3.35968032053774,24.6879880359764));
#7188=CARTESIAN_POINT('Ctrl Pts',(42.6669610544643,-4.21791514107546,24.6879880359764));
#7189=CARTESIAN_POINT('Ctrl Pts',(42.6669610544643,-5.95424237827984,24.6879880359764));
#7190=CARTESIAN_POINT('Ctrl Pts',(42.6669610544643,-6.83233479494652,24.6879880359764));
#7191=CARTESIAN_POINT('Ctrl Pts',(42.6669610544643,-7.73028480774212,24.6879880359764));
#7192=CARTESIAN_POINT('Ctrl Pts',(42.6669610544643,-7.75014240387107,24.6879880359764));
#7193=CARTESIAN_POINT('Ctrl Pts',(42.6669610544643,-7.77000000000002,24.6879880359764));
#7194=CARTESIAN_POINT('Ctrl Pts',(42.6669610544641,-7.77000000000002,24.6879880359764));
#7195=CARTESIAN_POINT('Ctrl Pts',(44.3541574745654,-7.77000000000002,24.6990783462895));
#7196=CARTESIAN_POINT('Ctrl Pts',(48.2981199327292,-7.77000000000001,23.7436040175065));
#7197=CARTESIAN_POINT('Ctrl Pts',(51.2460436483049,-7.77000000000002,20.7433585728863));
#7198=CARTESIAN_POINT('Ctrl Pts',(52.3037150687924,-7.77000000000002,18.676631096879));
#7199=CARTESIAN_POINT('Ctrl Pts',(42.6669610544641,-2.50144550000002,24.6879880359764));
#7200=CARTESIAN_POINT('Ctrl Pts',(44.3541574745654,-2.50144550000002,24.6990783462895));
#7201=CARTESIAN_POINT('Ctrl Pts',(48.2981199327292,-2.50144550000002,23.7436040175065));
#7202=CARTESIAN_POINT('Ctrl Pts',(51.2460436483049,-2.50144550000002,20.7433585728863));
#7203=CARTESIAN_POINT('Ctrl Pts',(52.3037150687924,-2.50144550000002,18.676631096879));
#7204=CARTESIAN_POINT('Ctrl Pts',(52.3037150687924,-7.77000000000002,18.676631096879));
#7205=CARTESIAN_POINT('Ctrl Pts',(52.3037150687924,-6.89190758333336,18.676631096879));
#7206=CARTESIAN_POINT('Ctrl Pts',(52.3037150687924,-6.01381516666669,18.676631096879));
#7207=CARTESIAN_POINT('Ctrl Pts',(52.3037150687924,-4.25763033333335,18.676631096879));
#7208=CARTESIAN_POINT('Ctrl Pts',(52.3037150687924,-3.37953791666669,18.676631096879));
#7209=CARTESIAN_POINT('Ctrl Pts',(52.3037150687924,-2.50144550000002,18.676631096879));
#7210=CARTESIAN_POINT('Origin',(52.2936857393235,-2.50144550000002,-23.7292392265288));
#7211=CARTESIAN_POINT('',(52.2936857393235,-2.50144550000002,-23.7292392265288));
#7212=CARTESIAN_POINT('Ctrl Pts',(52.2936857672914,-7.77000000000002,-23.7290032700438));
#7213=CARTESIAN_POINT('Ctrl Pts',(52.2936843473379,-7.77000000000002,-26.303467812677));
#7214=CARTESIAN_POINT('Ctrl Pts',(50.8761182086891,-7.77000000000002,-30.5825089678622));
#7215=CARTESIAN_POINT('Ctrl Pts',(46.2706116248083,-7.77000000000002,-34.4573869426995));
#7216=CARTESIAN_POINT('Ctrl Pts',(42.9824104824807,-7.77000000000002,-35.2555758822852));
#7217=CARTESIAN_POINT('Ctrl Pts',(41.3343819822362,-7.77000000000002,-35.2555758822852));
#7218=CARTESIAN_POINT('Ctrl Pts',(52.2936857672914,-2.50144550000002,-23.7290032700438));
#7219=CARTESIAN_POINT('Ctrl Pts',(52.2936843473379,-2.50144550000002,-26.303467812677));
#7220=CARTESIAN_POINT('Ctrl Pts',(50.8761182086891,-2.50144550000002,-30.5825089678622));
#7221=CARTESIAN_POINT('Ctrl Pts',(46.2706116248083,-2.50144550000002,-34.4573869426995));
#7222=CARTESIAN_POINT('Ctrl Pts',(42.9824104824807,-2.50144550000002,-35.2555758822852));
#7223=CARTESIAN_POINT('Ctrl Pts',(41.3343819822362,-2.50144550000002,-35.2555758822852));
#7224=CARTESIAN_POINT('',(41.3343819822362,-2.50144550000002,-35.2555758822852));
#7225=CARTESIAN_POINT('Origin',(-38.4197419261159,-2.50144550000002,-35.2555758822852));
#7226=CARTESIAN_POINT('',(-38.4197419261159,-2.50144550000002,-35.2555758822852));
#7227=CARTESIAN_POINT('Ctrl Pts',(-38.4197419261159,-7.77000000000002,-35.2555758822852));
#7228=CARTESIAN_POINT('Ctrl Pts',(-40.0682982772615,-7.77000000000002,-35.2555758822852));
#7229=CARTESIAN_POINT('Ctrl Pts',(-43.3575944426054,-7.77000000000002,-34.4576305885701));
#7230=CARTESIAN_POINT('Ctrl Pts',(-47.9659569973144,-7.77000000000002,-30.5835024304726));
#7231=CARTESIAN_POINT('Ctrl Pts',(-49.3867722932671,-7.77000000000002,-26.3043246131167));
#7232=CARTESIAN_POINT('Ctrl Pts',(-49.389008851528,-7.77000000000002,-23.7290018356375));
#7233=CARTESIAN_POINT('Ctrl Pts',(-38.4197419261159,-2.50144550000002,-35.2555758822852));
#7234=CARTESIAN_POINT('Ctrl Pts',(-40.0682982772615,-2.50144550000002,-35.2555758822852));
#7235=CARTESIAN_POINT('Ctrl Pts',(-43.3575944426054,-2.50144550000002,-34.4576305885701));
#7236=CARTESIAN_POINT('Ctrl Pts',(-47.9659569973144,-2.50144550000002,-30.5835024304726));
#7237=CARTESIAN_POINT('Ctrl Pts',(-49.3867722932671,-2.50144550000002,-26.3043246131167));
#7238=CARTESIAN_POINT('Ctrl Pts',(-49.389008851528,-2.50144550000002,-23.7290018356375));
#7239=CARTESIAN_POINT('Origin',(42.7997484063745,62.73,12.51));
#7240=CARTESIAN_POINT('',(42.7997484063745,62.73,22.51));
#7241=CARTESIAN_POINT('Origin',(42.7997484063745,62.73,12.51));
#7242=CARTESIAN_POINT('',(42.7997484063745,-12.5014455,22.51));
#7243=CARTESIAN_POINT('',(42.7997484063745,62.73,22.51));
#7244=CARTESIAN_POINT('',(51.4599999999999,-12.5014455,17.51));
#7245=CARTESIAN_POINT('Origin',(42.7997484063745,-12.5014455,12.51));
#7246=CARTESIAN_POINT('',(51.4599999999999,-57.27,17.51));
#7247=CARTESIAN_POINT('Origin',(1.46000122210936,2.72999863991047,22.51));
#7248=CARTESIAN_POINT('',(-39.8797459621557,-57.270002720179,22.51));
#7249=CARTESIAN_POINT('Origin',(1.46000122210936,2.72999863991047,22.51));
#7250=CARTESIAN_POINT('',(-39.8797459621557,-12.5014455,22.51));
#7251=CARTESIAN_POINT('',(-39.8797459621557,-57.270002720179,22.51));
#7252=CARTESIAN_POINT('',(1.45866267688335,-12.5014455,22.51));
#7253=CARTESIAN_POINT('Origin',(-39.8797459621557,-57.270002720179,12.51));
#7254=CARTESIAN_POINT('',(-48.5400000000001,62.73,17.51));
#7255=CARTESIAN_POINT('Origin',(-39.8797459621557,-57.270002720179,12.51));
#7256=CARTESIAN_POINT('',(-48.5400000000001,-12.5014455,17.51));
#7257=CARTESIAN_POINT('',(-48.5400000000001,62.73,17.51));
#7258=CARTESIAN_POINT('Origin',(-39.8797459621557,-12.5014455,12.51));
#7259=CARTESIAN_POINT('Origin',(-48.5400000000001,62.73,-22.49));
#7260=CARTESIAN_POINT('Origin',(-48.5400000000001,62.73,-22.49));
#7261=CARTESIAN_POINT('',(-48.5400000000001,-12.5014455,-22.49));
#7262=CARTESIAN_POINT('',(-48.5400000000001,32.73,-22.49));
#7263=CARTESIAN_POINT('',(-48.5400000000001,-12.5014455,-13.8842623587057));
#7264=CARTESIAN_POINT('Origin',(1.45732413165733,-17.77,-5.27852471741136));
#7265=CARTESIAN_POINT('',(-49.3890084405592,-17.77,-23.7290018352806));
#7266=CARTESIAN_POINT('',(-38.4197419261159,-17.77,-35.2555758822852));
#7267=CARTESIAN_POINT('Ctrl Pts',(-38.4197419261159,-17.77,-35.2555758822852));
#7268=CARTESIAN_POINT('Ctrl Pts',(-40.0682982772615,-17.77,-35.2555758822852));
#7269=CARTESIAN_POINT('Ctrl Pts',(-43.3575077424404,-17.77,-34.4575748185288));
#7270=CARTESIAN_POINT('Ctrl Pts',(-47.9657606016147,-17.77,-30.5834403828532));
#7271=CARTESIAN_POINT('Ctrl Pts',(-49.3867722932671,-17.77,-26.3043246131167));
#7272=CARTESIAN_POINT('Ctrl Pts',(-49.389008851528,-17.77,-23.7290018356375));
#7273=CARTESIAN_POINT('',(41.3343819822362,-17.77,-35.2555758822852));
#7274=CARTESIAN_POINT('',(-18.4812088972293,-17.77,-35.2555758822852));
#7275=CARTESIAN_POINT('',(52.2936857393235,-17.77,-23.7292392265288));
#7276=CARTESIAN_POINT('Ctrl Pts',(52.2936857647794,-17.77,-23.7292392265095));
#7277=CARTESIAN_POINT('Ctrl Pts',(52.2936323703094,-17.77,-26.3036246841554));
#7278=CARTESIAN_POINT('Ctrl Pts',(50.8758690177972,-17.77,-30.5824999571944));
#7279=CARTESIAN_POINT('Ctrl Pts',(46.2705278331174,-17.77,-34.457333474571));
#7280=CARTESIAN_POINT('Ctrl Pts',(42.9824104824807,-17.77,-35.2555758822852));
#7281=CARTESIAN_POINT('Ctrl Pts',(41.3343819822362,-17.77,-35.2555758822852));
#7282=CARTESIAN_POINT('',(52.3037150687923,-17.77,18.6766310968794));
#7283=CARTESIAN_POINT('',(52.2958661886136,-17.77,-14.5098940919026));
#7284=CARTESIAN_POINT('',(42.6669610544643,-17.77,24.6879880359764));
#7285=CARTESIAN_POINT('Ctrl Pts',(42.6669610544641,-17.77,24.6879880359764));
#7286=CARTESIAN_POINT('Ctrl Pts',(44.3541574745654,-17.77,24.6990783462895));
#7287=CARTESIAN_POINT('Ctrl Pts',(48.2980359330471,-17.77,23.7435069890011));
#7288=CARTESIAN_POINT('Ctrl Pts',(51.2460436483049,-17.77,20.7433585728863));
#7289=CARTESIAN_POINT('Ctrl Pts',(52.3037150687924,-17.77,18.676631096879));
#7290=CARTESIAN_POINT('',(-39.7554957815892,-17.77,24.6985263622131));
#7291=CARTESIAN_POINT('',(22.0657765135204,-17.77,24.6906220511695));
#7292=CARTESIAN_POINT('',(-49.3890084405591,-17.77,18.6791625948205));
#7293=CARTESIAN_POINT('Ctrl Pts',(-49.3890084405592,-17.77,18.6791625948201));
#7294=CARTESIAN_POINT('Ctrl Pts',(-48.5894916356837,-17.77,20.2240516981004));
#7295=CARTESIAN_POINT('Ctrl Pts',(-45.9243341909586,-17.77,23.3840333107495));
#7296=CARTESIAN_POINT('Ctrl Pts',(-42.0030265513163,-17.77,24.6988137257956));
#7297=CARTESIAN_POINT('Ctrl Pts',(-39.7554957815892,-17.77,24.6985263622131));
#7298=CARTESIAN_POINT('',(-49.3890084405592,-17.77,6.57572345136629));
#7299=CARTESIAN_POINT('',(51.4599999999999,-17.77,17.51));
#7300=CARTESIAN_POINT('',(42.7997484063745,-17.77,22.51));
#7301=CARTESIAN_POINT('Origin',(42.7997484063745,-17.77,12.51));
#7302=CARTESIAN_POINT('',(51.4599999999999,-17.77,-22.49));
#7303=CARTESIAN_POINT('',(51.4599999999999,-17.77,-13.8842623587057));
#7304=CARTESIAN_POINT('',(41.4599999999999,-17.77,-32.49));
#7305=CARTESIAN_POINT('Origin',(41.4599999999999,-17.77,-22.49));
#7306=CARTESIAN_POINT('',(-38.5400000000001,-17.77,-32.49));
#7307=CARTESIAN_POINT('',(1.4586620658286,-17.77,-32.49));
#7308=CARTESIAN_POINT('',(-48.5400000000001,-17.77,-22.49));
#7309=CARTESIAN_POINT('Origin',(-38.5400000000001,-17.77,-22.49));
#7310=CARTESIAN_POINT('',(-48.5400000000001,-17.77,17.51));
#7311=CARTESIAN_POINT('',(-48.5400000000001,-17.77,-13.8842623587057));
#7312=CARTESIAN_POINT('',(-39.8797459621557,-17.77,22.51));
#7313=CARTESIAN_POINT('Origin',(-39.8797459621557,-17.77,12.51));
#7314=CARTESIAN_POINT('',(1.45866267688335,-17.77,22.51));
#7315=CARTESIAN_POINT('Origin',(1.45732413165733,-12.5014455,-5.27852471741136));
#7316=CARTESIAN_POINT('',(-49.3890084405592,-12.5014455,-23.7290018352806));
#7317=CARTESIAN_POINT('',(-38.4197419261159,-12.5014455,-35.2555758822852));
#7318=CARTESIAN_POINT('Ctrl Pts',(-38.4197419261159,-12.5014455,-35.2555758822852));
#7319=CARTESIAN_POINT('Ctrl Pts',(-40.0682982772615,-12.5014455,-35.2555758822852));
#7320=CARTESIAN_POINT('Ctrl Pts',(-43.3575077424404,-12.5014455,-34.4575748185288));
#7321=CARTESIAN_POINT('Ctrl Pts',(-47.9657606016147,-12.5014455,-30.5834403828532));
#7322=CARTESIAN_POINT('Ctrl Pts',(-49.3867722932671,-12.5014455,-26.3043246131167));
#7323=CARTESIAN_POINT('Ctrl Pts',(-49.389008851528,-12.5014455,-23.7290018356375));
#7324=CARTESIAN_POINT('',(-49.3890084405591,-12.5014455,18.6791625948205));
#7325=CARTESIAN_POINT('',(-49.3890084405592,-12.5014455,6.57572345136629));
#7326=CARTESIAN_POINT('',(-39.7554957815892,-12.5014455,24.6985263622131));
#7327=CARTESIAN_POINT('Ctrl Pts',(-49.3890084405592,-12.5014455,18.6791625948201));
#7328=CARTESIAN_POINT('Ctrl Pts',(-48.5894916356837,-12.5014455,20.2240516981004));
#7329=CARTESIAN_POINT('Ctrl Pts',(-45.9243341909586,-12.5014455,23.3840333107495));
#7330=CARTESIAN_POINT('Ctrl Pts',(-42.0030265513163,-12.5014455,24.6988137257956));
#7331=CARTESIAN_POINT('Ctrl Pts',(-39.7554957815892,-12.5014455,24.6985263622131));
#7332=CARTESIAN_POINT('',(42.6669610544643,-12.5014455,24.6879880359764));
#7333=CARTESIAN_POINT('',(22.0657765135204,-12.5014455,24.6906220511695));
#7334=CARTESIAN_POINT('',(52.3037150687923,-12.5014455,18.6766310968794));
#7335=CARTESIAN_POINT('Ctrl Pts',(42.6669610544641,-12.5014455,24.6879880359764));
#7336=CARTESIAN_POINT('Ctrl Pts',(44.3541574745654,-12.5014455,24.6990783462895));
#7337=CARTESIAN_POINT('Ctrl Pts',(48.2980359330471,-12.5014455,23.7435069890011));
#7338=CARTESIAN_POINT('Ctrl Pts',(51.2460436483049,-12.5014455,20.7433585728863));
#7339=CARTESIAN_POINT('Ctrl Pts',(52.3037150687924,-12.5014455,18.676631096879));
#7340=CARTESIAN_POINT('',(52.2936857393235,-12.5014455,-23.7292392265288));
#7341=CARTESIAN_POINT('',(52.2958661886136,-12.5014455,-14.5098940919026));
#7342=CARTESIAN_POINT('',(41.3343819822362,-12.5014455,-35.2555758822852));
#7343=CARTESIAN_POINT('Ctrl Pts',(52.2936857647794,-12.5014455,-23.7292392265095));
#7344=CARTESIAN_POINT('Ctrl Pts',(52.2936323703094,-12.5014455,-26.3036246841554));
#7345=CARTESIAN_POINT('Ctrl Pts',(50.8758690177972,-12.5014455,-30.5824999571944));
#7346=CARTESIAN_POINT('Ctrl Pts',(46.2705278331174,-12.5014455,-34.457333474571));
#7347=CARTESIAN_POINT('Ctrl Pts',(42.9824104824807,-12.5014455,-35.2555758822852));
#7348=CARTESIAN_POINT('Ctrl Pts',(41.3343819822362,-12.5014455,-35.2555758822852));
#7349=CARTESIAN_POINT('',(-18.4812088972293,-12.5014455,-35.2555758822852));
#7350=CARTESIAN_POINT('',(-38.5400000000001,-12.5014455,-32.49));
#7351=CARTESIAN_POINT('Origin',(-38.5400000000001,-12.5014455,-22.49));
#7352=CARTESIAN_POINT('',(41.4599999999999,-12.5014455,-32.49));
#7353=CARTESIAN_POINT('',(1.4586620658286,-12.5014455,-32.49));
#7354=CARTESIAN_POINT('',(51.4599999999999,-12.5014455,-22.49));
#7355=CARTESIAN_POINT('Origin',(41.4599999999999,-12.5014455,-22.49));
#7356=CARTESIAN_POINT('',(51.4599999999999,-12.5014455,-13.8842623587057));
#7357=CARTESIAN_POINT('Origin',(-49.3890084405592,-12.5014455,18.4299716201439));
#7358=CARTESIAN_POINT('',(-49.3890084405592,-12.5014455,-23.7290018352806));
#7359=CARTESIAN_POINT('Ctrl Pts',(-49.3890084405592,-12.5014455,18.6791625948201));
#7360=CARTESIAN_POINT('Ctrl Pts',(-49.3890084405592,-13.3795379166667,18.6791625948201));
#7361=CARTESIAN_POINT('Ctrl Pts',(-49.3890084405592,-14.2576303333334,18.6791625948201));
#7362=CARTESIAN_POINT('Ctrl Pts',(-49.3890084405592,-16.0138151666667,18.6791625948201));
#7363=CARTESIAN_POINT('Ctrl Pts',(-49.3890084405592,-16.8919075833334,18.6791625948201));
#7364=CARTESIAN_POINT('Ctrl Pts',(-49.3890084405592,-17.77,18.6791625948201));
#7365=CARTESIAN_POINT('Ctrl Pts',(-49.3890084405592,-17.77,18.6791625948201));
#7366=CARTESIAN_POINT('Ctrl Pts',(-48.5894916356837,-17.77,20.2240516981004));
#7367=CARTESIAN_POINT('Ctrl Pts',(-45.9243341909586,-17.77,23.3840333107495));
#7368=CARTESIAN_POINT('Ctrl Pts',(-42.0030265513163,-17.77,24.6988137257956));
#7369=CARTESIAN_POINT('Ctrl Pts',(-39.7554957815892,-17.77,24.6985263622131));
#7370=CARTESIAN_POINT('Ctrl Pts',(-49.3890084405592,-12.5014455,18.6791625948201));
#7371=CARTESIAN_POINT('Ctrl Pts',(-48.5894916356837,-12.5014455,20.2240516981004));
#7372=CARTESIAN_POINT('Ctrl Pts',(-45.9243341909586,-12.5014455,23.3840333107495));
#7373=CARTESIAN_POINT('Ctrl Pts',(-42.0030265513163,-12.5014455,24.6988137257956));
#7374=CARTESIAN_POINT('Ctrl Pts',(-39.7554957815892,-12.5014455,24.6985263622131));
#7375=CARTESIAN_POINT('',(-39.7554957815892,-12.5014455,24.6985263622131));
#7376=CARTESIAN_POINT('Origin',(42.6703967794706,-12.5014455,24.6879875966933));
#7377=CARTESIAN_POINT('Ctrl Pts',(42.6669610544643,-12.5014455,24.6879880359764));
#7378=CARTESIAN_POINT('Ctrl Pts',(42.6669610544643,-13.3596803205377,24.6879880359764));
#7379=CARTESIAN_POINT('Ctrl Pts',(42.6669610544643,-14.2179151410755,24.6879880359764));
#7380=CARTESIAN_POINT('Ctrl Pts',(42.6669610544643,-15.9542423782798,24.6879880359764));
#7381=CARTESIAN_POINT('Ctrl Pts',(42.6669610544643,-16.8323347949465,24.6879880359764));
#7382=CARTESIAN_POINT('Ctrl Pts',(42.6669610544643,-17.7302848077421,24.6879880359764));
#7383=CARTESIAN_POINT('Ctrl Pts',(42.6669610544643,-17.7501424038711,24.6879880359764));
#7384=CARTESIAN_POINT('Ctrl Pts',(42.6669610544643,-17.77,24.6879880359764));
#7385=CARTESIAN_POINT('Ctrl Pts',(42.6669610544641,-17.77,24.6879880359764));
#7386=CARTESIAN_POINT('Ctrl Pts',(44.3541574745654,-17.77,24.6990783462895));
#7387=CARTESIAN_POINT('Ctrl Pts',(48.2980359330471,-17.77,23.7435069890011));
#7388=CARTESIAN_POINT('Ctrl Pts',(51.2460436483049,-17.77,20.7433585728863));
#7389=CARTESIAN_POINT('Ctrl Pts',(52.3037150687924,-17.77,18.676631096879));
#7390=CARTESIAN_POINT('Ctrl Pts',(42.6669610544641,-12.5014455,24.6879880359764));
#7391=CARTESIAN_POINT('Ctrl Pts',(44.3541574745654,-12.5014455,24.6990783462895));
#7392=CARTESIAN_POINT('Ctrl Pts',(48.2980359330471,-12.5014455,23.7435069890011));
#7393=CARTESIAN_POINT('Ctrl Pts',(51.2460436483049,-12.5014455,20.7433585728863));
#7394=CARTESIAN_POINT('Ctrl Pts',(52.3037150687924,-12.5014455,18.676631096879));
#7395=CARTESIAN_POINT('Ctrl Pts',(52.3037150687924,-17.77,18.676631096879));
#7396=CARTESIAN_POINT('Ctrl Pts',(52.3037150687924,-16.8919075833334,18.676631096879));
#7397=CARTESIAN_POINT('Ctrl Pts',(52.3037150687924,-16.0138151666667,18.676631096879));
#7398=CARTESIAN_POINT('Ctrl Pts',(52.3037150687924,-14.2576303333334,18.676631096879));
#7399=CARTESIAN_POINT('Ctrl Pts',(52.3037150687924,-13.3795379166667,18.676631096879));
#7400=CARTESIAN_POINT('Ctrl Pts',(52.3037150687924,-12.5014455,18.676631096879));
#7401=CARTESIAN_POINT('Origin',(52.2936857393235,-12.5014455,-23.7292392265288));
#7402=CARTESIAN_POINT('',(52.2936857393235,-12.5014455,-23.7292392265288));
#7403=CARTESIAN_POINT('Ctrl Pts',(52.2936857672914,-17.77,-23.7290032700438));
#7404=CARTESIAN_POINT('Ctrl Pts',(52.2936843473379,-17.77,-26.303467812677));
#7405=CARTESIAN_POINT('Ctrl Pts',(50.8759293174013,-17.77,-30.5824492224241));
#7406=CARTESIAN_POINT('Ctrl Pts',(46.2705278331174,-17.77,-34.457333474571));
#7407=CARTESIAN_POINT('Ctrl Pts',(42.9824104824807,-17.77,-35.2555758822852));
#7408=CARTESIAN_POINT('Ctrl Pts',(41.3343819822362,-17.77,-35.2555758822852));
#7409=CARTESIAN_POINT('Ctrl Pts',(52.2936857672914,-12.5014455,-23.7290032700438));
#7410=CARTESIAN_POINT('Ctrl Pts',(52.2936843473379,-12.5014455,-26.303467812677));
#7411=CARTESIAN_POINT('Ctrl Pts',(50.8759293174013,-12.5014455,-30.5824492224241));
#7412=CARTESIAN_POINT('Ctrl Pts',(46.2705278331174,-12.5014455,-34.457333474571));
#7413=CARTESIAN_POINT('Ctrl Pts',(42.9824104824807,-12.5014455,-35.2555758822852));
#7414=CARTESIAN_POINT('Ctrl Pts',(41.3343819822362,-12.5014455,-35.2555758822852));
#7415=CARTESIAN_POINT('',(41.3343819822362,-12.5014455,-35.2555758822852));
#7416=CARTESIAN_POINT('Origin',(-38.4197419261159,-12.5014455,-35.2555758822852));
#7417=CARTESIAN_POINT('',(-38.4197419261159,-12.5014455,-35.2555758822852));
#7418=CARTESIAN_POINT('Ctrl Pts',(-38.4197419261159,-17.77,-35.2555758822852));
#7419=CARTESIAN_POINT('Ctrl Pts',(-40.0682982772615,-17.77,-35.2555758822852));
#7420=CARTESIAN_POINT('Ctrl Pts',(-43.3575077424404,-17.77,-34.4575748185288));
#7421=CARTESIAN_POINT('Ctrl Pts',(-47.9657606016147,-17.77,-30.5834403828532));
#7422=CARTESIAN_POINT('Ctrl Pts',(-49.3867722932671,-17.77,-26.3043246131167));
#7423=CARTESIAN_POINT('Ctrl Pts',(-49.389008851528,-17.77,-23.7290018356375));
#7424=CARTESIAN_POINT('Ctrl Pts',(-38.4197419261159,-12.5014455,-35.2555758822852));
#7425=CARTESIAN_POINT('Ctrl Pts',(-40.0682982772615,-12.5014455,-35.2555758822852));
#7426=CARTESIAN_POINT('Ctrl Pts',(-43.3575077424404,-12.5014455,-34.4575748185288));
#7427=CARTESIAN_POINT('Ctrl Pts',(-47.9657606016147,-12.5014455,-30.5834403828532));
#7428=CARTESIAN_POINT('Ctrl Pts',(-49.3867722932671,-12.5014455,-26.3043246131167));
#7429=CARTESIAN_POINT('Ctrl Pts',(-49.389008851528,-12.5014455,-23.7290018356375));
#7430=CARTESIAN_POINT('Origin',(-38.5400000000001,32.73,-22.49));
#7431=CARTESIAN_POINT('',(-38.5400000000001,32.73,-32.49));
#7432=CARTESIAN_POINT('Origin',(-38.5400000000001,32.73,-22.49));
#7433=CARTESIAN_POINT('',(-38.5400000000001,-22.5014455,-32.49));
#7434=CARTESIAN_POINT('',(-38.5400000000001,32.73,-32.49));
#7435=CARTESIAN_POINT('',(-48.5400000000001,-22.5014455,-22.49));
#7436=CARTESIAN_POINT('Origin',(-38.5400000000001,-22.5014455,-22.49));
#7437=CARTESIAN_POINT('',(-48.5400000000001,32.73,-22.49));
#7438=CARTESIAN_POINT('Origin',(1.45999999999987,2.72999999999998,-32.49));
#7439=CARTESIAN_POINT('',(41.4599999999999,-27.27,-32.49));
#7440=CARTESIAN_POINT('Origin',(1.45999999999987,2.72999999999998,-32.49));
#7441=CARTESIAN_POINT('',(41.4599999999999,-22.5014455,-32.49));
#7442=CARTESIAN_POINT('',(41.4599999999999,-27.27,-32.49));
#7443=CARTESIAN_POINT('',(1.4586620658286,-22.5014455,-32.49));
#7444=CARTESIAN_POINT('Origin',(41.4599999999999,-27.27,-22.49));
#7445=CARTESIAN_POINT('',(51.4599999999999,-27.27,-22.49));
#7446=CARTESIAN_POINT('Origin',(41.4599999999999,-27.27,-22.49));
#7447=CARTESIAN_POINT('',(51.4599999999999,-22.5014455,-22.49));
#7448=CARTESIAN_POINT('',(51.4599999999999,-27.27,-22.49));
#7449=CARTESIAN_POINT('Origin',(41.4599999999999,-22.5014455,-22.49));
#7450=CARTESIAN_POINT('Origin',(51.4599999999999,-57.27,-22.49));
#7451=CARTESIAN_POINT('Origin',(51.4599999999999,-57.27,-22.49));
#7452=CARTESIAN_POINT('',(51.4599999999999,-22.5014455,17.51));
#7453=CARTESIAN_POINT('',(51.4599999999999,-57.27,17.51));
#7454=CARTESIAN_POINT('',(51.4599999999999,-22.5014455,-13.8842623587057));
#7455=CARTESIAN_POINT('Origin',(1.45732413165733,-27.77,-5.27852471741136));
#7456=CARTESIAN_POINT('',(-49.3890084405592,-27.77,-23.7290018352806));
#7457=CARTESIAN_POINT('',(-38.4197419261159,-27.77,-35.2555758822852));
#7458=CARTESIAN_POINT('Ctrl Pts',(-38.4197419261159,-27.77,-35.2555758822852));
#7459=CARTESIAN_POINT('Ctrl Pts',(-40.0682982772615,-27.77,-35.2555758822852));
#7460=CARTESIAN_POINT('Ctrl Pts',(-43.3574308714958,-27.77,-34.4575264579362));
#7461=CARTESIAN_POINT('Ctrl Pts',(-47.965589131732,-27.77,-30.5833855904462));
#7462=CARTESIAN_POINT('Ctrl Pts',(-49.3867722932671,-27.77,-26.3043246131167));
#7463=CARTESIAN_POINT('Ctrl Pts',(-49.389008851528,-27.77,-23.7290018356375));
#7464=CARTESIAN_POINT('',(41.3343819822362,-27.77,-35.2555758822852));
#7465=CARTESIAN_POINT('',(-18.4812088972293,-27.77,-35.2555758822852));
#7466=CARTESIAN_POINT('',(52.2936857393235,-27.77,-23.7292392265288));
#7467=CARTESIAN_POINT('Ctrl Pts',(52.2936857647791,-27.77,-23.7292392265094));
#7468=CARTESIAN_POINT('Ctrl Pts',(52.293632364247,-27.77,-26.3036246822172));
#7469=CARTESIAN_POINT('Ctrl Pts',(50.8757036525252,-27.77,-30.5824470877094));
#7470=CARTESIAN_POINT('Ctrl Pts',(46.2704534065382,-27.77,-34.4572869684247));
#7471=CARTESIAN_POINT('Ctrl Pts',(42.9824104824807,-27.77,-35.2555758822852));
#7472=CARTESIAN_POINT('Ctrl Pts',(41.3343819822362,-27.77,-35.2555758822852));
#7473=CARTESIAN_POINT('',(52.3037150687923,-27.77,18.6766310968794));
#7474=CARTESIAN_POINT('',(52.2958661886136,-27.77,-14.5098940919026));
#7475=CARTESIAN_POINT('',(42.6669610544643,-27.77,24.6879880359764));
#7476=CARTESIAN_POINT('Ctrl Pts',(42.6669610544641,-27.77,24.6879880359764));
#7477=CARTESIAN_POINT('Ctrl Pts',(44.3541574745654,-27.77,24.6990783462895));
#7478=CARTESIAN_POINT('Ctrl Pts',(48.2979652975617,-27.77,23.7434253975545));
#7479=CARTESIAN_POINT('Ctrl Pts',(51.2460436483049,-27.77,20.7433585728863));
#7480=CARTESIAN_POINT('Ctrl Pts',(52.3037150687924,-27.77,18.676631096879));
#7481=CARTESIAN_POINT('',(-39.7554957815892,-27.77,24.6985263622131));
#7482=CARTESIAN_POINT('',(22.0657765135204,-27.77,24.6906220511695));
#7483=CARTESIAN_POINT('',(-49.3890084405591,-27.77,18.6791625948205));
#7484=CARTESIAN_POINT('Ctrl Pts',(-49.3890084405592,-27.77,18.6791625948201));
#7485=CARTESIAN_POINT('Ctrl Pts',(-48.5894916356837,-27.77,20.2240516981004));
#7486=CARTESIAN_POINT('Ctrl Pts',(-45.9242888970647,-27.77,23.3839466880812));
#7487=CARTESIAN_POINT('Ctrl Pts',(-42.0030265513163,-27.77,24.6988137257956));
#7488=CARTESIAN_POINT('Ctrl Pts',(-39.7554957815892,-27.77,24.6985263622131));
#7489=CARTESIAN_POINT('',(-49.3890084405592,-27.77,6.57572345136629));
#7490=CARTESIAN_POINT('',(-48.5400000000001,-27.77,-22.49));
#7491=CARTESIAN_POINT('',(-38.5400000000001,-27.77,-32.49));
#7492=CARTESIAN_POINT('Origin',(-38.5400000000001,-27.77,-22.49));
#7493=CARTESIAN_POINT('',(-48.5400000000001,-27.77,17.51));
#7494=CARTESIAN_POINT('',(-48.5400000000001,-27.77,-13.8842623587057));
#7495=CARTESIAN_POINT('',(-39.8797459621557,-27.77,22.51));
#7496=CARTESIAN_POINT('Origin',(-39.8797459621557,-27.77,12.51));
#7497=CARTESIAN_POINT('',(42.7997484063745,-27.77,22.51));
#7498=CARTESIAN_POINT('',(1.45866267688335,-27.77,22.51));
#7499=CARTESIAN_POINT('',(51.4599999999999,-27.77,17.51));
#7500=CARTESIAN_POINT('Origin',(42.7997484063745,-27.77,12.51));
#7501=CARTESIAN_POINT('',(51.4599999999999,-27.77,-22.49));
#7502=CARTESIAN_POINT('',(51.4599999999999,-27.77,-13.8842623587057));
#7503=CARTESIAN_POINT('',(41.4599999999999,-27.77,-32.49));
#7504=CARTESIAN_POINT('Origin',(41.4599999999999,-27.77,-22.49));
#7505=CARTESIAN_POINT('',(1.4586620658286,-27.77,-32.49));
#7506=CARTESIAN_POINT('Origin',(1.45732413165733,-22.5014455,-5.27852471741136));
#7507=CARTESIAN_POINT('',(-49.3890084405592,-22.5014455,-23.7290018352806));
#7508=CARTESIAN_POINT('',(-38.4197419261159,-22.5014455,-35.2555758822852));
#7509=CARTESIAN_POINT('Ctrl Pts',(-38.4197419261159,-22.5014455,-35.2555758822852));
#7510=CARTESIAN_POINT('Ctrl Pts',(-40.0682982772615,-22.5014455,-35.2555758822852));
#7511=CARTESIAN_POINT('Ctrl Pts',(-43.3574308714958,-22.5014455,-34.4575264579362));
#7512=CARTESIAN_POINT('Ctrl Pts',(-47.965589131732,-22.5014455,-30.5833855904462));
#7513=CARTESIAN_POINT('Ctrl Pts',(-49.3867722932671,-22.5014455,-26.3043246131167));
#7514=CARTESIAN_POINT('Ctrl Pts',(-49.389008851528,-22.5014455,-23.7290018356375));
#7515=CARTESIAN_POINT('',(-49.3890084405591,-22.5014455,18.6791625948205));
#7516=CARTESIAN_POINT('',(-49.3890084405592,-22.5014455,6.57572345136629));
#7517=CARTESIAN_POINT('',(-39.7554957815892,-22.5014455,24.6985263622131));
#7518=CARTESIAN_POINT('Ctrl Pts',(-49.3890084405592,-22.5014455,18.6791625948201));
#7519=CARTESIAN_POINT('Ctrl Pts',(-48.5894916356837,-22.5014455,20.2240516981004));
#7520=CARTESIAN_POINT('Ctrl Pts',(-45.9242888970647,-22.5014455,23.3839466880812));
#7521=CARTESIAN_POINT('Ctrl Pts',(-42.0030265513163,-22.5014455,24.6988137257956));
#7522=CARTESIAN_POINT('Ctrl Pts',(-39.7554957815892,-22.5014455,24.6985263622131));
#7523=CARTESIAN_POINT('',(42.6669610544643,-22.5014455,24.6879880359764));
#7524=CARTESIAN_POINT('',(22.0657765135204,-22.5014455,24.6906220511695));
#7525=CARTESIAN_POINT('',(52.3037150687923,-22.5014455,18.6766310968794));
#7526=CARTESIAN_POINT('Ctrl Pts',(42.6669610544641,-22.5014455,24.6879880359764));
#7527=CARTESIAN_POINT('Ctrl Pts',(44.3541574745654,-22.5014455,24.6990783462895));
#7528=CARTESIAN_POINT('Ctrl Pts',(48.2979652975617,-22.5014455,23.7434253975545));
#7529=CARTESIAN_POINT('Ctrl Pts',(51.2460436483049,-22.5014455,20.7433585728863));
#7530=CARTESIAN_POINT('Ctrl Pts',(52.3037150687924,-22.5014455,18.676631096879));
#7531=CARTESIAN_POINT('',(52.2936857393235,-22.5014455,-23.7292392265288));
#7532=CARTESIAN_POINT('',(52.2958661886136,-22.5014455,-14.5098940919026));
#7533=CARTESIAN_POINT('',(41.3343819822362,-22.5014455,-35.2555758822852));
#7534=CARTESIAN_POINT('Ctrl Pts',(52.2936857647791,-22.5014455,-23.7292392265094));
#7535=CARTESIAN_POINT('Ctrl Pts',(52.293632364247,-22.5014455,-26.3036246822172));
#7536=CARTESIAN_POINT('Ctrl Pts',(50.8757036525252,-22.5014455,-30.5824470877094));
#7537=CARTESIAN_POINT('Ctrl Pts',(46.2704534065382,-22.5014455,-34.4572869684247));
#7538=CARTESIAN_POINT('Ctrl Pts',(42.9824104824807,-22.5014455,-35.2555758822852));
#7539=CARTESIAN_POINT('Ctrl Pts',(41.3343819822362,-22.5014455,-35.2555758822852));
#7540=CARTESIAN_POINT('',(-18.4812088972293,-22.5014455,-35.2555758822852));
#7541=CARTESIAN_POINT('',(42.7997484063745,-22.5014455,22.51));
#7542=CARTESIAN_POINT('Origin',(42.7997484063745,-22.5014455,12.51));
#7543=CARTESIAN_POINT('',(-39.8797459621557,-22.5014455,22.51));
#7544=CARTESIAN_POINT('',(1.45866267688335,-22.5014455,22.51));
#7545=CARTESIAN_POINT('',(-48.5400000000001,-22.5014455,17.51));
#7546=CARTESIAN_POINT('Origin',(-39.8797459621557,-22.5014455,12.51));
#7547=CARTESIAN_POINT('',(-48.5400000000001,-22.5014455,-13.8842623587057));
#7548=CARTESIAN_POINT('Origin',(-49.3890084405592,-22.5014455,18.4299716201439));
#7549=CARTESIAN_POINT('',(-49.3890084405592,-22.5014455,-23.7290018352806));
#7550=CARTESIAN_POINT('Ctrl Pts',(-49.3890084405592,-22.5014455,18.6791625948201));
#7551=CARTESIAN_POINT('Ctrl Pts',(-49.3890084405592,-23.3795379166667,18.6791625948201));
#7552=CARTESIAN_POINT('Ctrl Pts',(-49.3890084405592,-24.2576303333334,18.6791625948201));
#7553=CARTESIAN_POINT('Ctrl Pts',(-49.3890084405592,-26.0138151666667,18.6791625948201));
#7554=CARTESIAN_POINT('Ctrl Pts',(-49.3890084405592,-26.8919075833334,18.6791625948201));
#7555=CARTESIAN_POINT('Ctrl Pts',(-49.3890084405592,-27.77,18.6791625948201));
#7556=CARTESIAN_POINT('Ctrl Pts',(-49.3890084405592,-27.77,18.6791625948201));
#7557=CARTESIAN_POINT('Ctrl Pts',(-48.5894916356837,-27.77,20.2240516981004));
#7558=CARTESIAN_POINT('Ctrl Pts',(-45.9242888970647,-27.77,23.3839466880812));
#7559=CARTESIAN_POINT('Ctrl Pts',(-42.0030265513163,-27.77,24.6988137257956));
#7560=CARTESIAN_POINT('Ctrl Pts',(-39.7554957815892,-27.77,24.6985263622131));
#7561=CARTESIAN_POINT('Ctrl Pts',(-49.3890084405592,-22.5014455,18.6791625948201));
#7562=CARTESIAN_POINT('Ctrl Pts',(-48.5894916356837,-22.5014455,20.2240516981004));
#7563=CARTESIAN_POINT('Ctrl Pts',(-45.9242888970647,-22.5014455,23.3839466880812));
#7564=CARTESIAN_POINT('Ctrl Pts',(-42.0030265513163,-22.5014455,24.6988137257956));
#7565=CARTESIAN_POINT('Ctrl Pts',(-39.7554957815892,-22.5014455,24.6985263622131));
#7566=CARTESIAN_POINT('',(-39.7554957815892,-22.5014455,24.6985263622131));
#7567=CARTESIAN_POINT('Origin',(42.6703967794706,-22.5014455,24.6879875966933));
#7568=CARTESIAN_POINT('Ctrl Pts',(42.6669610544643,-22.5014455,24.6879880359764));
#7569=CARTESIAN_POINT('Ctrl Pts',(42.6669610544643,-23.3596803205377,24.6879880359764));
#7570=CARTESIAN_POINT('Ctrl Pts',(42.6669610544643,-24.2179151410755,24.6879880359764));
#7571=CARTESIAN_POINT('Ctrl Pts',(42.6669610544643,-25.9542423782798,24.6879880359764));
#7572=CARTESIAN_POINT('Ctrl Pts',(42.6669610544643,-26.8323347949465,24.6879880359764));
#7573=CARTESIAN_POINT('Ctrl Pts',(42.6669610544643,-27.7302848077421,24.6879880359764));
#7574=CARTESIAN_POINT('Ctrl Pts',(42.6669610544643,-27.7501424038711,24.6879880359764));
#7575=CARTESIAN_POINT('Ctrl Pts',(42.6669610544643,-27.77,24.6879880359764));
#7576=CARTESIAN_POINT('Ctrl Pts',(42.6669610544641,-27.77,24.6879880359764));
#7577=CARTESIAN_POINT('Ctrl Pts',(44.3541574745654,-27.77,24.6990783462895));
#7578=CARTESIAN_POINT('Ctrl Pts',(48.2979652975617,-27.77,23.7434253975545));
#7579=CARTESIAN_POINT('Ctrl Pts',(51.2460436483049,-27.77,20.7433585728863));
#7580=CARTESIAN_POINT('Ctrl Pts',(52.3037150687924,-27.77,18.676631096879));
#7581=CARTESIAN_POINT('Ctrl Pts',(42.6669610544641,-22.5014455,24.6879880359764));
#7582=CARTESIAN_POINT('Ctrl Pts',(44.3541574745654,-22.5014455,24.6990783462895));
#7583=CARTESIAN_POINT('Ctrl Pts',(48.2979652975617,-22.5014455,23.7434253975545));
#7584=CARTESIAN_POINT('Ctrl Pts',(51.2460436483049,-22.5014455,20.7433585728863));
#7585=CARTESIAN_POINT('Ctrl Pts',(52.3037150687924,-22.5014455,18.676631096879));
#7586=CARTESIAN_POINT('Ctrl Pts',(52.3037150687924,-27.77,18.676631096879));
#7587=CARTESIAN_POINT('Ctrl Pts',(52.3037150687924,-26.8919075833334,18.676631096879));
#7588=CARTESIAN_POINT('Ctrl Pts',(52.3037150687924,-26.0138151666667,18.676631096879));
#7589=CARTESIAN_POINT('Ctrl Pts',(52.3037150687924,-24.2576303333334,18.676631096879));
#7590=CARTESIAN_POINT('Ctrl Pts',(52.3037150687924,-23.3795379166667,18.676631096879));
#7591=CARTESIAN_POINT('Ctrl Pts',(52.3037150687924,-22.5014455,18.676631096879));
#7592=CARTESIAN_POINT('Origin',(52.2936857393235,-22.5014455,-23.7292392265288));
#7593=CARTESIAN_POINT('',(52.2936857393235,-22.5014455,-23.7292392265288));
#7594=CARTESIAN_POINT('Ctrl Pts',(52.2936857672914,-27.77,-23.7290032700438));
#7595=CARTESIAN_POINT('Ctrl Pts',(52.2936843473379,-27.77,-26.303467812677));
#7596=CARTESIAN_POINT('Ctrl Pts',(50.8757639509386,-27.77,-30.5823963528558));
#7597=CARTESIAN_POINT('Ctrl Pts',(46.2704534065382,-27.77,-34.4572869684247));
#7598=CARTESIAN_POINT('Ctrl Pts',(42.9824104824807,-27.77,-35.2555758822852));
#7599=CARTESIAN_POINT('Ctrl Pts',(41.3343819822362,-27.77,-35.2555758822852));
#7600=CARTESIAN_POINT('Ctrl Pts',(52.2936857672914,-22.5014455,-23.7290032700438));
#7601=CARTESIAN_POINT('Ctrl Pts',(52.2936843473379,-22.5014455,-26.303467812677));
#7602=CARTESIAN_POINT('Ctrl Pts',(50.8757639509386,-22.5014455,-30.5823963528558));
#7603=CARTESIAN_POINT('Ctrl Pts',(46.2704534065382,-22.5014455,-34.4572869684247));
#7604=CARTESIAN_POINT('Ctrl Pts',(42.9824104824807,-22.5014455,-35.2555758822852));
#7605=CARTESIAN_POINT('Ctrl Pts',(41.3343819822362,-22.5014455,-35.2555758822852));
#7606=CARTESIAN_POINT('',(41.3343819822362,-22.5014455,-35.2555758822852));
#7607=CARTESIAN_POINT('Origin',(-38.4197419261159,-22.5014455,-35.2555758822852));
#7608=CARTESIAN_POINT('',(-38.4197419261159,-22.5014455,-35.2555758822852));
#7609=CARTESIAN_POINT('Ctrl Pts',(-38.4197419261159,-27.77,-35.2555758822852));
#7610=CARTESIAN_POINT('Ctrl Pts',(-40.0682982772615,-27.77,-35.2555758822852));
#7611=CARTESIAN_POINT('Ctrl Pts',(-43.3574308714958,-27.77,-34.4575264579362));
#7612=CARTESIAN_POINT('Ctrl Pts',(-47.965589131732,-27.77,-30.5833855904462));
#7613=CARTESIAN_POINT('Ctrl Pts',(-49.3867722932671,-27.77,-26.3043246131167));
#7614=CARTESIAN_POINT('Ctrl Pts',(-49.389008851528,-27.77,-23.7290018356375));
#7615=CARTESIAN_POINT('Ctrl Pts',(-38.4197419261159,-22.5014455,-35.2555758822852));
#7616=CARTESIAN_POINT('Ctrl Pts',(-40.0682982772615,-22.5014455,-35.2555758822852));
#7617=CARTESIAN_POINT('Ctrl Pts',(-43.3574308714958,-22.5014455,-34.4575264579362));
#7618=CARTESIAN_POINT('Ctrl Pts',(-47.965589131732,-22.5014455,-30.5833855904462));
#7619=CARTESIAN_POINT('Ctrl Pts',(-49.3867722932671,-22.5014455,-26.3043246131167));
#7620=CARTESIAN_POINT('Ctrl Pts',(-49.389008851528,-22.5014455,-23.7290018356375));
#7621=CARTESIAN_POINT('Origin',(42.7997484063745,62.73,12.51));
#7622=CARTESIAN_POINT('',(42.7997484063745,62.73,22.51));
#7623=CARTESIAN_POINT('Origin',(42.7997484063745,62.73,12.51));
#7624=CARTESIAN_POINT('',(42.7997484063745,-32.5014455,22.51));
#7625=CARTESIAN_POINT('',(42.7997484063745,62.73,22.51));
#7626=CARTESIAN_POINT('',(51.4599999999999,-32.5014455,17.51));
#7627=CARTESIAN_POINT('Origin',(42.7997484063745,-32.5014455,12.51));
#7628=CARTESIAN_POINT('',(51.4599999999999,-57.27,17.51));
#7629=CARTESIAN_POINT('Origin',(1.46000122210936,2.72999863991047,22.51));
#7630=CARTESIAN_POINT('',(-39.8797459621557,-57.270002720179,22.51));
#7631=CARTESIAN_POINT('Origin',(1.46000122210936,2.72999863991047,22.51));
#7632=CARTESIAN_POINT('',(-39.8797459621557,-32.5014455,22.51));
#7633=CARTESIAN_POINT('',(-39.8797459621557,-57.270002720179,22.51));
#7634=CARTESIAN_POINT('',(1.45866267688335,-32.5014455,22.51));
#7635=CARTESIAN_POINT('Origin',(-39.8797459621557,-57.270002720179,12.51));
#7636=CARTESIAN_POINT('',(-48.5400000000001,62.73,17.51));
#7637=CARTESIAN_POINT('Origin',(-39.8797459621557,-57.270002720179,12.51));
#7638=CARTESIAN_POINT('',(-48.5400000000001,-32.5014455,17.51));
#7639=CARTESIAN_POINT('',(-48.5400000000001,62.73,17.51));
#7640=CARTESIAN_POINT('Origin',(-39.8797459621557,-32.5014455,12.51));
#7641=CARTESIAN_POINT('Origin',(-48.5400000000001,62.73,-22.49));
#7642=CARTESIAN_POINT('Origin',(-48.5400000000001,62.73,-22.49));
#7643=CARTESIAN_POINT('',(-48.5400000000001,-32.5014455,-22.49));
#7644=CARTESIAN_POINT('',(-48.5400000000001,32.73,-22.49));
#7645=CARTESIAN_POINT('',(-48.5400000000001,-32.5014455,-13.8842623587057));
#7646=CARTESIAN_POINT('Origin',(1.45732413165733,-37.77,-5.27852471741136));
#7647=CARTESIAN_POINT('',(-49.3890084405592,-37.77,-23.7290018352806));
#7648=CARTESIAN_POINT('',(-38.4197419261159,-37.77,-35.2555758822852));
#7649=CARTESIAN_POINT('Ctrl Pts',(-38.4197419261159,-37.77,-35.2555758822852));
#7650=CARTESIAN_POINT('Ctrl Pts',(-40.0682982772615,-37.77,-35.2555758822852));
#7651=CARTESIAN_POINT('Ctrl Pts',(-43.357362303483,-37.77,-34.4574841017241));
#7652=CARTESIAN_POINT('Ctrl Pts',(-47.9654380941085,-37.77,-30.5833368749326));
#7653=CARTESIAN_POINT('Ctrl Pts',(-49.3867722932671,-37.77,-26.3043246131167));
#7654=CARTESIAN_POINT('Ctrl Pts',(-49.389008851528,-37.77,-23.7290018356375));
#7655=CARTESIAN_POINT('',(41.3343819822362,-37.77,-35.2555758822852));
#7656=CARTESIAN_POINT('',(-18.4812088972293,-37.77,-35.2555758822852));
#7657=CARTESIAN_POINT('',(52.2936857393235,-37.77,-23.7292392265288));
#7658=CARTESIAN_POINT('Ctrl Pts',(52.2936857647788,-37.77,-23.7292392265093));
#7659=CARTESIAN_POINT('Ctrl Pts',(52.2936323588943,-37.77,-26.3036246804906));
#7660=CARTESIAN_POINT('Ctrl Pts',(50.8755576471868,-37.77,-30.5823999926687));
#7661=CARTESIAN_POINT('Ctrl Pts',(46.2703869066308,-37.77,-34.4572461296055));
#7662=CARTESIAN_POINT('Ctrl Pts',(42.9824104824807,-37.77,-35.2555758822852));
#7663=CARTESIAN_POINT('Ctrl Pts',(41.3343819822362,-37.77,-35.2555758822852));
#7664=CARTESIAN_POINT('',(52.3037150687923,-37.77,18.6766310968794));
#7665=CARTESIAN_POINT('',(52.2958661886136,-37.77,-14.5098940919026));
#7666=CARTESIAN_POINT('',(42.6669610544643,-37.77,24.6879880359764));
#7667=CARTESIAN_POINT('Ctrl Pts',(42.6669610544641,-37.77,24.6879880359764));
#7668=CARTESIAN_POINT('Ctrl Pts',(44.3541574745654,-37.77,24.6990783462895));
#7669=CARTESIAN_POINT('Ctrl Pts',(48.297905071957,-37.77,23.7433558306197));
#7670=CARTESIAN_POINT('Ctrl Pts',(51.2460436483049,-37.77,20.7433585728863));
#7671=CARTESIAN_POINT('Ctrl Pts',(52.3037150687924,-37.77,18.676631096879));
#7672=CARTESIAN_POINT('',(-39.7554957815892,-37.77,24.6985263622131));
#7673=CARTESIAN_POINT('',(22.0657765135204,-37.77,24.6906220511695));
#7674=CARTESIAN_POINT('',(-49.3890084405591,-37.77,18.6791625948205));
#7675=CARTESIAN_POINT('Ctrl Pts',(-49.3890084405592,-37.77,18.6791625948201));
#7676=CARTESIAN_POINT('Ctrl Pts',(-48.5894916356837,-37.77,20.2240516981004));
#7677=CARTESIAN_POINT('Ctrl Pts',(-45.9242503810994,-37.77,23.3838730279163));
#7678=CARTESIAN_POINT('Ctrl Pts',(-42.0030265513163,-37.77,24.6988137257956));
#7679=CARTESIAN_POINT('Ctrl Pts',(-39.7554957815892,-37.77,24.6985263622131));
#7680=CARTESIAN_POINT('',(-49.3890084405592,-37.77,6.57572345136629));
#7681=CARTESIAN_POINT('',(51.4599999999999,-37.77,-13.8842623587057));
#7682=CARTESIAN_POINT('Origin',(1.45732413165733,-32.5014455,-5.27852471741136));
#7683=CARTESIAN_POINT('',(-49.3890084405592,-32.5014455,-23.7290018352806));
#7684=CARTESIAN_POINT('',(-38.4197419261159,-32.5014455,-35.2555758822852));
#7685=CARTESIAN_POINT('Ctrl Pts',(-38.4197419261159,-32.5014455,-35.2555758822852));
#7686=CARTESIAN_POINT('Ctrl Pts',(-40.0682982772615,-32.5014455,-35.2555758822852));
#7687=CARTESIAN_POINT('Ctrl Pts',(-43.357362303483,-32.5014455,-34.4574841017241));
#7688=CARTESIAN_POINT('Ctrl Pts',(-47.9654380941085,-32.5014455,-30.5833368749326));
#7689=CARTESIAN_POINT('Ctrl Pts',(-49.3867722932671,-32.5014455,-26.3043246131167));
#7690=CARTESIAN_POINT('Ctrl Pts',(-49.389008851528,-32.5014455,-23.7290018356375));
#7691=CARTESIAN_POINT('',(-49.3890084405591,-32.5014455,18.6791625948205));
#7692=CARTESIAN_POINT('',(-49.3890084405592,-32.5014455,6.57572345136629));
#7693=CARTESIAN_POINT('',(-39.7554957815892,-32.5014455,24.6985263622131));
#7694=CARTESIAN_POINT('Ctrl Pts',(-49.3890084405592,-32.5014455,18.6791625948201));
#7695=CARTESIAN_POINT('Ctrl Pts',(-48.5894916356837,-32.5014455,20.2240516981004));
#7696=CARTESIAN_POINT('Ctrl Pts',(-45.9242503810994,-32.5014455,23.3838730279163));
#7697=CARTESIAN_POINT('Ctrl Pts',(-42.0030265513163,-32.5014455,24.6988137257956));
#7698=CARTESIAN_POINT('Ctrl Pts',(-39.7554957815892,-32.5014455,24.6985263622131));
#7699=CARTESIAN_POINT('',(42.6669610544643,-32.5014455,24.6879880359764));
#7700=CARTESIAN_POINT('',(22.0657765135204,-32.5014455,24.6906220511695));
#7701=CARTESIAN_POINT('',(52.3037150687923,-32.5014455,18.6766310968794));
#7702=CARTESIAN_POINT('Ctrl Pts',(42.6669610544641,-32.5014455,24.6879880359764));
#7703=CARTESIAN_POINT('Ctrl Pts',(44.3541574745654,-32.5014455,24.6990783462895));
#7704=CARTESIAN_POINT('Ctrl Pts',(48.297905071957,-32.5014455,23.7433558306197));
#7705=CARTESIAN_POINT('Ctrl Pts',(51.2460436483049,-32.5014455,20.7433585728863));
#7706=CARTESIAN_POINT('Ctrl Pts',(52.3037150687924,-32.5014455,18.676631096879));
#7707=CARTESIAN_POINT('',(52.2936857393235,-32.5014455,-23.7292392265288));
#7708=CARTESIAN_POINT('',(52.2958661886136,-32.5014455,-14.5098940919026));
#7709=CARTESIAN_POINT('',(41.3343819822362,-32.5014455,-35.2555758822852));
#7710=CARTESIAN_POINT('Ctrl Pts',(52.2936857647788,-32.5014455,-23.7292392265093));
#7711=CARTESIAN_POINT('Ctrl Pts',(52.2936323588943,-32.5014455,-26.3036246804906));
#7712=CARTESIAN_POINT('Ctrl Pts',(50.8755576471868,-32.5014455,-30.5823999926687));
#7713=CARTESIAN_POINT('Ctrl Pts',(46.2703869066308,-32.5014455,-34.4572461296055));
#7714=CARTESIAN_POINT('Ctrl Pts',(42.9824104824807,-32.5014455,-35.2555758822852));
#7715=CARTESIAN_POINT('Ctrl Pts',(41.3343819822362,-32.5014455,-35.2555758822852));
#7716=CARTESIAN_POINT('',(-18.4812088972293,-32.5014455,-35.2555758822852));
#7717=CARTESIAN_POINT('',(-38.5400000000001,-32.5014455,-32.49));
#7718=CARTESIAN_POINT('Origin',(-38.5400000000001,-32.5014455,-22.49));
#7719=CARTESIAN_POINT('',(41.4599999999999,-32.5014455,-32.49));
#7720=CARTESIAN_POINT('',(1.4586620658286,-32.5014455,-32.49));
#7721=CARTESIAN_POINT('',(51.4599999999999,-32.5014455,-22.49));
#7722=CARTESIAN_POINT('Origin',(41.4599999999999,-32.5014455,-22.49));
#7723=CARTESIAN_POINT('',(51.4599999999999,-32.5014455,-13.8842623587057));
#7724=CARTESIAN_POINT('Origin',(-49.3890084405592,-32.5014455,18.4299716201439));
#7725=CARTESIAN_POINT('',(-49.3890084405592,-32.5014455,-23.7290018352806));
#7726=CARTESIAN_POINT('Ctrl Pts',(-49.3890084405592,-32.5014455,18.6791625948201));
#7727=CARTESIAN_POINT('Ctrl Pts',(-49.3890084405592,-33.3795379166667,18.6791625948201));
#7728=CARTESIAN_POINT('Ctrl Pts',(-49.3890084405592,-34.2576303333334,18.6791625948201));
#7729=CARTESIAN_POINT('Ctrl Pts',(-49.3890084405592,-36.0138151666667,18.6791625948201));
#7730=CARTESIAN_POINT('Ctrl Pts',(-49.3890084405592,-36.8919075833334,18.6791625948201));
#7731=CARTESIAN_POINT('Ctrl Pts',(-49.3890084405592,-37.77,18.6791625948201));
#7732=CARTESIAN_POINT('Ctrl Pts',(-49.3890084405592,-37.77,18.6791625948201));
#7733=CARTESIAN_POINT('Ctrl Pts',(-48.5894916356837,-37.77,20.2240516981004));
#7734=CARTESIAN_POINT('Ctrl Pts',(-45.9242503810994,-37.77,23.3838730279163));
#7735=CARTESIAN_POINT('Ctrl Pts',(-42.0030265513163,-37.77,24.6988137257956));
#7736=CARTESIAN_POINT('Ctrl Pts',(-39.7554957815892,-37.77,24.6985263622131));
#7737=CARTESIAN_POINT('Ctrl Pts',(-49.3890084405592,-32.5014455,18.6791625948201));
#7738=CARTESIAN_POINT('Ctrl Pts',(-48.5894916356837,-32.5014455,20.2240516981004));
#7739=CARTESIAN_POINT('Ctrl Pts',(-45.9242503810994,-32.5014455,23.3838730279163));
#7740=CARTESIAN_POINT('Ctrl Pts',(-42.0030265513163,-32.5014455,24.6988137257956));
#7741=CARTESIAN_POINT('Ctrl Pts',(-39.7554957815892,-32.5014455,24.6985263622131));
#7742=CARTESIAN_POINT('',(-39.7554957815892,-32.5014455,24.6985263622131));
#7743=CARTESIAN_POINT('Origin',(42.6703967794706,-32.5014455,24.6879875966933));
#7744=CARTESIAN_POINT('Ctrl Pts',(42.6669610544643,-32.5014455,24.6879880359764));
#7745=CARTESIAN_POINT('Ctrl Pts',(42.6669610544643,-33.3596803205377,24.6879880359764));
#7746=CARTESIAN_POINT('Ctrl Pts',(42.6669610544643,-34.2179151410755,24.6879880359764));
#7747=CARTESIAN_POINT('Ctrl Pts',(42.6669610544643,-35.9542423782798,24.6879880359764));
#7748=CARTESIAN_POINT('Ctrl Pts',(42.6669610544643,-36.8323347949465,24.6879880359764));
#7749=CARTESIAN_POINT('Ctrl Pts',(42.6669610544643,-37.7302848077421,24.6879880359764));
#7750=CARTESIAN_POINT('Ctrl Pts',(42.6669610544643,-37.7501424038711,24.6879880359764));
#7751=CARTESIAN_POINT('Ctrl Pts',(42.6669610544643,-37.77,24.6879880359764));
#7752=CARTESIAN_POINT('Ctrl Pts',(42.6669610544641,-37.77,24.6879880359764));
#7753=CARTESIAN_POINT('Ctrl Pts',(44.3541574745654,-37.77,24.6990783462895));
#7754=CARTESIAN_POINT('Ctrl Pts',(48.297905071957,-37.77,23.7433558306197));
#7755=CARTESIAN_POINT('Ctrl Pts',(51.2460436483049,-37.77,20.7433585728863));
#7756=CARTESIAN_POINT('Ctrl Pts',(52.3037150687924,-37.77,18.676631096879));
#7757=CARTESIAN_POINT('Ctrl Pts',(42.6669610544641,-32.5014455,24.6879880359764));
#7758=CARTESIAN_POINT('Ctrl Pts',(44.3541574745654,-32.5014455,24.6990783462895));
#7759=CARTESIAN_POINT('Ctrl Pts',(48.297905071957,-32.5014455,23.7433558306197));
#7760=CARTESIAN_POINT('Ctrl Pts',(51.2460436483049,-32.5014455,20.7433585728863));
#7761=CARTESIAN_POINT('Ctrl Pts',(52.3037150687924,-32.5014455,18.676631096879));
#7762=CARTESIAN_POINT('Ctrl Pts',(52.3037150687924,-37.77,18.676631096879));
#7763=CARTESIAN_POINT('Ctrl Pts',(52.3037150687924,-36.8919075833334,18.676631096879));
#7764=CARTESIAN_POINT('Ctrl Pts',(52.3037150687924,-36.0138151666667,18.676631096879));
#7765=CARTESIAN_POINT('Ctrl Pts',(52.3037150687924,-34.2576303333334,18.676631096879));
#7766=CARTESIAN_POINT('Ctrl Pts',(52.3037150687924,-33.3795379166667,18.676631096879));
#7767=CARTESIAN_POINT('Ctrl Pts',(52.3037150687924,-32.5014455,18.676631096879));
#7768=CARTESIAN_POINT('Origin',(52.2936857393235,-32.5014455,-23.7292392265288));
#7769=CARTESIAN_POINT('',(52.2936857393235,-32.5014455,-23.7292392265288));
#7770=CARTESIAN_POINT('Ctrl Pts',(52.2936857672914,-37.77,-23.7290032700438));
#7771=CARTESIAN_POINT('Ctrl Pts',(52.2936843473379,-37.77,-26.303467812677));
#7772=CARTESIAN_POINT('Ctrl Pts',(50.8756179445592,-37.77,-30.5823492577332));
#7773=CARTESIAN_POINT('Ctrl Pts',(46.2703869066308,-37.77,-34.4572461296055));
#7774=CARTESIAN_POINT('Ctrl Pts',(42.9824104824807,-37.77,-35.2555758822852));
#7775=CARTESIAN_POINT('Ctrl Pts',(41.3343819822362,-37.77,-35.2555758822852));
#7776=CARTESIAN_POINT('Ctrl Pts',(52.2936857672914,-32.5014455,-23.7290032700438));
#7777=CARTESIAN_POINT('Ctrl Pts',(52.2936843473379,-32.5014455,-26.303467812677));
#7778=CARTESIAN_POINT('Ctrl Pts',(50.8756179445592,-32.5014455,-30.5823492577332));
#7779=CARTESIAN_POINT('Ctrl Pts',(46.2703869066308,-32.5014455,-34.4572461296055));
#7780=CARTESIAN_POINT('Ctrl Pts',(42.9824104824807,-32.5014455,-35.2555758822852));
#7781=CARTESIAN_POINT('Ctrl Pts',(41.3343819822362,-32.5014455,-35.2555758822852));
#7782=CARTESIAN_POINT('',(41.3343819822362,-32.5014455,-35.2555758822852));
#7783=CARTESIAN_POINT('Origin',(-38.4197419261159,-32.5014455,-35.2555758822852));
#7784=CARTESIAN_POINT('',(-38.4197419261159,-32.5014455,-35.2555758822852));
#7785=CARTESIAN_POINT('Ctrl Pts',(-38.4197419261159,-37.77,-35.2555758822852));
#7786=CARTESIAN_POINT('Ctrl Pts',(-40.0682982772615,-37.77,-35.2555758822852));
#7787=CARTESIAN_POINT('Ctrl Pts',(-43.357362303483,-37.77,-34.4574841017241));
#7788=CARTESIAN_POINT('Ctrl Pts',(-47.9654380941085,-37.77,-30.5833368749326));
#7789=CARTESIAN_POINT('Ctrl Pts',(-49.3867722932671,-37.77,-26.3043246131167));
#7790=CARTESIAN_POINT('Ctrl Pts',(-49.389008851528,-37.77,-23.7290018356375));
#7791=CARTESIAN_POINT('Ctrl Pts',(-38.4197419261159,-32.5014455,-35.2555758822852));
#7792=CARTESIAN_POINT('Ctrl Pts',(-40.0682982772615,-32.5014455,-35.2555758822852));
#7793=CARTESIAN_POINT('Ctrl Pts',(-43.357362303483,-32.5014455,-34.4574841017241));
#7794=CARTESIAN_POINT('Ctrl Pts',(-47.9654380941085,-32.5014455,-30.5833368749326));
#7795=CARTESIAN_POINT('Ctrl Pts',(-49.3867722932671,-32.5014455,-26.3043246131167));
#7796=CARTESIAN_POINT('Ctrl Pts',(-49.389008851528,-32.5014455,-23.7290018356375));
#7797=CARTESIAN_POINT('Origin',(-38.5400000000001,32.73,-22.49));
#7798=CARTESIAN_POINT('',(-38.5400000000001,32.73,-32.49));
#7799=CARTESIAN_POINT('Origin',(1.45999999999987,2.72999999999998,-32.49));
#7800=CARTESIAN_POINT('',(41.4599999999999,-27.27,-32.49));
#7801=CARTESIAN_POINT('Origin',(41.4599999999999,-27.27,-22.49));
#7802=CARTESIAN_POINT('',(51.4599999999999,-27.27,-22.49));
#7803=CARTESIAN_POINT('Origin',(51.4599999999999,-57.27,-22.49));
#7804=CARTESIAN_POINT('Origin',(51.4599999999999,-57.27,-22.49));
#7805=CARTESIAN_POINT('Origin',(1.46000122210936,2.72999863991047,17.51));
#7806=CARTESIAN_POINT('',(-41.2900000000001,53.73,17.51));
#7807=CARTESIAN_POINT('',(-41.2900000000001,52.73,17.51));
#7808=CARTESIAN_POINT('',(44.0599999999998,53.73,17.51));
#7809=CARTESIAN_POINT('',(-40.2900000000001,53.73,17.51));
#7810=CARTESIAN_POINT('',(44.0599999999998,-47.27,17.51));
#7811=CARTESIAN_POINT('',(51.4600024442188,62.73,17.51));
#7812=CARTESIAN_POINT('',(-48.5400000000001,-57.270002720179,17.51));
#7813=CARTESIAN_POINT('Origin',(-39.8797459621557,-57.270002720179,12.51));
#7814=CARTESIAN_POINT('',(-39.8797459621557,-57.270002720179,22.51));
#7815=CARTESIAN_POINT('Origin',(-39.8797459621557,60.23,12.51));
#7816=CARTESIAN_POINT('',(-45.4699159059052,62.73,17.51));
#7817=CARTESIAN_POINT('Ctrl Pts',(-48.5400000000001,60.23,17.51));
#7818=CARTESIAN_POINT('Ctrl Pts',(-48.5400000000001,60.5205584011863,17.51));
#7819=CARTESIAN_POINT('Ctrl Pts',(-48.4658114804531,60.8612443111494,17.51));
#7820=CARTESIAN_POINT('Ctrl Pts',(-48.2199277053821,61.4123407929687,17.51));
#7821=CARTESIAN_POINT('Ctrl Pts',(-47.9963994447225,61.7140416782513,17.51));
#7822=CARTESIAN_POINT('Ctrl Pts',(-47.5047783077583,62.1640305113922,17.51));
#7823=CARTESIAN_POINT('Ctrl Pts',(-47.1386445431624,62.3784104593736,17.51));
#7824=CARTESIAN_POINT('Ctrl Pts',(-46.4059957903368,62.6512806933048,17.51));
#7825=CARTESIAN_POINT('Ctrl Pts',(-45.8981635541099,62.73,17.51));
#7826=CARTESIAN_POINT('Ctrl Pts',(-45.4699159059052,62.73,17.51));
#7827=CARTESIAN_POINT('',(-39.8797459621557,62.73,20.01));
#7828=CARTESIAN_POINT('Origin',(-39.8797459621557,60.23,20.01));
#7829=CARTESIAN_POINT('Origin',(-39.8797459621557,62.73,12.51));
#7830=CARTESIAN_POINT('Origin',(26.4600018331641,60.23,20.01));
#7831=CARTESIAN_POINT('',(42.7997484063745,62.73,20.01));
#7832=CARTESIAN_POINT('Origin',(42.7997484063745,60.23,20.01));
#7833=CARTESIAN_POINT('',(26.4600018331641,62.73,20.01));
#7834=CARTESIAN_POINT('Origin',(42.7997484063745,60.23,12.51));
#7835=CARTESIAN_POINT('',(48.3899183501239,62.73,17.51));
#7836=CARTESIAN_POINT('Ctrl Pts',(48.3899183501239,62.73,17.51));
#7837=CARTESIAN_POINT('Ctrl Pts',(48.8181659983287,62.73,17.51));
#7838=CARTESIAN_POINT('Ctrl Pts',(49.3259982345555,62.6512806933048,17.51));
#7839=CARTESIAN_POINT('Ctrl Pts',(50.0586469873812,62.3784104593736,17.51));
#7840=CARTESIAN_POINT('Ctrl Pts',(50.4247807519771,62.1640305113922,17.51));
#7841=CARTESIAN_POINT('Ctrl Pts',(50.9164018889412,61.7140416782513,17.51));
#7842=CARTESIAN_POINT('Ctrl Pts',(51.1399301496008,61.4123407929687,17.51));
#7843=CARTESIAN_POINT('Ctrl Pts',(51.3858139246718,60.8612443111494,17.51));
#7844=CARTESIAN_POINT('Ctrl Pts',(51.4600024442188,60.5205584011863,17.51));
#7845=CARTESIAN_POINT('Ctrl Pts',(51.4600024442188,60.23,17.51));
#7846=CARTESIAN_POINT('Origin',(42.7997484063745,62.73,12.51));
#7847=CARTESIAN_POINT('Origin',(42.7997484063745,62.73,12.51));
#7848=CARTESIAN_POINT('',(42.7997484063745,62.73,22.51));
#7849=CARTESIAN_POINT('Origin',(1.46000122210936,2.72999863991047,22.51));
#7850=CARTESIAN_POINT('Origin',(1.45999999999988,7.71500052861868,17.51));
#7851=CARTESIAN_POINT('',(48.9599999999999,62.73,17.51));
#7852=CARTESIAN_POINT('Origin',(48.9599999999999,60.23,17.51));
#7853=CARTESIAN_POINT('',(51.4599999999999,62.73,17.51));
#7854=CARTESIAN_POINT('Origin',(1.45999999999988,7.71500052861868,17.51));
#7855=CARTESIAN_POINT('',(-46.0400000000001,62.73,17.51));
#7856=CARTESIAN_POINT('',(51.4599999999999,62.73,17.51));
#7857=CARTESIAN_POINT('Origin',(-46.0400000000001,60.23,17.51));
#7858=CARTESIAN_POINT('Origin',(-40.2900000000001,53.73,-22.49));
#7859=CARTESIAN_POINT('',(44.0599999999998,53.73,-22.49));
#7860=CARTESIAN_POINT('',(44.0599999999998,53.73,-22.49));
#7861=CARTESIAN_POINT('',(-41.2900000000001,53.73,-22.49));
#7862=CARTESIAN_POINT('',(-41.2900000000001,53.73,-22.49));
#7863=CARTESIAN_POINT('',(-40.2900000000001,53.73,-22.49));
#7864=CARTESIAN_POINT('',(-5.49187079578567,53.73,1.595));
#7865=CARTESIAN_POINT('',(-5.49187079578567,53.73,12.5000001862645));
#7866=CARTESIAN_POINT('',(-5.49187079578567,53.73,-10.4475));
#7867=CARTESIAN_POINT('',(7.50000011175872,53.73,12.5000001862645));
#7868=CARTESIAN_POINT('',(-22.8909353978929,53.73,12.5000001862645));
#7869=CARTESIAN_POINT('',(7.50000011175872,53.73,1.595));
#7870=CARTESIAN_POINT('',(7.50000011175872,53.73,-4.99499990686774));
#7871=CARTESIAN_POINT('',(-16.3949999441207,53.73,1.595));
#7872=CARTESIAN_POINT('Origin',(-41.2900000000001,-47.27,-22.49));
#7873=CARTESIAN_POINT('',(-41.2900000000001,-47.27,-22.49));
#7874=CARTESIAN_POINT('Origin',(44.0599999999998,52.73,-22.49));
#7875=CARTESIAN_POINT('',(44.0599999999998,52.73,-22.49));
#7876=CARTESIAN_POINT('Origin',(7.50000011175872,52.31,1.595));
#7877=CARTESIAN_POINT('',(-5.49187079578566,62.73,1.595));
#7878=CARTESIAN_POINT('',(7.50000011175872,62.73,1.595));
#7879=CARTESIAN_POINT('',(29.4800000558793,62.73,1.595));
#7880=CARTESIAN_POINT('',(-5.49187079578567,52.31,1.595));
#7881=CARTESIAN_POINT('',(7.50000011175872,52.31,1.595));
#7882=CARTESIAN_POINT('Origin',(-5.49187079578567,52.31,1.595));
#7883=CARTESIAN_POINT('',(-5.49187079578566,62.73,12.5000001862645));
#7884=CARTESIAN_POINT('',(-5.49187079578567,62.73,-10.4475));
#7885=CARTESIAN_POINT('',(-5.49187079578567,52.31,12.5000001862645));
#7886=CARTESIAN_POINT('Origin',(-5.49187079578567,52.31,12.5000001862645));
#7887=CARTESIAN_POINT('',(7.50000011175872,62.73,12.5000001862645));
#7888=CARTESIAN_POINT('',(22.9840646021071,62.73,12.5000001862645));
#7889=CARTESIAN_POINT('',(7.50000011175872,52.31,12.5000001862645));
#7890=CARTESIAN_POINT('Origin',(7.50000011175872,52.31,12.5000001862645));
#7891=CARTESIAN_POINT('',(7.50000011175872,62.73,-4.99499990686774));
#7892=CARTESIAN_POINT('Origin',(-46.0400000000001,60.23,-22.49));
#7893=CARTESIAN_POINT('',(-46.0400000000001,62.73,-22.49));
#7894=CARTESIAN_POINT('',(-46.0400000000001,62.73,-22.49));
#7895=CARTESIAN_POINT('Origin',(-46.0400000000001,60.23,-22.49));
#7896=CARTESIAN_POINT('Origin',(51.4599999999999,62.73,-22.49));
#7897=CARTESIAN_POINT('',(48.9599999999999,62.73,-22.49));
#7898=CARTESIAN_POINT('',(48.9599999999999,62.73,-22.49));
#7899=CARTESIAN_POINT('',(41.4599999999999,62.73,-29.99));
#7900=CARTESIAN_POINT('Origin',(41.4599999999999,62.73,-22.49));
#7901=CARTESIAN_POINT('',(-38.5400000000001,62.73,-29.99));
#7902=CARTESIAN_POINT('',(26.4599999999999,62.73,-29.99));
#7903=CARTESIAN_POINT('Origin',(-38.5400000000001,62.73,-22.49));
#7904=CARTESIAN_POINT('Origin',(48.9599999999999,60.23,-22.49));
#7905=CARTESIAN_POINT('Origin',(48.9599999999999,60.23,-22.49));
#7906=CARTESIAN_POINT('Origin',(1.45999999999987,2.72999999999998,-22.49));
#7907=CARTESIAN_POINT('Origin',(-38.5400000000001,60.23,-22.49));
#7908=CARTESIAN_POINT('Origin',(-38.5400000000001,60.23,-29.99));
#7909=CARTESIAN_POINT('Origin',(26.4599999999999,60.23,-29.99));
#7910=CARTESIAN_POINT('Origin',(41.4599999999999,60.23,-29.99));
#7911=CARTESIAN_POINT('Origin',(41.4599999999999,60.23,-22.49));
#7912=UNCERTAINTY_MEASURE_WITH_UNIT(LENGTH_MEASURE(0.01),#7916,
'DISTANCE_ACCURACY_VALUE',
'Maximum model space distance between geometric entities at asserted c
onnectivities');
#7913=UNCERTAINTY_MEASURE_WITH_UNIT(LENGTH_MEASURE(0.01),#7916,
'DISTANCE_ACCURACY_VALUE',
'Maximum model space distance between geometric entities at asserted c
onnectivities');
#7914=(
GEOMETRIC_REPRESENTATION_CONTEXT(3)
GLOBAL_UNCERTAINTY_ASSIGNED_CONTEXT((#7912))
GLOBAL_UNIT_ASSIGNED_CONTEXT((#7916,#7917,#7918))
REPRESENTATION_CONTEXT('','3D')
);
#7915=(
GEOMETRIC_REPRESENTATION_CONTEXT(3)
GLOBAL_UNCERTAINTY_ASSIGNED_CONTEXT((#7913))
GLOBAL_UNIT_ASSIGNED_CONTEXT((#7916,#7917,#7918))
REPRESENTATION_CONTEXT('','3D')
);
#7916=(
LENGTH_UNIT()
NAMED_UNIT(*)
SI_UNIT(.MILLI.,.METRE.)
);
#7917=(
NAMED_UNIT(*)
PLANE_ANGLE_UNIT()
SI_UNIT($,.RADIAN.)
);
#7918=(
NAMED_UNIT(*)
SI_UNIT($,.STERADIAN.)
SOLID_ANGLE_UNIT()
);
#7919=SHAPE_DEFINITION_REPRESENTATION(#7920,#7921);
#7920=PRODUCT_DEFINITION_SHAPE('',$,#7923);
#7921=SHAPE_REPRESENTATION('',(#4270),#7914);
#7922=PRODUCT_DEFINITION_CONTEXT('part definition',#7927,'design');
#7923=PRODUCT_DEFINITION('Weather_Station 1','Weather_Station v5',#7924,
#7922);
#7924=PRODUCT_DEFINITION_FORMATION('',$,#7929);
#7925=PRODUCT_RELATED_PRODUCT_CATEGORY('Weather_Station v5',
'Weather_Station v5',(#7929));
#7926=APPLICATION_PROTOCOL_DEFINITION('international standard',
'automotive_design',2009,#7927);
#7927=APPLICATION_CONTEXT(
'Core Data for Automotive Mechanical Design Process');
#7928=PRODUCT_CONTEXT('part definition',#7927,'mechanical');
#7929=PRODUCT('Weather_Station 1','Weather_Station v5',
'KiCad electronic assembly',(#7928));
#7930=PRESENTATION_STYLE_ASSIGNMENT((#7932));
#7931=PRESENTATION_STYLE_ASSIGNMENT((#7933));
#7932=SURFACE_STYLE_USAGE(.BOTH.,#7934);
#7933=SURFACE_STYLE_USAGE(.BOTH.,#7935);
#7934=SURFACE_SIDE_STYLE('',(#7936));
#7935=SURFACE_SIDE_STYLE('',(#7937));
#7936=SURFACE_STYLE_FILL_AREA(#7938);
#7937=SURFACE_STYLE_FILL_AREA(#7939);
#7938=FILL_AREA_STYLE('Steel - Satin',(#7940));
#7939=FILL_AREA_STYLE('Paint - Metallic (Green)',(#7941));
#7940=FILL_AREA_STYLE_COLOUR('Steel - Satin',#7942);
#7941=FILL_AREA_STYLE_COLOUR('Paint - Metallic (Green)',#7943);
#7942=COLOUR_RGB('Steel - Satin',0.627450980392157,0.627450980392157,0.627450980392157);
#7943=COLOUR_RGB('Paint - Metallic (Green)',0.266666666666667,0.588235294117647,
0.282352941176471);
ENDSEC;
END-ISO-10303-21;
